Session_ID,User_ID,Product_ID,Product_Name,Category,Interaction_Type,Interaction_Score,Timestamp
SES-10002,USR-100,PROD-101,Wireless Noise-Canceling Headphones,Electronics > Audio > Headphones,add_to_cart,3,2026-01-06 18:47:00
SES-10004,USR-100,PROD-108,USB-C Multi-Port Hub,Computers > Accessories > Hubs,add_to_cart,3,2026-01-24 02:19:00
SES-10014,USR-100,PROD-108,USB-C Multi-Port Hub,Computers > Accessories > Hubs,purchase,5,2026-01-28 23:31:00
SES-10007,USR-100,PROD-103,Studio Wired Headphones,Electronics > Audio > Headphones,view,1,2026-02-04 23:32:00
SES-10010,USR-100,PROD-112,Organic Green Tea Bags,Grocery > Beverages > Tea,view,1,2026-02-23 09:15:00
SES-10008,USR-100,PROD-108,USB-C Multi-Port Hub,Computers > Accessories > Hubs,purchase,5,2026-03-05 11:38:00
SES-10010,USR-100,PROD-101,Wireless Noise-Canceling Headphones,Electronics > Audio > Headphones,purchase,5,2026-03-11 08:20:00
SES-10004,USR-100,PROD-106,Ergonomic Mechanical Keyboard,Computers > Accessories > Keyboards,purchase,5,2026-03-29 09:43:00
SES-10014,USR-100,PROD-102,Bluetooth Sports Earbuds,Electronics > Audio > Headphones,purchase,5,2026-04-01 19:23:00
SES-10002,USR-100,PROD-101,Wireless Noise-Canceling Headphones,Electronics > Audio > Headphones,purchase,5,2026-04-17 03:18:00
SES-10002,USR-100,PROD-114,Moisture-Wicking Sports Tee,Apparel > Clothing > Activewear,add_to_cart,3,2026-04-28 21:40:00
SES-10004,USR-100,PROD-101,Wireless Noise-Canceling Headphones,Electronics > Audio > Headphones,add_to_cart,3,2026-05-13 23:12:00
SES-10015,USR-100,PROD-103,Studio Wired Headphones,Electronics > Audio > Headphones,view,1,2026-05-21 19:55:00
SES-10005,USR-100,PROD-102,Bluetooth Sports Earbuds,Electronics > Audio > Headphones,view,1,2026-06-20 03:12:00
SES-10017,USR-100,PROD-103,Studio Wired Headphones,Electronics > Audio > Headphones,view,1,2026-06-29 03:37:00
SES-10038,USR-101,PROD-102,Bluetooth Sports Earbuds,Electronics > Audio > Headphones,purchase,5,2026-01-14 15:46:00
SES-10035,USR-101,PROD-108,USB-C Multi-Port Hub,Computers > Accessories > Hubs,view,1,2026-01-17 14:44:00
SES-10037,USR-101,PROD-108,USB-C Multi-Port Hub,Computers > Accessories > Hubs,purchase,5,2026-01-19 12:54:00
SES-10022,USR-101,PROD-102,Bluetooth Sports Earbuds,Electronics > Audio > Headphones,view,1,2026-01-25 10:47:00
SES-10032,USR-101,PROD-108,USB-C Multi-Port Hub,Computers > Accessories > Hubs,purchase,5,2026-01-26 12:06:00
SES-10030,USR-101,PROD-107,Wireless Vertical Mouse,Computers > Accessories > Mice,purchase,5,2026-02-27 22:56:00
SES-10023,USR-101,PROD-103,Studio Wired Headphones,Electronics > Audio > Headphones,purchase,5,2026-03-06 17:09:00
SES-10037,USR-101,PROD-102,Bluetooth Sports Earbuds,Electronics > Audio > Headphones,purchase,5,2026-03-22 04:41:00
SES-10031,USR-101,PROD-102,Bluetooth Sports Earbuds,Electronics > Audio > Headphones,purchase,5,2026-03-24 18:07:00
SES-10039,USR-101,PROD-101,Wireless Noise-Canceling Headphones,Electronics > Audio > Headphones,purchase,5,2026-03-27 15:56:00
SES-10021,USR-101,PROD-101,Wireless Noise-Canceling Headphones,Electronics > Audio > Headphones,view,1,2026-03-31 09:40:00
SES-10030,USR-101,PROD-111,Stainless Steel Travel Mug,Grocery > Drinkware > Mugs,purchase,5,2026-04-10 07:47:00
SES-10030,USR-101,PROD-108,USB-C Multi-Port Hub,Computers > Accessories > Hubs,view,1,2026-04-17 18:07:00
SES-10026,USR-101,PROD-102,Bluetooth Sports Earbuds,Electronics > Audio > Headphones,purchase,5,2026-04-19 03:32:00
SES-10030,USR-101,PROD-108,USB-C Multi-Port Hub,Computers > Accessories > Hubs,purchase,5,2026-04-26 17:19:00
SES-10026,USR-101,PROD-102,Bluetooth Sports Earbuds,Electronics > Audio > Headphones,purchase,5,2026-05-02 12:30:00
SES-10037,USR-101,PROD-107,Wireless Vertical Mouse,Computers > Accessories > Mice,purchase,5,2026-05-03 17:57:00
SES-10027,USR-101,PROD-102,Bluetooth Sports Earbuds,Electronics > Audio > Headphones,purchase,5,2026-05-15 19:02:00
SES-10020,USR-101,PROD-103,Studio Wired Headphones,Electronics > Audio > Headphones,purchase,5,2026-05-26 19:13:00
SES-10038,USR-101,PROD-108,USB-C Multi-Port Hub,Computers > Accessories > Hubs,purchase,5,2026-06-05 19:32:00
SES-10031,USR-101,PROD-101,Wireless Noise-Canceling Headphones,Electronics > Audio > Headphones,purchase,5,2026-06-14 23:49:00
SES-10059,USR-102,PROD-111,Stainless Steel Travel Mug,Grocery > Drinkware > Mugs,view,1,2026-01-02 18:42:00
SES-10058,USR-102,PROD-109,Premium Arabica Coffee Beans,Grocery > Beverages > Coffee,add_to_cart,3,2026-01-11 03:18:00
SES-10041,USR-102,PROD-114,Moisture-Wicking Sports Tee,Apparel > Clothing > Activewear,view,1,2026-01-24 10:41:00
SES-10054,USR-102,PROD-109,Premium Arabica Coffee Beans,Grocery > Beverages > Coffee,purchase,5,2026-01-26 23:26:00
SES-10043,USR-102,PROD-110,Electric Pour-Over Kettle,Grocery > Appliances > Coffee,view,1,2026-02-11 00:00:00
SES-10044,USR-102,PROD-109,Premium Arabica Coffee Beans,Grocery > Beverages > Coffee,view,1,2026-02-23 01:43:00
SES-10046,USR-102,PROD-111,Stainless Steel Travel Mug,Grocery > Drinkware > Mugs,view,1,2026-02-26 00:40:00
SES-10056,USR-102,PROD-111,Stainless Steel Travel Mug,Grocery > Drinkware > Mugs,view,1,2026-03-08 05:41:00
SES-10043,USR-102,PROD-109,Premium Arabica Coffee Beans,Grocery > Beverages > Coffee,view,1,2026-03-10 19:59:00
SES-10057,USR-102,PROD-109,Premium Arabica Coffee Beans,Grocery > Beverages > Coffee,view,1,2026-03-16 15:01:00
SES-10059,USR-102,PROD-105,OLED Gaming Monitor,Electronics > Video > Monitors,view,1,2026-03-19 00:24:00
SES-10056,USR-102,PROD-111,Stainless Steel Travel Mug,Grocery > Drinkware > Mugs,add_to_cart,3,2026-04-14 21:23:00
SES-10051,USR-102,PROD-112,Organic Green Tea Bags,Grocery > Beverages > Tea,view,1,2026-05-03 14:10:00
SES-10049,USR-102,PROD-109,Premium Arabica Coffee Beans,Grocery > Beverages > Coffee,purchase,5,2026-05-06 23:40:00
SES-10059,USR-102,PROD-101,Wireless Noise-Canceling Headphones,Electronics > Audio > Headphones,add_to_cart,3,2026-05-27 21:30:00
SES-10053,USR-102,PROD-112,Organic Green Tea Bags,Grocery > Beverages > Tea,purchase,5,2026-06-08 03:27:00
SES-10052,USR-102,PROD-111,Stainless Steel Travel Mug,Grocery > Drinkware > Mugs,purchase,5,2026-06-13 06:35:00
SES-10050,USR-102,PROD-109,Premium Arabica Coffee Beans,Grocery > Beverages > Coffee,view,1,2026-06-14 18:32:00
SES-10043,USR-102,PROD-107,Wireless Vertical Mouse,Computers > Accessories > Mice,purchase,5,2026-06-14 20:05:00
SES-10054,USR-102,PROD-110,Electric Pour-Over Kettle,Grocery > Appliances > Coffee,purchase,5,2026-06-16 22:52:00
SES-10049,USR-102,PROD-111,Stainless Steel Travel Mug,Grocery > Drinkware > Mugs,purchase,5,2026-06-23 01:19:00
SES-10070,USR-103,PROD-106,Ergonomic Mechanical Keyboard,Computers > Accessories > Keyboards,view,1,2026-01-02 07:52:00
SES-10077,USR-103,PROD-106,Ergonomic Mechanical Keyboard,Computers > Accessories > Keyboards,purchase,5,2026-01-05 17:08:00
SES-10079,USR-103,PROD-108,USB-C Multi-Port Hub,Computers > Accessories > Hubs,purchase,5,2026-01-25 20:04:00
SES-10069,USR-103,PROD-107,Wireless Vertical Mouse,Computers > Accessories > Mice,add_to_cart,3,2026-01-27 05:06:00
SES-10070,USR-103,PROD-105,OLED Gaming Monitor,Electronics > Video > Monitors,purchase,5,2026-01-30 20:20:00
SES-10068,USR-103,PROD-103,Studio Wired Headphones,Electronics > Audio > Headphones,add_to_cart,3,2026-02-05 12:47:00
SES-10067,USR-103,PROD-107,Wireless Vertical Mouse,Computers > Accessories > Mice,add_to_cart,3,2026-02-13 22:27:00
SES-10078,USR-103,PROD-105,OLED Gaming Monitor,Electronics > Video > Monitors,view,1,2026-02-14 09:03:00
SES-10067,USR-103,PROD-102,Bluetooth Sports Earbuds,Electronics > Audio > Headphones,add_to_cart,3,2026-02-14 13:41:00
SES-10064,USR-103,PROD-107,Wireless Vertical Mouse,Computers > Accessories > Mice,purchase,5,2026-02-18 06:44:00
SES-10067,USR-103,PROD-106,Ergonomic Mechanical Keyboard,Computers > Accessories > Keyboards,purchase,5,2026-02-18 13:57:00
SES-10065,USR-103,PROD-106,Ergonomic Mechanical Keyboard,Computers > Accessories > Keyboards,add_to_cart,3,2026-03-10 16:54:00
SES-10074,USR-103,PROD-105,OLED Gaming Monitor,Electronics > Video > Monitors,view,1,2026-03-11 14:27:00
SES-10067,USR-103,PROD-104,4K Ultra HD Smart TV,Electronics > Video > Televisions,view,1,2026-03-24 00:23:00
SES-10063,USR-103,PROD-104,4K Ultra HD Smart TV,Electronics > Video > Televisions,view,1,2026-03-28 02:54:00
SES-10068,USR-103,PROD-106,Ergonomic Mechanical Keyboard,Computers > Accessories > Keyboards,purchase,5,2026-03-31 15:46:00
SES-10079,USR-103,PROD-104,4K Ultra HD Smart TV,Electronics > Video > Televisions,view,1,2026-04-01 06:41:00
SES-10065,USR-103,PROD-104,4K Ultra HD Smart TV,Electronics > Video > Televisions,view,1,2026-04-06 20:57:00
SES-10074,USR-103,PROD-104,4K Ultra HD Smart TV,Electronics > Video > Televisions,view,1,2026-04-07 23:35:00
SES-10064,USR-103,PROD-105,OLED Gaming Monitor,Electronics > Video > Monitors,view,1,2026-04-13 12:42:00
SES-10071,USR-103,PROD-106,Ergonomic Mechanical Keyboard,Computers > Accessories > Keyboards,add_to_cart,3,2026-04-16 11:36:00
SES-10078,USR-103,PROD-104,4K Ultra HD Smart TV,Electronics > Video > Televisions,view,1,2026-04-18 23:06:00
SES-10060,USR-103,PROD-106,Ergonomic Mechanical Keyboard,Computers > Accessories > Keyboards,purchase,5,2026-05-06 17:20:00
SES-10064,USR-103,PROD-106,Ergonomic Mechanical Keyboard,Computers > Accessories > Keyboards,purchase,5,2026-05-09 10:58:00
SES-10063,USR-103,PROD-108,USB-C Multi-Port Hub,Computers > Accessories > Hubs,view,1,2026-05-14 22:28:00
SES-10060,USR-103,PROD-107,Wireless Vertical Mouse,Computers > Accessories > Mice,purchase,5,2026-05-17 07:26:00
SES-10076,USR-103,PROD-109,Premium Arabica Coffee Beans,Grocery > Beverages > Coffee,view,1,2026-05-19 11:57:00
SES-10067,USR-103,PROD-105,OLED Gaming Monitor,Electronics > Video > Monitors,view,1,2026-05-29 07:35:00
SES-10067,USR-103,PROD-107,Wireless Vertical Mouse,Computers > Accessories > Mice,purchase,5,2026-05-29 20:03:00
SES-10080,USR-104,PROD-103,Studio Wired Headphones,Electronics > Audio > Headphones,add_to_cart,3,2026-01-02 00:19:00
SES-10090,USR-104,PROD-105,OLED Gaming Monitor,Electronics > Video > Monitors,purchase,5,2026-01-11 02:10:00
SES-10092,USR-104,PROD-106,Ergonomic Mechanical Keyboard,Computers > Accessories > Keyboards,view,1,2026-01-26 10:36:00
SES-10082,USR-104,PROD-105,OLED Gaming Monitor,Electronics > Video > Monitors,purchase,5,2026-02-05 23:19:00
SES-10080,USR-104,PROD-106,Ergonomic Mechanical Keyboard,Computers > Accessories > Keyboards,view,1,2026-02-26 07:19:00
SES-10094,USR-104,PROD-105,OLED Gaming Monitor,Electronics > Video > Monitors,purchase,5,2026-03-02 10:42:00
SES-10092,USR-104,PROD-114,Moisture-Wicking Sports Tee,Apparel > Clothing > Activewear,purchase,5,2026-03-11 17:24:00
SES-10087,USR-104,PROD-107,Wireless Vertical Mouse,Computers > Accessories > Mice,view,1,2026-03-25 23:29:00
SES-10095,USR-104,PROD-107,Wireless Vertical Mouse,Computers > Accessories > Mice,add_to_cart,3,2026-04-04 17:16:00
SES-10082,USR-104,PROD-104,4K Ultra HD Smart TV,Electronics > Video > Televisions,purchase,5,2026-04-11 10:45:00
SES-10094,USR-104,PROD-105,OLED Gaming Monitor,Electronics > Video > Monitors,view,1,2026-04-20 06:54:00
SES-10096,USR-104,PROD-107,Wireless Vertical Mouse,Computers > Accessories > Mice,add_to_cart,3,2026-04-21 11:13:00
SES-10092,USR-104,PROD-106,Ergonomic Mechanical Keyboard,Computers > Accessories > Keyboards,purchase,5,2026-04-30 05:44:00
SES-10098,USR-104,PROD-101,Wireless Noise-Canceling Headphones,Electronics > Audio > Headphones,add_to_cart,3,2026-05-03 18:12:00
SES-10097,USR-104,PROD-106,Ergonomic Mechanical Keyboard,Computers > Accessories > Keyboards,add_to_cart,3,2026-06-03 08:00:00
SES-10088,USR-104,PROD-105,OLED Gaming Monitor,Electronics > Video > Monitors,view,1,2026-06-03 21:40:00
SES-10097,USR-104,PROD-105,OLED Gaming Monitor,Electronics > Video > Monitors,purchase,5,2026-06-05 18:00:00
SES-10081,USR-104,PROD-104,4K Ultra HD Smart TV,Electronics > Video > Televisions,view,1,2026-06-06 08:38:00
SES-10088,USR-104,PROD-111,Stainless Steel Travel Mug,Grocery > Drinkware > Mugs,purchase,5,2026-06-14 03:00:00
SES-10099,USR-104,PROD-106,Ergonomic Mechanical Keyboard,Computers > Accessories > Keyboards,add_to_cart,3,2026-06-18 01:20:00
SES-10084,USR-104,PROD-107,Wireless Vertical Mouse,Computers > Accessories > Mice,purchase,5,2026-06-24 01:28:00
SES-10118,USR-105,PROD-113,Running Shoes Ultra Light,Apparel > Footwear > Shoes,view,1,2026-01-02 12:00:00
SES-10110,USR-105,PROD-106,Ergonomic Mechanical Keyboard,Computers > Accessories > Keyboards,view,1,2026-01-24 04:41:00
SES-10117,USR-105,PROD-107,Wireless Vertical Mouse,Computers > Accessories > Mice,purchase,5,2026-01-31 03:36:00
SES-10118,USR-105,PROD-105,OLED Gaming Monitor,Electronics > Video > Monitors,add_to_cart,3,2026-02-04 21:29:00
SES-10119,USR-105,PROD-103,Studio Wired Headphones,Electronics > Audio > Headphones,view,1,2026-02-17 23:33:00
SES-10110,USR-105,PROD-104,4K Ultra HD Smart TV,Electronics > Video > Televisions,purchase,5,2026-02-21 04:27:00
SES-10106,USR-105,PROD-106,Ergonomic Mechanical Keyboard,Computers > Accessories > Keyboards,purchase,5,2026-03-04 09:08:00
SES-10103,USR-105,PROD-104,4K Ultra HD Smart TV,Electronics > Video > Televisions,view,1,2026-03-09 15:35:00
SES-10118,USR-105,PROD-108,USB-C Multi-Port Hub,Computers > Accessories > Hubs,view,1,2026-03-19 14:25:00
SES-10100,USR-105,PROD-108,USB-C Multi-Port Hub,Computers > Accessories > Hubs,purchase,5,2026-04-07 19:28:00
SES-10116,USR-105,PROD-105,OLED Gaming Monitor,Electronics > Video > Monitors,view,1,2026-04-08 01:29:00
SES-10112,USR-105,PROD-104,4K Ultra HD Smart TV,Electronics > Video > Televisions,purchase,5,2026-04-08 23:33:00
SES-10107,USR-105,PROD-106,Ergonomic Mechanical Keyboard,Computers > Accessories > Keyboards,view,1,2026-04-09 06:56:00
SES-10111,USR-105,PROD-108,USB-C Multi-Port Hub,Computers > Accessories > Hubs,view,1,2026-04-28 05:22:00
SES-10103,USR-105,PROD-104,4K Ultra HD Smart TV,Electronics > Video > Televisions,add_to_cart,3,2026-05-30 02:43:00
SES-10105,USR-105,PROD-108,USB-C Multi-Port Hub,Computers > Accessories > Hubs,add_to_cart,3,2026-05-31 11:53:00
SES-10102,USR-105,PROD-108,USB-C Multi-Port Hub,Computers > Accessories > Hubs,purchase,5,2026-06-06 11:15:00
SES-10109,USR-105,PROD-106,Ergonomic Mechanical Keyboard,Computers > Accessories > Keyboards,purchase,5,2026-06-09 15:22:00
SES-10124,USR-106,PROD-108,USB-C Multi-Port Hub,Computers > Accessories > Hubs,purchase,5,2026-01-10 01:23:00
SES-10132,USR-106,PROD-108,USB-C Multi-Port Hub,Computers > Accessories > Hubs,add_to_cart,3,2026-01-11 08:08:00
SES-10138,USR-106,PROD-103,Studio Wired Headphones,Electronics > Audio > Headphones,add_to_cart,3,2026-01-14 19:55:00
SES-10130,USR-106,PROD-103,Studio Wired Headphones,Electronics > Audio > Headphones,view,1,2026-01-30 17:12:00
SES-10123,USR-106,PROD-107,Wireless Vertical Mouse,Computers > Accessories > Mice,view,1,2026-02-28 00:54:00
SES-10133,USR-106,PROD-103,Studio Wired Headphones,Electronics > Audio > Headphones,purchase,5,2026-03-05 09:06:00
SES-10129,USR-106,PROD-108,USB-C Multi-Port Hub,Computers > Accessories > Hubs,purchase,5,2026-03-09 12:18:00
SES-10132,USR-106,PROD-103,Studio Wired Headphones,Electronics > Audio > Headphones,view,1,2026-03-10 06:11:00
SES-10123,USR-106,PROD-102,Bluetooth Sports Earbuds,Electronics > Audio > Headphones,view,1,2026-03-10 09:13:00
SES-10127,USR-106,PROD-101,Wireless Noise-Canceling Headphones,Electronics > Audio > Headphones,purchase,5,2026-04-02 10:42:00
SES-10127,USR-106,PROD-108,USB-C Multi-Port Hub,Computers > Accessories > Hubs,purchase,5,2026-04-05 11:45:00
SES-10125,USR-106,PROD-108,USB-C Multi-Port Hub,Computers > Accessories > Hubs,view,1,2026-04-13 05:52:00
SES-10126,USR-106,PROD-108,USB-C Multi-Port Hub,Computers > Accessories > Hubs,view,1,2026-04-14 16:04:00
SES-10124,USR-106,PROD-106,Ergonomic Mechanical Keyboard,Computers > Accessories > Keyboards,purchase,5,2026-04-16 03:52:00
SES-10126,USR-106,PROD-101,Wireless Noise-Canceling Headphones,Electronics > Audio > Headphones,add_to_cart,3,2026-04-17 14:07:00
SES-10129,USR-106,PROD-101,Wireless Noise-Canceling Headphones,Electronics > Audio > Headphones,view,1,2026-04-23 03:43:00
SES-10127,USR-106,PROD-102,Bluetooth Sports Earbuds,Electronics > Audio > Headphones,purchase,5,2026-04-23 22:06:00
SES-10136,USR-106,PROD-104,4K Ultra HD Smart TV,Electronics > Video > Televisions,view,1,2026-04-25 03:30:00
SES-10126,USR-106,PROD-103,Studio Wired Headphones,Electronics > Audio > Headphones,purchase,5,2026-05-14 06:55:00
SES-10122,USR-106,PROD-104,4K Ultra HD Smart TV,Electronics > Video > Televisions,view,1,2026-05-17 03:45:00
SES-10136,USR-106,PROD-101,Wireless Noise-Canceling Headphones,Electronics > Audio > Headphones,view,1,2026-05-19 05:51:00
SES-10129,USR-106,PROD-108,USB-C Multi-Port Hub,Computers > Accessories > Hubs,purchase,5,2026-05-25 09:21:00
SES-10139,USR-106,PROD-101,Wireless Noise-Canceling Headphones,Electronics > Audio > Headphones,view,1,2026-06-25 12:58:00
SES-10144,USR-107,PROD-108,USB-C Multi-Port Hub,Computers > Accessories > Hubs,purchase,5,2026-01-04 14:17:00
SES-10158,USR-107,PROD-101,Wireless Noise-Canceling Headphones,Electronics > Audio > Headphones,view,1,2026-02-03 15:29:00
SES-10154,USR-107,PROD-101,Wireless Noise-Canceling Headphones,Electronics > Audio > Headphones,purchase,5,2026-02-09 05:45:00
SES-10149,USR-107,PROD-101,Wireless Noise-Canceling Headphones,Electronics > Audio > Headphones,view,1,2026-02-10 20:59:00
SES-10150,USR-107,PROD-103,Studio Wired Headphones,Electronics > Audio > Headphones,view,1,2026-02-16 04:53:00
SES-10148,USR-107,PROD-113,Running Shoes Ultra Light,Apparel > Footwear > Shoes,add_to_cart,3,2026-02-24 09:11:00
SES-10157,USR-107,PROD-102,Bluetooth Sports Earbuds,Electronics > Audio > Headphones,view,1,2026-02-24 20:22:00
SES-10143,USR-107,PROD-102,Bluetooth Sports Earbuds,Electronics > Audio > Headphones,purchase,5,2026-03-05 22:37:00
SES-10144,USR-107,PROD-108,USB-C Multi-Port Hub,Computers > Accessories > Hubs,add_to_cart,3,2026-03-07 19:36:00
SES-10152,USR-107,PROD-103,Studio Wired Headphones,Electronics > Audio > Headphones,add_to_cart,3,2026-03-09 21:13:00
SES-10154,USR-107,PROD-103,Studio Wired Headphones,Electronics > Audio > Headphones,purchase,5,2026-04-14 03:31:00
SES-10150,USR-107,PROD-113,Running Shoes Ultra Light,Apparel > Footwear > Shoes,view,1,2026-04-24 04:58:00
SES-10141,USR-107,PROD-102,Bluetooth Sports Earbuds,Electronics > Audio > Headphones,view,1,2026-04-27 01:43:00
SES-10150,USR-107,PROD-102,Bluetooth Sports Earbuds,Electronics > Audio > Headphones,add_to_cart,3,2026-04-29 02:52:00
SES-10144,USR-107,PROD-101,Wireless Noise-Canceling Headphones,Electronics > Audio > Headphones,purchase,5,2026-05-03 23:06:00
SES-10144,USR-107,PROD-115,Water-Resistant Gym Duffel,Apparel > Accessories > Bags,view,1,2026-05-05 03:51:00
SES-10152,USR-107,PROD-103,Studio Wired Headphones,Electronics > Audio > Headphones,view,1,2026-05-18 01:47:00
SES-10142,USR-107,PROD-103,Studio Wired Headphones,Electronics > Audio > Headphones,view,1,2026-05-20 03:24:00
SES-10140,USR-107,PROD-108,USB-C Multi-Port Hub,Computers > Accessories > Hubs,view,1,2026-06-29 20:05:00
SES-10172,USR-108,PROD-113,Running Shoes Ultra Light,Apparel > Footwear > Shoes,add_to_cart,3,2026-02-03 09:12:00
SES-10160,USR-108,PROD-114,Moisture-Wicking Sports Tee,Apparel > Clothing > Activewear,purchase,5,2026-03-17 09:40:00
SES-10160,USR-108,PROD-113,Running Shoes Ultra Light,Apparel > Footwear > Shoes,purchase,5,2026-04-04 13:10:00
SES-10178,USR-108,PROD-115,Water-Resistant Gym Duffel,Apparel > Accessories > Bags,view,1,2026-04-22 10:15:00
SES-10175,USR-108,PROD-113,Running Shoes Ultra Light,Apparel > Footwear > Shoes,view,1,2026-04-24 06:31:00
SES-10167,USR-108,PROD-114,Moisture-Wicking Sports Tee,Apparel > Clothing > Activewear,purchase,5,2026-06-21 00:08:00
SES-10162,USR-108,PROD-115,Water-Resistant Gym Duffel,Apparel > Accessories > Bags,view,1,2026-06-26 11:05:00
SES-10193,USR-109,PROD-108,USB-C Multi-Port Hub,Computers > Accessories > Hubs,purchase,5,2026-01-02 17:03:00
SES-10188,USR-109,PROD-101,Wireless Noise-Canceling Headphones,Electronics > Audio > Headphones,purchase,5,2026-01-10 00:59:00
SES-10189,USR-109,PROD-101,Wireless Noise-Canceling Headphones,Electronics > Audio > Headphones,add_to_cart,3,2026-02-05 23:45:00
SES-10193,USR-109,PROD-102,Bluetooth Sports Earbuds,Electronics > Audio > Headphones,add_to_cart,3,2026-02-12 20:30:00
SES-10195,USR-109,PROD-102,Bluetooth Sports Earbuds,Electronics > Audio > Headphones,purchase,5,2026-02-15 04:22:00
SES-10181,USR-109,PROD-102,Bluetooth Sports Earbuds,Electronics > Audio > Headphones,add_to_cart,3,2026-02-19 05:48:00
SES-10186,USR-109,PROD-103,Studio Wired Headphones,Electronics > Audio > Headphones,add_to_cart,3,2026-03-06 10:19:00
SES-10186,USR-109,PROD-101,Wireless Noise-Canceling Headphones,Electronics > Audio > Headphones,add_to_cart,3,2026-04-10 03:26:00
SES-10199,USR-109,PROD-103,Studio Wired Headphones,Electronics > Audio > Headphones,purchase,5,2026-04-12 20:41:00
SES-10181,USR-109,PROD-103,Studio Wired Headphones,Electronics > Audio > Headphones,view,1,2026-04-30 15:24:00
SES-10187,USR-109,PROD-101,Wireless Noise-Canceling Headphones,Electronics > Audio > Headphones,purchase,5,2026-05-05 13:59:00
SES-10193,USR-109,PROD-106,Ergonomic Mechanical Keyboard,Computers > Accessories > Keyboards,purchase,5,2026-05-08 16:37:00
SES-10187,USR-109,PROD-103,Studio Wired Headphones,Electronics > Audio > Headphones,purchase,5,2026-05-31 04:27:00
SES-10188,USR-109,PROD-102,Bluetooth Sports Earbuds,Electronics > Audio > Headphones,purchase,5,2026-06-23 14:01:00
SES-10196,USR-109,PROD-108,USB-C Multi-Port Hub,Computers > Accessories > Hubs,view,1,2026-06-26 13:01:00
SES-10204,USR-110,PROD-108,USB-C Multi-Port Hub,Computers > Accessories > Hubs,purchase,5,2026-01-16 19:15:00
SES-10212,USR-110,PROD-103,Studio Wired Headphones,Electronics > Audio > Headphones,purchase,5,2026-01-27 15:37:00
SES-10210,USR-110,PROD-103,Studio Wired Headphones,Electronics > Audio > Headphones,view,1,2026-02-10 00:37:00
SES-10218,USR-110,PROD-108,USB-C Multi-Port Hub,Computers > Accessories > Hubs,view,1,2026-02-23 08:00:00
SES-10218,USR-110,PROD-101,Wireless Noise-Canceling Headphones,Electronics > Audio > Headphones,view,1,2026-03-03 12:18:00
SES-10205,USR-110,PROD-102,Bluetooth Sports Earbuds,Electronics > Audio > Headphones,view,1,2026-03-07 01:11:00
SES-10215,USR-110,PROD-102,Bluetooth Sports Earbuds,Electronics > Audio > Headphones,purchase,5,2026-04-06 13:44:00
SES-10203,USR-110,PROD-106,Ergonomic Mechanical Keyboard,Computers > Accessories > Keyboards,add_to_cart,3,2026-05-14 21:37:00
SES-10216,USR-110,PROD-112,Organic Green Tea Bags,Grocery > Beverages > Tea,view,1,2026-05-16 13:27:00
SES-10212,USR-110,PROD-102,Bluetooth Sports Earbuds,Electronics > Audio > Headphones,purchase,5,2026-05-25 12:52:00
SES-10214,USR-110,PROD-108,USB-C Multi-Port Hub,Computers > Accessories > Hubs,view,1,2026-06-03 23:25:00
SES-10212,USR-110,PROD-101,Wireless Noise-Canceling Headphones,Electronics > Audio > Headphones,purchase,5,2026-06-05 01:16:00
SES-10212,USR-110,PROD-103,Studio Wired Headphones,Electronics > Audio > Headphones,view,1,2026-06-08 23:13:00
SES-10211,USR-110,PROD-101,Wireless Noise-Canceling Headphones,Electronics > Audio > Headphones,purchase,5,2026-06-17 08:45:00
SES-10212,USR-110,PROD-101,Wireless Noise-Canceling Headphones,Electronics > Audio > Headphones,purchase,5,2026-06-19 04:51:00
SES-10200,USR-110,PROD-103,Studio Wired Headphones,Electronics > Audio > Headphones,view,1,2026-06-26 08:26:00
SES-10209,USR-110,PROD-102,Bluetooth Sports Earbuds,Electronics > Audio > Headphones,view,1,2026-06-29 13:20:00
SES-10220,USR-111,PROD-102,Bluetooth Sports Earbuds,Electronics > Audio > Headphones,view,1,2026-01-13 10:29:00
SES-10227,USR-111,PROD-101,Wireless Noise-Canceling Headphones,Electronics > Audio > Headphones,purchase,5,2026-01-20 01:56:00
SES-10233,USR-111,PROD-103,Studio Wired Headphones,Electronics > Audio > Headphones,purchase,5,2026-02-11 03:54:00
SES-10230,USR-111,PROD-101,Wireless Noise-Canceling Headphones,Electronics > Audio > Headphones,purchase,5,2026-02-14 01:19:00
SES-10220,USR-111,PROD-101,Wireless Noise-Canceling Headphones,Electronics > Audio > Headphones,view,1,2026-02-24 04:41:00
SES-10238,USR-111,PROD-110,Electric Pour-Over Kettle,Grocery > Appliances > Coffee,view,1,2026-02-27 09:13:00
SES-10221,USR-111,PROD-103,Studio Wired Headphones,Electronics > Audio > Headphones,add_to_cart,3,2026-03-13 04:32:00
SES-10231,USR-111,PROD-101,Wireless Noise-Canceling Headphones,Electronics > Audio > Headphones,add_to_cart,3,2026-03-18 08:07:00
SES-10238,USR-111,PROD-102,Bluetooth Sports Earbuds,Electronics > Audio > Headphones,purchase,5,2026-03-21 20:52:00
SES-10225,USR-111,PROD-108,USB-C Multi-Port Hub,Computers > Accessories > Hubs,view,1,2026-04-09 00:38:00
SES-10224,USR-111,PROD-108,USB-C Multi-Port Hub,Computers > Accessories > Hubs,purchase,5,2026-04-15 03:39:00
SES-10228,USR-111,PROD-102,Bluetooth Sports Earbuds,Electronics > Audio > Headphones,add_to_cart,3,2026-04-18 15:24:00
SES-10229,USR-111,PROD-101,Wireless Noise-Canceling Headphones,Electronics > Audio > Headphones,view,1,2026-04-21 04:58:00
SES-10234,USR-111,PROD-102,Bluetooth Sports Earbuds,Electronics > Audio > Headphones,add_to_cart,3,2026-04-25 07:59:00
SES-10228,USR-111,PROD-108,USB-C Multi-Port Hub,Computers > Accessories > Hubs,view,1,2026-04-25 22:16:00
SES-10231,USR-111,PROD-108,USB-C Multi-Port Hub,Computers > Accessories > Hubs,purchase,5,2026-05-07 10:04:00
SES-10233,USR-111,PROD-101,Wireless Noise-Canceling Headphones,Electronics > Audio > Headphones,purchase,5,2026-06-03 16:14:00
SES-10232,USR-111,PROD-102,Bluetooth Sports Earbuds,Electronics > Audio > Headphones,add_to_cart,3,2026-06-10 04:21:00
SES-10225,USR-111,PROD-102,Bluetooth Sports Earbuds,Electronics > Audio > Headphones,view,1,2026-06-22 23:35:00
SES-10230,USR-111,PROD-108,USB-C Multi-Port Hub,Computers > Accessories > Hubs,purchase,5,2026-06-23 03:40:00
SES-10225,USR-111,PROD-103,Studio Wired Headphones,Electronics > Audio > Headphones,purchase,5,2026-06-25 15:51:00
SES-10220,USR-111,PROD-102,Bluetooth Sports Earbuds,Electronics > Audio > Headphones,add_to_cart,3,2026-06-26 09:36:00
SES-10237,USR-111,PROD-103,Studio Wired Headphones,Electronics > Audio > Headphones,view,1,2026-06-28 00:13:00
SES-10229,USR-111,PROD-101,Wireless Noise-Canceling Headphones,Electronics > Audio > Headphones,view,1,2026-06-28 21:05:00
SES-10247,USR-112,PROD-108,USB-C Multi-Port Hub,Computers > Accessories > Hubs,purchase,5,2026-01-04 10:37:00
SES-10250,USR-112,PROD-105,OLED Gaming Monitor,Electronics > Video > Monitors,view,1,2026-01-08 16:38:00
SES-10250,USR-112,PROD-107,Wireless Vertical Mouse,Computers > Accessories > Mice,view,1,2026-01-14 06:37:00
SES-10247,USR-112,PROD-107,Wireless Vertical Mouse,Computers > Accessories > Mice,purchase,5,2026-01-19 20:21:00
SES-10257,USR-112,PROD-108,USB-C Multi-Port Hub,Computers > Accessories > Hubs,purchase,5,2026-01-21 18:44:00
SES-10252,USR-112,PROD-107,Wireless Vertical Mouse,Computers > Accessories > Mice,purchase,5,2026-02-07 03:50:00
SES-10248,USR-112,PROD-106,Ergonomic Mechanical Keyboard,Computers > Accessories > Keyboards,view,1,2026-02-10 05:57:00
SES-10249,USR-112,PROD-106,Ergonomic Mechanical Keyboard,Computers > Accessories > Keyboards,purchase,5,2026-03-06 04:29:00
SES-10240,USR-112,PROD-106,Ergonomic Mechanical Keyboard,Computers > Accessories > Keyboards,purchase,5,2026-03-14 13:35:00
SES-10248,USR-112,PROD-112,Organic Green Tea Bags,Grocery > Beverages > Tea,view,1,2026-03-17 23:02:00
SES-10247,USR-112,PROD-112,Organic Green Tea Bags,Grocery > Beverages > Tea,add_to_cart,3,2026-04-17 14:29:00
SES-10242,USR-112,PROD-107,Wireless Vertical Mouse,Computers > Accessories > Mice,purchase,5,2026-05-22 22:09:00
SES-10247,USR-112,PROD-105,OLED Gaming Monitor,Electronics > Video > Monitors,purchase,5,2026-05-31 21:40:00
SES-10242,USR-112,PROD-108,USB-C Multi-Port Hub,Computers > Accessories > Hubs,view,1,2026-06-10 06:15:00
SES-10247,USR-112,PROD-105,OLED Gaming Monitor,Electronics > Video > Monitors,add_to_cart,3,2026-06-11 23:10:00
SES-10247,USR-112,PROD-106,Ergonomic Mechanical Keyboard,Computers > Accessories > Keyboards,view,1,2026-06-12 11:39:00
SES-10252,USR-112,PROD-105,OLED Gaming Monitor,Electronics > Video > Monitors,purchase,5,2026-06-16 20:48:00
SES-10243,USR-112,PROD-108,USB-C Multi-Port Hub,Computers > Accessories > Hubs,view,1,2026-06-25 16:19:00
SES-10256,USR-112,PROD-107,Wireless Vertical Mouse,Computers > Accessories > Mice,view,1,2026-06-28 11:49:00
SES-10264,USR-113,PROD-107,Wireless Vertical Mouse,Computers > Accessories > Mice,view,1,2026-01-02 15:47:00
SES-10267,USR-113,PROD-104,4K Ultra HD Smart TV,Electronics > Video > Televisions,purchase,5,2026-01-07 16:23:00
SES-10263,USR-113,PROD-104,4K Ultra HD Smart TV,Electronics > Video > Televisions,add_to_cart,3,2026-01-15 02:50:00
SES-10261,USR-113,PROD-105,OLED Gaming Monitor,Electronics > Video > Monitors,purchase,5,2026-01-15 19:05:00
SES-10276,USR-113,PROD-107,Wireless Vertical Mouse,Computers > Accessories > Mice,view,1,2026-01-17 16:15:00
SES-10274,USR-113,PROD-108,USB-C Multi-Port Hub,Computers > Accessories > Hubs,view,1,2026-01-19 15:10:00
SES-10278,USR-113,PROD-106,Ergonomic Mechanical Keyboard,Computers > Accessories > Keyboards,view,1,2026-01-19 20:57:00
SES-10279,USR-113,PROD-106,Ergonomic Mechanical Keyboard,Computers > Accessories > Keyboards,view,1,2026-01-22 02:45:00
SES-10267,USR-113,PROD-105,OLED Gaming Monitor,Electronics > Video > Monitors,purchase,5,2026-01-22 05:26:00
SES-10267,USR-113,PROD-106,Ergonomic Mechanical Keyboard,Computers > Accessories > Keyboards,view,1,2026-01-24 03:14:00
SES-10261,USR-113,PROD-106,Ergonomic Mechanical Keyboard,Computers > Accessories > Keyboards,purchase,5,2026-02-02 04:57:00
SES-10271,USR-113,PROD-106,Ergonomic Mechanical Keyboard,Computers > Accessories > Keyboards,view,1,2026-02-03 03:35:00
SES-10270,USR-113,PROD-104,4K Ultra HD Smart TV,Electronics > Video > Televisions,view,1,2026-02-08 11:09:00
SES-10275,USR-113,PROD-105,OLED Gaming Monitor,Electronics > Video > Monitors,view,1,2026-03-03 17:03:00
SES-10271,USR-113,PROD-111,Stainless Steel Travel Mug,Grocery > Drinkware > Mugs,add_to_cart,3,2026-03-05 23:08:00
SES-10271,USR-113,PROD-106,Ergonomic Mechanical Keyboard,Computers > Accessories > Keyboards,view,1,2026-03-31 14:16:00
SES-10263,USR-113,PROD-106,Ergonomic Mechanical Keyboard,Computers > Accessories > Keyboards,view,1,2026-04-08 14:25:00
SES-10268,USR-113,PROD-107,Wireless Vertical Mouse,Computers > Accessories > Mice,add_to_cart,3,2026-04-11 12:17:00
SES-10263,USR-113,PROD-104,4K Ultra HD Smart TV,Electronics > Video > Televisions,view,1,2026-04-14 03:34:00
SES-10274,USR-113,PROD-101,Wireless Noise-Canceling Headphones,Electronics > Audio > Headphones,purchase,5,2026-04-16 08:50:00
SES-10274,USR-113,PROD-108,USB-C Multi-Port Hub,Computers > Accessories > Hubs,purchase,5,2026-04-24 09:32:00
SES-10276,USR-113,PROD-105,OLED Gaming Monitor,Electronics > Video > Monitors,purchase,5,2026-05-07 05:38:00
SES-10270,USR-113,PROD-108,USB-C Multi-Port Hub,Computers > Accessories > Hubs,add_to_cart,3,2026-05-15 20:55:00
SES-10268,USR-113,PROD-104,4K Ultra HD Smart TV,Electronics > Video > Televisions,purchase,5,2026-06-11 02:00:00
SES-10273,USR-113,PROD-108,USB-C Multi-Port Hub,Computers > Accessories > Hubs,purchase,5,2026-06-15 23:35:00
SES-10277,USR-113,PROD-106,Ergonomic Mechanical Keyboard,Computers > Accessories > Keyboards,purchase,5,2026-06-18 13:07:00
SES-10290,USR-114,PROD-102,Bluetooth Sports Earbuds,Electronics > Audio > Headphones,purchase,5,2026-01-08 19:27:00
SES-10289,USR-114,PROD-101,Wireless Noise-Canceling Headphones,Electronics > Audio > Headphones,view,1,2026-01-10 01:56:00
SES-10284,USR-114,PROD-108,USB-C Multi-Port Hub,Computers > Accessories > Hubs,purchase,5,2026-01-16 13:39:00
SES-10284,USR-114,PROD-106,Ergonomic Mechanical Keyboard,Computers > Accessories > Keyboards,purchase,5,2026-02-19 05:08:00
SES-10280,USR-114,PROD-102,Bluetooth Sports Earbuds,Electronics > Audio > Headphones,view,1,2026-02-19 16:20:00
SES-10289,USR-114,PROD-103,Studio Wired Headphones,Electronics > Audio > Headphones,purchase,5,2026-03-24 16:45:00
SES-10287,USR-114,PROD-102,Bluetooth Sports Earbuds,Electronics > Audio > Headphones,add_to_cart,3,2026-05-23 08:49:00
SES-10282,USR-114,PROD-101,Wireless Noise-Canceling Headphones,Electronics > Audio > Headphones,purchase,5,2026-05-28 18:53:00
SES-10283,USR-114,PROD-108,USB-C Multi-Port Hub,Computers > Accessories > Hubs,view,1,2026-06-05 01:52:00
SES-10289,USR-114,PROD-101,Wireless Noise-Canceling Headphones,Electronics > Audio > Headphones,purchase,5,2026-06-08 19:06:00
SES-10298,USR-114,PROD-101,Wireless Noise-Canceling Headphones,Electronics > Audio > Headphones,purchase,5,2026-06-29 11:37:00
SES-10310,USR-115,PROD-104,4K Ultra HD Smart TV,Electronics > Video > Televisions,add_to_cart,3,2026-01-08 06:34:00
SES-10314,USR-115,PROD-107,Wireless Vertical Mouse,Computers > Accessories > Mice,view,1,2026-01-12 23:44:00
SES-10301,USR-115,PROD-104,4K Ultra HD Smart TV,Electronics > Video > Televisions,purchase,5,2026-01-19 15:04:00
SES-10301,USR-115,PROD-108,USB-C Multi-Port Hub,Computers > Accessories > Hubs,view,1,2026-01-22 14:43:00
SES-10300,USR-115,PROD-105,OLED Gaming Monitor,Electronics > Video > Monitors,view,1,2026-02-04 00:47:00
SES-10315,USR-115,PROD-106,Ergonomic Mechanical Keyboard,Computers > Accessories > Keyboards,add_to_cart,3,2026-02-04 16:21:00
SES-10317,USR-115,PROD-107,Wireless Vertical Mouse,Computers > Accessories > Mice,add_to_cart,3,2026-02-11 15:36:00
SES-10314,USR-115,PROD-105,OLED Gaming Monitor,Electronics > Video > Monitors,purchase,5,2026-02-18 16:38:00
SES-10304,USR-115,PROD-106,Ergonomic Mechanical Keyboard,Computers > Accessories > Keyboards,purchase,5,2026-02-23 07:40:00
SES-10300,USR-115,PROD-107,Wireless Vertical Mouse,Computers > Accessories > Mice,purchase,5,2026-03-09 15:01:00
SES-10308,USR-115,PROD-105,OLED Gaming Monitor,Electronics > Video > Monitors,purchase,5,2026-04-04 17:10:00
SES-10304,USR-115,PROD-107,Wireless Vertical Mouse,Computers > Accessories > Mice,purchase,5,2026-04-15 00:26:00
SES-10309,USR-115,PROD-105,OLED Gaming Monitor,Electronics > Video > Monitors,view,1,2026-04-17 05:22:00
SES-10308,USR-115,PROD-104,4K Ultra HD Smart TV,Electronics > Video > Televisions,purchase,5,2026-04-17 14:18:00
SES-10301,USR-115,PROD-106,Ergonomic Mechanical Keyboard,Computers > Accessories > Keyboards,add_to_cart,3,2026-04-21 02:43:00
SES-10319,USR-115,PROD-106,Ergonomic Mechanical Keyboard,Computers > Accessories > Keyboards,add_to_cart,3,2026-05-21 11:05:00
SES-10300,USR-115,PROD-108,USB-C Multi-Port Hub,Computers > Accessories > Hubs,view,1,2026-05-31 17:37:00
SES-10315,USR-115,PROD-105,OLED Gaming Monitor,Electronics > Video > Monitors,purchase,5,2026-06-05 22:53:00
SES-10305,USR-115,PROD-108,USB-C Multi-Port Hub,Computers > Accessories > Hubs,view,1,2026-06-12 19:05:00
SES-10304,USR-115,PROD-107,Wireless Vertical Mouse,Computers > Accessories > Mice,view,1,2026-06-14 17:56:00
SES-10300,USR-115,PROD-108,USB-C Multi-Port Hub,Computers > Accessories > Hubs,purchase,5,2026-06-15 14:33:00
SES-10315,USR-115,PROD-115,Water-Resistant Gym Duffel,Apparel > Accessories > Bags,purchase,5,2026-06-18 20:10:00
SES-10302,USR-115,PROD-105,OLED Gaming Monitor,Electronics > Video > Monitors,view,1,2026-06-28 16:19:00
SES-10334,USR-116,PROD-114,Moisture-Wicking Sports Tee,Apparel > Clothing > Activewear,purchase,5,2026-01-01 23:47:00
SES-10328,USR-116,PROD-113,Running Shoes Ultra Light,Apparel > Footwear > Shoes,add_to_cart,3,2026-01-08 20:24:00
SES-10330,USR-116,PROD-113,Running Shoes Ultra Light,Apparel > Footwear > Shoes,view,1,2026-01-14 15:40:00
SES-10334,USR-116,PROD-115,Water-Resistant Gym Duffel,Apparel > Accessories > Bags,purchase,5,2026-01-24 11:19:00
SES-10330,USR-116,PROD-113,Running Shoes Ultra Light,Apparel > Footwear > Shoes,purchase,5,2026-02-15 12:20:00
SES-10334,USR-116,PROD-114,Moisture-Wicking Sports Tee,Apparel > Clothing > Activewear,add_to_cart,3,2026-02-19 04:05:00
SES-10325,USR-116,PROD-115,Water-Resistant Gym Duffel,Apparel > Accessories > Bags,add_to_cart,3,2026-03-05 20:31:00
SES-10327,USR-116,PROD-113,Running Shoes Ultra Light,Apparel > Footwear > Shoes,purchase,5,2026-03-06 08:20:00
SES-10323,USR-116,PROD-115,Water-Resistant Gym Duffel,Apparel > Accessories > Bags,add_to_cart,3,2026-03-21 18:08:00
SES-10325,USR-116,PROD-114,Moisture-Wicking Sports Tee,Apparel > Clothing > Activewear,purchase,5,2026-03-22 11:47:00
SES-10320,USR-116,PROD-105,OLED Gaming Monitor,Electronics > Video > Monitors,view,1,2026-04-07 21:23:00
SES-10322,USR-116,PROD-114,Moisture-Wicking Sports Tee,Apparel > Clothing > Activewear,add_to_cart,3,2026-04-09 13:40:00
SES-10332,USR-116,PROD-110,Electric Pour-Over Kettle,Grocery > Appliances > Coffee,view,1,2026-04-15 21:48:00
SES-10326,USR-116,PROD-115,Water-Resistant Gym Duffel,Apparel > Accessories > Bags,view,1,2026-04-23 00:51:00
SES-10325,USR-116,PROD-114,Moisture-Wicking Sports Tee,Apparel > Clothing > Activewear,view,1,2026-04-26 11:31:00
SES-10330,USR-116,PROD-115,Water-Resistant Gym Duffel,Apparel > Accessories > Bags,purchase,5,2026-04-29 07:25:00
SES-10328,USR-116,PROD-115,Water-Resistant Gym Duffel,Apparel > Accessories > Bags,purchase,5,2026-05-21 18:18:00
SES-10327,USR-116,PROD-110,Electric Pour-Over Kettle,Grocery > Appliances > Coffee,view,1,2026-05-26 16:45:00
SES-10330,USR-116,PROD-114,Moisture-Wicking Sports Tee,Apparel > Clothing > Activewear,add_to_cart,3,2026-06-18 01:33:00
SES-10327,USR-116,PROD-115,Water-Resistant Gym Duffel,Apparel > Accessories > Bags,view,1,2026-06-22 03:26:00
SES-10330,USR-116,PROD-114,Moisture-Wicking Sports Tee,Apparel > Clothing > Activewear,purchase,5,2026-06-23 13:43:00
SES-10325,USR-116,PROD-114,Moisture-Wicking Sports Tee,Apparel > Clothing > Activewear,view,1,2026-06-26 18:15:00
SES-10334,USR-116,PROD-113,Running Shoes Ultra Light,Apparel > Footwear > Shoes,purchase,5,2026-06-28 20:41:00
SES-10342,USR-117,PROD-106,Ergonomic Mechanical Keyboard,Computers > Accessories > Keyboards,view,1,2026-01-23 18:09:00
SES-10349,USR-117,PROD-105,OLED Gaming Monitor,Electronics > Video > Monitors,purchase,5,2026-02-12 00:22:00
SES-10344,USR-117,PROD-107,Wireless Vertical Mouse,Computers > Accessories > Mice,view,1,2026-02-21 17:50:00
SES-10344,USR-117,PROD-106,Ergonomic Mechanical Keyboard,Computers > Accessories > Keyboards,view,1,2026-02-26 12:33:00
SES-10355,USR-117,PROD-108,USB-C Multi-Port Hub,Computers > Accessories > Hubs,add_to_cart,3,2026-03-02 22:02:00
SES-10357,USR-117,PROD-107,Wireless Vertical Mouse,Computers > Accessories > Mice,purchase,5,2026-03-20 05:17:00
SES-10344,USR-117,PROD-107,Wireless Vertical Mouse,Computers > Accessories > Mice,add_to_cart,3,2026-03-29 05:51:00
SES-10355,USR-117,PROD-108,USB-C Multi-Port Hub,Computers > Accessories > Hubs,view,1,2026-03-30 02:37:00
SES-10357,USR-117,PROD-106,Ergonomic Mechanical Keyboard,Computers > Accessories > Keyboards,purchase,5,2026-04-13 17:49:00
SES-10353,USR-117,PROD-105,OLED Gaming Monitor,Electronics > Video > Monitors,view,1,2026-04-14 03:08:00
SES-10359,USR-117,PROD-104,4K Ultra HD Smart TV,Electronics > Video > Televisions,view,1,2026-04-20 15:27:00
SES-10340,USR-117,PROD-104,4K Ultra HD Smart TV,Electronics > Video > Televisions,view,1,2026-04-23 14:19:00
SES-10350,USR-117,PROD-108,USB-C Multi-Port Hub,Computers > Accessories > Hubs,purchase,5,2026-04-28 01:48:00
SES-10350,USR-117,PROD-106,Ergonomic Mechanical Keyboard,Computers > Accessories > Keyboards,purchase,5,2026-05-03 15:58:00
SES-10344,USR-117,PROD-106,Ergonomic Mechanical Keyboard,Computers > Accessories > Keyboards,purchase,5,2026-05-09 20:42:00
SES-10340,USR-117,PROD-103,Studio Wired Headphones,Electronics > Audio > Headphones,view,1,2026-05-16 16:43:00
SES-10349,USR-117,PROD-107,Wireless Vertical Mouse,Computers > Accessories > Mice,purchase,5,2026-05-19 12:31:00
SES-10349,USR-117,PROD-105,OLED Gaming Monitor,Electronics > Video > Monitors,purchase,5,2026-05-28 22:07:00
SES-10359,USR-117,PROD-104,4K Ultra HD Smart TV,Electronics > Video > Televisions,view,1,2026-06-17 06:00:00
SES-10364,USR-118,PROD-115,Water-Resistant Gym Duffel,Apparel > Accessories > Bags,purchase,5,2026-01-03 22:57:00
SES-10368,USR-118,PROD-114,Moisture-Wicking Sports Tee,Apparel > Clothing > Activewear,purchase,5,2026-01-07 00:02:00
SES-10375,USR-118,PROD-114,Moisture-Wicking Sports Tee,Apparel > Clothing > Activewear,purchase,5,2026-01-20 22:01:00
SES-10373,USR-118,PROD-115,Water-Resistant Gym Duffel,Apparel > Accessories > Bags,view,1,2026-01-29 20:52:00
SES-10368,USR-118,PROD-115,Water-Resistant Gym Duffel,Apparel > Accessories > Bags,purchase,5,2026-01-31 14:56:00
SES-10376,USR-118,PROD-113,Running Shoes Ultra Light,Apparel > Footwear > Shoes,purchase,5,2026-02-07 13:41:00
SES-10373,USR-118,PROD-113,Running Shoes Ultra Light,Apparel > Footwear > Shoes,view,1,2026-02-12 09:05:00
SES-10377,USR-118,PROD-115,Water-Resistant Gym Duffel,Apparel > Accessories > Bags,add_to_cart,3,2026-03-26 15:12:00
SES-10361,USR-118,PROD-115,Water-Resistant Gym Duffel,Apparel > Accessories > Bags,view,1,2026-04-28 02:39:00
SES-10375,USR-118,PROD-113,Running Shoes Ultra Light,Apparel > Footwear > Shoes,purchase,5,2026-05-13 14:28:00
SES-10365,USR-118,PROD-114,Moisture-Wicking Sports Tee,Apparel > Clothing > Activewear,add_to_cart,3,2026-05-21 03:10:00
SES-10374,USR-118,PROD-104,4K Ultra HD Smart TV,Electronics > Video > Televisions,purchase,5,2026-05-22 07:32:00
SES-10374,USR-118,PROD-114,Moisture-Wicking Sports Tee,Apparel > Clothing > Activewear,purchase,5,2026-06-11 15:21:00
SES-10396,USR-119,PROD-110,Electric Pour-Over Kettle,Grocery > Appliances > Coffee,view,1,2026-01-11 14:37:00
SES-10396,USR-119,PROD-111,Stainless Steel Travel Mug,Grocery > Drinkware > Mugs,add_to_cart,3,2026-01-11 16:21:00
SES-10387,USR-119,PROD-110,Electric Pour-Over Kettle,Grocery > Appliances > Coffee,view,1,2026-03-07 00:49:00
SES-10387,USR-119,PROD-111,Stainless Steel Travel Mug,Grocery > Drinkware > Mugs,view,1,2026-03-13 01:43:00
SES-10399,USR-119,PROD-109,Premium Arabica Coffee Beans,Grocery > Beverages > Coffee,view,1,2026-03-21 05:37:00
SES-10392,USR-119,PROD-109,Premium Arabica Coffee Beans,Grocery > Beverages > Coffee,purchase,5,2026-04-12 18:31:00
SES-10390,USR-119,PROD-111,Stainless Steel Travel Mug,Grocery > Drinkware > Mugs,add_to_cart,3,2026-04-12 22:10:00
SES-10395,USR-119,PROD-109,Premium Arabica Coffee Beans,Grocery > Beverages > Coffee,view,1,2026-04-13 04:22:00
SES-10384,USR-119,PROD-101,Wireless Noise-Canceling Headphones,Electronics > Audio > Headphones,view,1,2026-04-23 14:31:00
SES-10384,USR-119,PROD-111,Stainless Steel Travel Mug,Grocery > Drinkware > Mugs,purchase,5,2026-04-30 19:53:00
SES-10392,USR-119,PROD-109,Premium Arabica Coffee Beans,Grocery > Beverages > Coffee,purchase,5,2026-05-01 19:42:00
SES-10389,USR-119,PROD-109,Premium Arabica Coffee Beans,Grocery > Beverages > Coffee,purchase,5,2026-05-12 18:39:00
SES-10396,USR-119,PROD-109,Premium Arabica Coffee Beans,Grocery > Beverages > Coffee,add_to_cart,3,2026-05-15 01:17:00
SES-10384,USR-119,PROD-109,Premium Arabica Coffee Beans,Grocery > Beverages > Coffee,purchase,5,2026-05-15 06:30:00
SES-10390,USR-119,PROD-109,Premium Arabica Coffee Beans,Grocery > Beverages > Coffee,add_to_cart,3,2026-05-24 11:35:00
SES-10381,USR-119,PROD-111,Stainless Steel Travel Mug,Grocery > Drinkware > Mugs,view,1,2026-05-26 05:41:00
SES-10394,USR-119,PROD-112,Organic Green Tea Bags,Grocery > Beverages > Tea,add_to_cart,3,2026-05-29 15:19:00
SES-10382,USR-119,PROD-110,Electric Pour-Over Kettle,Grocery > Appliances > Coffee,purchase,5,2026-05-31 18:18:00
SES-10389,USR-119,PROD-109,Premium Arabica Coffee Beans,Grocery > Beverages > Coffee,view,1,2026-06-01 01:40:00
SES-10386,USR-119,PROD-111,Stainless Steel Travel Mug,Grocery > Drinkware > Mugs,purchase,5,2026-06-06 20:16:00
SES-10402,USR-120,PROD-102,Bluetooth Sports Earbuds,Electronics > Audio > Headphones,view,1,2026-01-15 02:53:00
SES-10414,USR-120,PROD-113,Running Shoes Ultra Light,Apparel > Footwear > Shoes,add_to_cart,3,2026-01-24 23:50:00
SES-10410,USR-120,PROD-108,USB-C Multi-Port Hub,Computers > Accessories > Hubs,view,1,2026-01-25 05:39:00
SES-10408,USR-120,PROD-104,4K Ultra HD Smart TV,Electronics > Video > Televisions,add_to_cart,3,2026-02-01 16:26:00
SES-10408,USR-120,PROD-101,Wireless Noise-Canceling Headphones,Electronics > Audio > Headphones,purchase,5,2026-02-04 19:00:00
SES-10417,USR-120,PROD-114,Moisture-Wicking Sports Tee,Apparel > Clothing > Activewear,view,1,2026-03-23 21:23:00
SES-10410,USR-120,PROD-101,Wireless Noise-Canceling Headphones,Electronics > Audio > Headphones,view,1,2026-04-15 06:02:00
SES-10404,USR-120,PROD-108,USB-C Multi-Port Hub,Computers > Accessories > Hubs,view,1,2026-04-25 02:39:00
SES-10407,USR-120,PROD-101,Wireless Noise-Canceling Headphones,Electronics > Audio > Headphones,purchase,5,2026-05-18 18:57:00
SES-10417,USR-120,PROD-108,USB-C Multi-Port Hub,Computers > Accessories > Hubs,purchase,5,2026-05-23 00:40:00
SES-10402,USR-120,PROD-108,USB-C Multi-Port Hub,Computers > Accessories > Hubs,purchase,5,2026-05-23 09:35:00
SES-10411,USR-120,PROD-101,Wireless Noise-Canceling Headphones,Electronics > Audio > Headphones,add_to_cart,3,2026-06-04 07:51:00
SES-10416,USR-120,PROD-101,Wireless Noise-Canceling Headphones,Electronics > Audio > Headphones,view,1,2026-06-05 02:04:00
SES-10409,USR-120,PROD-104,4K Ultra HD Smart TV,Electronics > Video > Televisions,purchase,5,2026-06-14 06:31:00
SES-10403,USR-120,PROD-101,Wireless Noise-Canceling Headphones,Electronics > Audio > Headphones,view,1,2026-06-18 12:02:00
SES-10413,USR-120,PROD-108,USB-C Multi-Port Hub,Computers > Accessories > Hubs,view,1,2026-06-21 08:51:00
SES-10417,USR-120,PROD-103,Studio Wired Headphones,Electronics > Audio > Headphones,view,1,2026-06-23 04:34:00
SES-10408,USR-120,PROD-102,Bluetooth Sports Earbuds,Electronics > Audio > Headphones,purchase,5,2026-06-25 12:19:00
SES-10437,USR-121,PROD-108,USB-C Multi-Port Hub,Computers > Accessories > Hubs,add_to_cart,3,2026-01-14 19:27:00
SES-10423,USR-121,PROD-107,Wireless Vertical Mouse,Computers > Accessories > Mice,purchase,5,2026-01-15 16:05:00
SES-10435,USR-121,PROD-108,USB-C Multi-Port Hub,Computers > Accessories > Hubs,purchase,5,2026-01-27 12:31:00
SES-10426,USR-121,PROD-109,Premium Arabica Coffee Beans,Grocery > Beverages > Coffee,add_to_cart,3,2026-02-06 12:44:00
SES-10435,USR-121,PROD-107,Wireless Vertical Mouse,Computers > Accessories > Mice,purchase,5,2026-02-13 01:20:00
SES-10432,USR-121,PROD-104,4K Ultra HD Smart TV,Electronics > Video > Televisions,add_to_cart,3,2026-02-21 13:42:00
SES-10431,USR-121,PROD-107,Wireless Vertical Mouse,Computers > Accessories > Mice,add_to_cart,3,2026-03-04 05:10:00
SES-10434,USR-121,PROD-106,Ergonomic Mechanical Keyboard,Computers > Accessories > Keyboards,view,1,2026-03-25 02:52:00
SES-10430,USR-121,PROD-105,OLED Gaming Monitor,Electronics > Video > Monitors,purchase,5,2026-04-12 23:26:00
SES-10422,USR-121,PROD-107,Wireless Vertical Mouse,Computers > Accessories > Mice,purchase,5,2026-05-03 10:15:00
SES-10424,USR-121,PROD-104,4K Ultra HD Smart TV,Electronics > Video > Televisions,view,1,2026-05-07 03:09:00
SES-10439,USR-121,PROD-105,OLED Gaming Monitor,Electronics > Video > Monitors,view,1,2026-05-11 06:22:00
SES-10429,USR-121,PROD-109,Premium Arabica Coffee Beans,Grocery > Beverages > Coffee,view,1,2026-05-20 05:51:00
SES-10432,USR-121,PROD-104,4K Ultra HD Smart TV,Electronics > Video > Televisions,view,1,2026-06-11 13:18:00
SES-10430,USR-121,PROD-106,Ergonomic Mechanical Keyboard,Computers > Accessories > Keyboards,add_to_cart,3,2026-06-16 22:24:00
SES-10421,USR-121,PROD-115,Water-Resistant Gym Duffel,Apparel > Accessories > Bags,view,1,2026-06-27 02:13:00
SES-10453,USR-122,PROD-114,Moisture-Wicking Sports Tee,Apparel > Clothing > Activewear,purchase,5,2026-01-14 11:10:00
SES-10453,USR-122,PROD-115,Water-Resistant Gym Duffel,Apparel > Accessories > Bags,purchase,5,2026-01-22 22:51:00
SES-10441,USR-122,PROD-113,Running Shoes Ultra Light,Apparel > Footwear > Shoes,view,1,2026-02-20 12:54:00
SES-10446,USR-122,PROD-114,Moisture-Wicking Sports Tee,Apparel > Clothing > Activewear,add_to_cart,3,2026-02-23 02:01:00
SES-10441,USR-122,PROD-115,Water-Resistant Gym Duffel,Apparel > Accessories > Bags,view,1,2026-02-26 04:14:00
SES-10453,USR-122,PROD-114,Moisture-Wicking Sports Tee,Apparel > Clothing > Activewear,purchase,5,2026-03-15 05:35:00
SES-10452,USR-122,PROD-104,4K Ultra HD Smart TV,Electronics > Video > Televisions,view,1,2026-03-25 10:01:00
SES-10440,USR-122,PROD-115,Water-Resistant Gym Duffel,Apparel > Accessories > Bags,view,1,2026-03-25 13:05:00
SES-10450,USR-122,PROD-113,Running Shoes Ultra Light,Apparel > Footwear > Shoes,purchase,5,2026-04-02 12:22:00
SES-10457,USR-122,PROD-101,Wireless Noise-Canceling Headphones,Electronics > Audio > Headphones,add_to_cart,3,2026-04-02 18:06:00
SES-10448,USR-122,PROD-115,Water-Resistant Gym Duffel,Apparel > Accessories > Bags,view,1,2026-04-14 12:53:00
SES-10447,USR-122,PROD-114,Moisture-Wicking Sports Tee,Apparel > Clothing > Activewear,purchase,5,2026-04-19 18:42:00
SES-10458,USR-122,PROD-113,Running Shoes Ultra Light,Apparel > Footwear > Shoes,view,1,2026-04-20 23:46:00
SES-10440,USR-122,PROD-113,Running Shoes Ultra Light,Apparel > Footwear > Shoes,view,1,2026-05-02 03:59:00
SES-10454,USR-122,PROD-115,Water-Resistant Gym Duffel,Apparel > Accessories > Bags,view,1,2026-05-02 08:44:00
SES-10455,USR-122,PROD-114,Moisture-Wicking Sports Tee,Apparel > Clothing > Activewear,purchase,5,2026-05-15 11:26:00
SES-10450,USR-122,PROD-115,Water-Resistant Gym Duffel,Apparel > Accessories > Bags,add_to_cart,3,2026-05-18 00:42:00
SES-10451,USR-122,PROD-113,Running Shoes Ultra Light,Apparel > Footwear > Shoes,view,1,2026-05-25 10:22:00
SES-10447,USR-122,PROD-113,Running Shoes Ultra Light,Apparel > Footwear > Shoes,purchase,5,2026-05-29 12:43:00
SES-10448,USR-122,PROD-114,Moisture-Wicking Sports Tee,Apparel > Clothing > Activewear,purchase,5,2026-06-09 18:36:00
SES-10452,USR-122,PROD-114,Moisture-Wicking Sports Tee,Apparel > Clothing > Activewear,view,1,2026-06-14 00:50:00
SES-10452,USR-122,PROD-115,Water-Resistant Gym Duffel,Apparel > Accessories > Bags,view,1,2026-06-17 15:11:00
SES-10459,USR-122,PROD-114,Moisture-Wicking Sports Tee,Apparel > Clothing > Activewear,purchase,5,2026-06-29 05:10:00
SES-10461,USR-123,PROD-110,Electric Pour-Over Kettle,Grocery > Appliances > Coffee,purchase,5,2026-01-14 23:05:00
SES-10474,USR-123,PROD-111,Stainless Steel Travel Mug,Grocery > Drinkware > Mugs,add_to_cart,3,2026-01-30 07:47:00
SES-10479,USR-123,PROD-110,Electric Pour-Over Kettle,Grocery > Appliances > Coffee,add_to_cart,3,2026-01-31 02:56:00
SES-10461,USR-123,PROD-111,Stainless Steel Travel Mug,Grocery > Drinkware > Mugs,view,1,2026-02-03 21:44:00
SES-10478,USR-123,PROD-110,Electric Pour-Over Kettle,Grocery > Appliances > Coffee,purchase,5,2026-02-09 05:50:00
SES-10471,USR-123,PROD-109,Premium Arabica Coffee Beans,Grocery > Beverages > Coffee,purchase,5,2026-03-31 22:42:00
SES-10463,USR-123,PROD-109,Premium Arabica Coffee Beans,Grocery > Beverages > Coffee,purchase,5,2026-04-03 00:57:00
SES-10476,USR-123,PROD-112,Organic Green Tea Bags,Grocery > Beverages > Tea,view,1,2026-04-03 10:32:00
SES-10473,USR-123,PROD-102,Bluetooth Sports Earbuds,Electronics > Audio > Headphones,view,1,2026-04-06 04:26:00
SES-10468,USR-123,PROD-109,Premium Arabica Coffee Beans,Grocery > Beverages > Coffee,view,1,2026-04-27 12:34:00
SES-10477,USR-123,PROD-112,Organic Green Tea Bags,Grocery > Beverages > Tea,purchase,5,2026-04-30 03:43:00
SES-10466,USR-123,PROD-111,Stainless Steel Travel Mug,Grocery > Drinkware > Mugs,view,1,2026-05-06 00:44:00
SES-10463,USR-123,PROD-112,Organic Green Tea Bags,Grocery > Beverages > Tea,purchase,5,2026-05-08 18:57:00
SES-10462,USR-123,PROD-112,Organic Green Tea Bags,Grocery > Beverages > Tea,view,1,2026-05-19 12:44:00
SES-10477,USR-123,PROD-109,Premium Arabica Coffee Beans,Grocery > Beverages > Coffee,view,1,2026-05-21 20:19:00
SES-10461,USR-123,PROD-109,Premium Arabica Coffee Beans,Grocery > Beverages > Coffee,purchase,5,2026-05-27 00:01:00
SES-10477,USR-123,PROD-107,Wireless Vertical Mouse,Computers > Accessories > Mice,view,1,2026-05-31 18:50:00
SES-10467,USR-123,PROD-111,Stainless Steel Travel Mug,Grocery > Drinkware > Mugs,view,1,2026-06-01 20:35:00
SES-10469,USR-123,PROD-109,Premium Arabica Coffee Beans,Grocery > Beverages > Coffee,add_to_cart,3,2026-06-01 22:37:00
SES-10474,USR-123,PROD-109,Premium Arabica Coffee Beans,Grocery > Beverages > Coffee,add_to_cart,3,2026-06-03 13:24:00
SES-10478,USR-123,PROD-110,Electric Pour-Over Kettle,Grocery > Appliances > Coffee,purchase,5,2026-06-12 00:00:00
SES-10477,USR-123,PROD-111,Stainless Steel Travel Mug,Grocery > Drinkware > Mugs,add_to_cart,3,2026-06-13 13:15:00
SES-10474,USR-123,PROD-109,Premium Arabica Coffee Beans,Grocery > Beverages > Coffee,purchase,5,2026-06-15 05:15:00
SES-10464,USR-123,PROD-112,Organic Green Tea Bags,Grocery > Beverages > Tea,purchase,5,2026-06-22 03:47:00
SES-10482,USR-124,PROD-110,Electric Pour-Over Kettle,Grocery > Appliances > Coffee,purchase,5,2026-01-04 23:01:00
SES-10488,USR-124,PROD-110,Electric Pour-Over Kettle,Grocery > Appliances > Coffee,purchase,5,2026-01-05 04:45:00
SES-10487,USR-124,PROD-109,Premium Arabica Coffee Beans,Grocery > Beverages > Coffee,add_to_cart,3,2026-01-11 01:29:00
SES-10482,USR-124,PROD-112,Organic Green Tea Bags,Grocery > Beverages > Tea,add_to_cart,3,2026-01-16 14:50:00
SES-10499,USR-124,PROD-112,Organic Green Tea Bags,Grocery > Beverages > Tea,add_to_cart,3,2026-01-20 03:53:00
SES-10488,USR-124,PROD-112,Organic Green Tea Bags,Grocery > Beverages > Tea,view,1,2026-01-27 07:43:00
SES-10496,USR-124,PROD-109,Premium Arabica Coffee Beans,Grocery > Beverages > Coffee,purchase,5,2026-02-08 00:48:00
SES-10484,USR-124,PROD-112,Organic Green Tea Bags,Grocery > Beverages > Tea,view,1,2026-02-20 00:44:00
SES-10484,USR-124,PROD-109,Premium Arabica Coffee Beans,Grocery > Beverages > Coffee,view,1,2026-02-21 19:30:00
SES-10499,USR-124,PROD-111,Stainless Steel Travel Mug,Grocery > Drinkware > Mugs,purchase,5,2026-03-10 22:07:00
SES-10480,USR-124,PROD-104,4K Ultra HD Smart TV,Electronics > Video > Televisions,view,1,2026-03-17 04:07:00
SES-10494,USR-124,PROD-111,Stainless Steel Travel Mug,Grocery > Drinkware > Mugs,add_to_cart,3,2026-03-23 15:42:00
SES-10480,USR-124,PROD-110,Electric Pour-Over Kettle,Grocery > Appliances > Coffee,view,1,2026-04-15 19:23:00
SES-10484,USR-124,PROD-111,Stainless Steel Travel Mug,Grocery > Drinkware > Mugs,add_to_cart,3,2026-04-16 23:39:00
SES-10489,USR-124,PROD-109,Premium Arabica Coffee Beans,Grocery > Beverages > Coffee,view,1,2026-04-19 20:41:00
SES-10493,USR-124,PROD-110,Electric Pour-Over Kettle,Grocery > Appliances > Coffee,purchase,5,2026-05-08 03:05:00
SES-10499,USR-124,PROD-112,Organic Green Tea Bags,Grocery > Beverages > Tea,purchase,5,2026-06-04 16:09:00
SES-10487,USR-124,PROD-112,Organic Green Tea Bags,Grocery > Beverages > Tea,purchase,5,2026-06-18 21:17:00
SES-10492,USR-124,PROD-110,Electric Pour-Over Kettle,Grocery > Appliances > Coffee,view,1,2026-06-21 23:46:00
SES-10488,USR-124,PROD-111,Stainless Steel Travel Mug,Grocery > Drinkware > Mugs,add_to_cart,3,2026-06-24 06:10:00
SES-10485,USR-124,PROD-111,Stainless Steel Travel Mug,Grocery > Drinkware > Mugs,purchase,5,2026-06-25 21:23:00
SES-10509,USR-125,PROD-104,4K Ultra HD Smart TV,Electronics > Video > Televisions,view,1,2026-01-13 17:39:00
SES-10505,USR-125,PROD-108,USB-C Multi-Port Hub,Computers > Accessories > Hubs,purchase,5,2026-01-15 09:36:00
SES-10505,USR-125,PROD-107,Wireless Vertical Mouse,Computers > Accessories > Mice,purchase,5,2026-01-22 13:48:00
SES-10507,USR-125,PROD-104,4K Ultra HD Smart TV,Electronics > Video > Televisions,view,1,2026-02-06 10:13:00
SES-10508,USR-125,PROD-108,USB-C Multi-Port Hub,Computers > Accessories > Hubs,purchase,5,2026-02-08 13:05:00
SES-10503,USR-125,PROD-105,OLED Gaming Monitor,Electronics > Video > Monitors,view,1,2026-02-11 11:18:00
SES-10508,USR-125,PROD-107,Wireless Vertical Mouse,Computers > Accessories > Mice,purchase,5,2026-02-12 11:49:00
SES-10517,USR-125,PROD-104,4K Ultra HD Smart TV,Electronics > Video > Televisions,add_to_cart,3,2026-02-13 02:38:00
SES-10507,USR-125,PROD-108,USB-C Multi-Port Hub,Computers > Accessories > Hubs,view,1,2026-02-17 15:44:00
SES-10508,USR-125,PROD-105,OLED Gaming Monitor,Electronics > Video > Monitors,view,1,2026-03-03 18:48:00
SES-10508,USR-125,PROD-108,USB-C Multi-Port Hub,Computers > Accessories > Hubs,view,1,2026-03-09 08:05:00
SES-10507,USR-125,PROD-108,USB-C Multi-Port Hub,Computers > Accessories > Hubs,purchase,5,2026-03-24 20:18:00
SES-10501,USR-125,PROD-105,OLED Gaming Monitor,Electronics > Video > Monitors,add_to_cart,3,2026-03-26 00:46:00
SES-10516,USR-125,PROD-106,Ergonomic Mechanical Keyboard,Computers > Accessories > Keyboards,view,1,2026-04-09 13:10:00
SES-10511,USR-125,PROD-108,USB-C Multi-Port Hub,Computers > Accessories > Hubs,add_to_cart,3,2026-04-11 13:10:00
SES-10504,USR-125,PROD-108,USB-C Multi-Port Hub,Computers > Accessories > Hubs,view,1,2026-04-15 15:13:00
SES-10504,USR-125,PROD-104,4K Ultra HD Smart TV,Electronics > Video > Televisions,view,1,2026-04-24 10:57:00
SES-10508,USR-125,PROD-108,USB-C Multi-Port Hub,Computers > Accessories > Hubs,view,1,2026-05-11 07:27:00
SES-10502,USR-125,PROD-109,Premium Arabica Coffee Beans,Grocery > Beverages > Coffee,view,1,2026-05-17 18:21:00
SES-10518,USR-125,PROD-108,USB-C Multi-Port Hub,Computers > Accessories > Hubs,add_to_cart,3,2026-05-17 22:13:00
SES-10516,USR-125,PROD-113,Running Shoes Ultra Light,Apparel > Footwear > Shoes,view,1,2026-05-23 22:33:00
SES-10510,USR-125,PROD-102,Bluetooth Sports Earbuds,Electronics > Audio > Headphones,purchase,5,2026-05-25 19:37:00
SES-10507,USR-125,PROD-107,Wireless Vertical Mouse,Computers > Accessories > Mice,purchase,5,2026-06-03 14:24:00
SES-10518,USR-125,PROD-108,USB-C Multi-Port Hub,Computers > Accessories > Hubs,purchase,5,2026-06-20 09:53:00
SES-10512,USR-125,PROD-108,USB-C Multi-Port Hub,Computers > Accessories > Hubs,view,1,2026-06-25 00:39:00
SES-10515,USR-125,PROD-107,Wireless Vertical Mouse,Computers > Accessories > Mice,view,1,2026-06-29 20:08:00
SES-10538,USR-126,PROD-108,USB-C Multi-Port Hub,Computers > Accessories > Hubs,add_to_cart,3,2026-01-13 02:44:00
SES-10520,USR-126,PROD-107,Wireless Vertical Mouse,Computers > Accessories > Mice,add_to_cart,3,2026-01-13 17:19:00
SES-10533,USR-126,PROD-114,Moisture-Wicking Sports Tee,Apparel > Clothing > Activewear,view,1,2026-01-23 06:31:00
SES-10534,USR-126,PROD-108,USB-C Multi-Port Hub,Computers > Accessories > Hubs,add_to_cart,3,2026-01-25 08:41:00
SES-10522,USR-126,PROD-106,Ergonomic Mechanical Keyboard,Computers > Accessories > Keyboards,view,1,2026-02-14 01:20:00
SES-10531,USR-126,PROD-106,Ergonomic Mechanical Keyboard,Computers > Accessories > Keyboards,purchase,5,2026-02-24 15:02:00
SES-10524,USR-126,PROD-107,Wireless Vertical Mouse,Computers > Accessories > Mice,view,1,2026-03-01 01:14:00
SES-10526,USR-126,PROD-106,Ergonomic Mechanical Keyboard,Computers > Accessories > Keyboards,purchase,5,2026-03-03 15:39:00
SES-10531,USR-126,PROD-105,OLED Gaming Monitor,Electronics > Video > Monitors,add_to_cart,3,2026-03-04 21:30:00
SES-10531,USR-126,PROD-107,Wireless Vertical Mouse,Computers > Accessories > Mice,purchase,5,2026-03-16 01:20:00
SES-10535,USR-126,PROD-105,OLED Gaming Monitor,Electronics > Video > Monitors,view,1,2026-03-23 12:01:00
SES-10531,USR-126,PROD-105,OLED Gaming Monitor,Electronics > Video > Monitors,view,1,2026-03-27 04:02:00
SES-10532,USR-126,PROD-103,Studio Wired Headphones,Electronics > Audio > Headphones,add_to_cart,3,2026-04-18 02:11:00
SES-10523,USR-126,PROD-104,4K Ultra HD Smart TV,Electronics > Video > Televisions,view,1,2026-04-28 06:23:00
SES-10521,USR-126,PROD-105,OLED Gaming Monitor,Electronics > Video > Monitors,purchase,5,2026-04-29 04:10:00
SES-10523,USR-126,PROD-107,Wireless Vertical Mouse,Computers > Accessories > Mice,view,1,2026-05-05 09:47:00
SES-10532,USR-126,PROD-107,Wireless Vertical Mouse,Computers > Accessories > Mice,purchase,5,2026-05-27 23:26:00
SES-10527,USR-126,PROD-106,Ergonomic Mechanical Keyboard,Computers > Accessories > Keyboards,view,1,2026-05-29 23:49:00
SES-10526,USR-126,PROD-107,Wireless Vertical Mouse,Computers > Accessories > Mice,purchase,5,2026-06-06 07:50:00
SES-10526,USR-126,PROD-107,Wireless Vertical Mouse,Computers > Accessories > Mice,view,1,2026-06-08 21:45:00
SES-10552,USR-127,PROD-112,Organic Green Tea Bags,Grocery > Beverages > Tea,purchase,5,2026-01-02 18:05:00
SES-10544,USR-127,PROD-111,Stainless Steel Travel Mug,Grocery > Drinkware > Mugs,purchase,5,2026-01-22 03:15:00
SES-10558,USR-127,PROD-110,Electric Pour-Over Kettle,Grocery > Appliances > Coffee,view,1,2026-01-26 16:59:00
SES-10542,USR-127,PROD-110,Electric Pour-Over Kettle,Grocery > Appliances > Coffee,view,1,2026-02-17 22:08:00
SES-10546,USR-127,PROD-110,Electric Pour-Over Kettle,Grocery > Appliances > Coffee,view,1,2026-02-27 16:42:00
SES-10555,USR-127,PROD-112,Organic Green Tea Bags,Grocery > Beverages > Tea,add_to_cart,3,2026-03-06 13:07:00
SES-10554,USR-127,PROD-112,Organic Green Tea Bags,Grocery > Beverages > Tea,purchase,5,2026-03-19 20:26:00
SES-10552,USR-127,PROD-109,Premium Arabica Coffee Beans,Grocery > Beverages > Coffee,purchase,5,2026-03-23 11:43:00
SES-10558,USR-127,PROD-111,Stainless Steel Travel Mug,Grocery > Drinkware > Mugs,add_to_cart,3,2026-04-07 13:32:00
SES-10559,USR-127,PROD-111,Stainless Steel Travel Mug,Grocery > Drinkware > Mugs,purchase,5,2026-04-11 17:37:00
SES-10547,USR-127,PROD-110,Electric Pour-Over Kettle,Grocery > Appliances > Coffee,view,1,2026-05-03 11:42:00
SES-10559,USR-127,PROD-110,Electric Pour-Over Kettle,Grocery > Appliances > Coffee,purchase,5,2026-05-11 02:41:00
SES-10550,USR-127,PROD-111,Stainless Steel Travel Mug,Grocery > Drinkware > Mugs,view,1,2026-05-11 03:56:00
SES-10540,USR-127,PROD-112,Organic Green Tea Bags,Grocery > Beverages > Tea,add_to_cart,3,2026-05-24 11:11:00
SES-10545,USR-127,PROD-109,Premium Arabica Coffee Beans,Grocery > Beverages > Coffee,add_to_cart,3,2026-06-18 00:56:00
SES-10554,USR-127,PROD-109,Premium Arabica Coffee Beans,Grocery > Beverages > Coffee,purchase,5,2026-06-18 01:35:00
SES-10565,USR-128,PROD-103,Studio Wired Headphones,Electronics > Audio > Headphones,view,1,2026-01-18 00:14:00
SES-10574,USR-128,PROD-103,Studio Wired Headphones,Electronics > Audio > Headphones,view,1,2026-02-19 15:38:00
SES-10575,USR-128,PROD-103,Studio Wired Headphones,Electronics > Audio > Headphones,view,1,2026-02-19 18:54:00
SES-10568,USR-128,PROD-103,Studio Wired Headphones,Electronics > Audio > Headphones,view,1,2026-02-28 09:49:00
SES-10576,USR-128,PROD-108,USB-C Multi-Port Hub,Computers > Accessories > Hubs,purchase,5,2026-03-14 01:32:00
SES-10579,USR-128,PROD-102,Bluetooth Sports Earbuds,Electronics > Audio > Headphones,purchase,5,2026-03-15 00:28:00
SES-10577,USR-128,PROD-114,Moisture-Wicking Sports Tee,Apparel > Clothing > Activewear,add_to_cart,3,2026-03-21 00:19:00
SES-10565,USR-128,PROD-108,USB-C Multi-Port Hub,Computers > Accessories > Hubs,view,1,2026-03-31 20:37:00
SES-10567,USR-128,PROD-103,Studio Wired Headphones,Electronics > Audio > Headphones,purchase,5,2026-04-12 20:29:00
SES-10576,USR-128,PROD-102,Bluetooth Sports Earbuds,Electronics > Audio > Headphones,purchase,5,2026-04-13 05:50:00
SES-10566,USR-128,PROD-108,USB-C Multi-Port Hub,Computers > Accessories > Hubs,purchase,5,2026-04-17 08:56:00
SES-10578,USR-128,PROD-108,USB-C Multi-Port Hub,Computers > Accessories > Hubs,purchase,5,2026-05-12 01:59:00
SES-10574,USR-128,PROD-114,Moisture-Wicking Sports Tee,Apparel > Clothing > Activewear,view,1,2026-05-29 10:14:00
SES-10578,USR-128,PROD-103,Studio Wired Headphones,Electronics > Audio > Headphones,purchase,5,2026-06-06 01:11:00
SES-10578,USR-128,PROD-108,USB-C Multi-Port Hub,Computers > Accessories > Hubs,purchase,5,2026-06-14 08:25:00
SES-10594,USR-129,PROD-103,Studio Wired Headphones,Electronics > Audio > Headphones,add_to_cart,3,2026-01-06 05:30:00
SES-10598,USR-129,PROD-101,Wireless Noise-Canceling Headphones,Electronics > Audio > Headphones,view,1,2026-01-17 18:09:00
SES-10583,USR-129,PROD-101,Wireless Noise-Canceling Headphones,Electronics > Audio > Headphones,purchase,5,2026-01-24 23:36:00
SES-10581,USR-129,PROD-103,Studio Wired Headphones,Electronics > Audio > Headphones,add_to_cart,3,2026-01-25 01:29:00
SES-10580,USR-129,PROD-101,Wireless Noise-Canceling Headphones,Electronics > Audio > Headphones,add_to_cart,3,2026-02-16 11:54:00
SES-10592,USR-129,PROD-108,USB-C Multi-Port Hub,Computers > Accessories > Hubs,add_to_cart,3,2026-02-25 04:58:00
SES-10597,USR-129,PROD-103,Studio Wired Headphones,Electronics > Audio > Headphones,purchase,5,2026-03-06 14:00:00
SES-10587,USR-129,PROD-108,USB-C Multi-Port Hub,Computers > Accessories > Hubs,purchase,5,2026-03-23 04:57:00
SES-10599,USR-129,PROD-103,Studio Wired Headphones,Electronics > Audio > Headphones,purchase,5,2026-03-25 02:50:00
SES-10595,USR-129,PROD-102,Bluetooth Sports Earbuds,Electronics > Audio > Headphones,purchase,5,2026-04-09 11:15:00
SES-10582,USR-129,PROD-103,Studio Wired Headphones,Electronics > Audio > Headphones,view,1,2026-04-09 17:27:00
SES-10591,USR-129,PROD-103,Studio Wired Headphones,Electronics > Audio > Headphones,view,1,2026-04-22 01:58:00
SES-10590,USR-129,PROD-102,Bluetooth Sports Earbuds,Electronics > Audio > Headphones,add_to_cart,3,2026-04-29 16:32:00
SES-10597,USR-129,PROD-101,Wireless Noise-Canceling Headphones,Electronics > Audio > Headphones,view,1,2026-05-01 04:58:00
SES-10594,USR-129,PROD-104,4K Ultra HD Smart TV,Electronics > Video > Televisions,view,1,2026-05-01 22:28:00
SES-10584,USR-129,PROD-108,USB-C Multi-Port Hub,Computers > Accessories > Hubs,add_to_cart,3,2026-05-04 16:41:00
SES-10582,USR-129,PROD-103,Studio Wired Headphones,Electronics > Audio > Headphones,view,1,2026-06-01 21:23:00
SES-10596,USR-129,PROD-102,Bluetooth Sports Earbuds,Electronics > Audio > Headphones,view,1,2026-06-02 04:42:00
SES-10597,USR-129,PROD-101,Wireless Noise-Canceling Headphones,Electronics > Audio > Headphones,purchase,5,2026-06-23 14:28:00
SES-10614,USR-130,PROD-115,Water-Resistant Gym Duffel,Apparel > Accessories > Bags,view,1,2026-01-04 20:06:00
SES-10613,USR-130,PROD-113,Running Shoes Ultra Light,Apparel > Footwear > Shoes,purchase,5,2026-01-09 01:03:00
SES-10601,USR-130,PROD-113,Running Shoes Ultra Light,Apparel > Footwear > Shoes,add_to_cart,3,2026-01-19 00:40:00
SES-10619,USR-130,PROD-114,Moisture-Wicking Sports Tee,Apparel > Clothing > Activewear,purchase,5,2026-01-20 08:17:00
SES-10602,USR-130,PROD-113,Running Shoes Ultra Light,Apparel > Footwear > Shoes,add_to_cart,3,2026-01-22 11:27:00
SES-10618,USR-130,PROD-114,Moisture-Wicking Sports Tee,Apparel > Clothing > Activewear,add_to_cart,3,2026-01-28 01:32:00
SES-10615,USR-130,PROD-115,Water-Resistant Gym Duffel,Apparel > Accessories > Bags,add_to_cart,3,2026-02-02 01:09:00
SES-10603,USR-130,PROD-115,Water-Resistant Gym Duffel,Apparel > Accessories > Bags,purchase,5,2026-02-23 01:47:00
SES-10619,USR-130,PROD-115,Water-Resistant Gym Duffel,Apparel > Accessories > Bags,purchase,5,2026-02-26 05:39:00
SES-10604,USR-130,PROD-104,4K Ultra HD Smart TV,Electronics > Video > Televisions,add_to_cart,3,2026-03-01 08:31:00
SES-10606,USR-130,PROD-115,Water-Resistant Gym Duffel,Apparel > Accessories > Bags,view,1,2026-03-18 23:26:00
SES-10619,USR-130,PROD-113,Running Shoes Ultra Light,Apparel > Footwear > Shoes,view,1,2026-04-09 08:04:00
SES-10600,USR-130,PROD-112,Organic Green Tea Bags,Grocery > Beverages > Tea,view,1,2026-04-16 01:13:00
SES-10602,USR-130,PROD-115,Water-Resistant Gym Duffel,Apparel > Accessories > Bags,add_to_cart,3,2026-04-29 03:00:00
SES-10600,USR-130,PROD-113,Running Shoes Ultra Light,Apparel > Footwear > Shoes,purchase,5,2026-05-29 23:34:00
SES-10619,USR-130,PROD-114,Moisture-Wicking Sports Tee,Apparel > Clothing > Activewear,view,1,2026-06-11 08:13:00
SES-10606,USR-130,PROD-115,Water-Resistant Gym Duffel,Apparel > Accessories > Bags,purchase,5,2026-06-16 09:23:00
SES-10600,USR-130,PROD-114,Moisture-Wicking Sports Tee,Apparel > Clothing > Activewear,view,1,2026-06-16 22:55:00
SES-10603,USR-130,PROD-114,Moisture-Wicking Sports Tee,Apparel > Clothing > Activewear,add_to_cart,3,2026-06-26 06:19:00
SES-10606,USR-130,PROD-114,Moisture-Wicking Sports Tee,Apparel > Clothing > Activewear,purchase,5,2026-06-27 18:09:00
SES-10634,USR-131,PROD-101,Wireless Noise-Canceling Headphones,Electronics > Audio > Headphones,view,1,2026-01-02 15:28:00
SES-10633,USR-131,PROD-101,Wireless Noise-Canceling Headphones,Electronics > Audio > Headphones,add_to_cart,3,2026-01-26 15:20:00
SES-10627,USR-131,PROD-108,USB-C Multi-Port Hub,Computers > Accessories > Hubs,add_to_cart,3,2026-02-04 01:00:00
SES-10624,USR-131,PROD-101,Wireless Noise-Canceling Headphones,Electronics > Audio > Headphones,purchase,5,2026-02-07 22:24:00
SES-10628,USR-131,PROD-101,Wireless Noise-Canceling Headphones,Electronics > Audio > Headphones,purchase,5,2026-02-22 16:53:00
SES-10629,USR-131,PROD-108,USB-C Multi-Port Hub,Computers > Accessories > Hubs,purchase,5,2026-02-24 22:59:00
SES-10626,USR-131,PROD-107,Wireless Vertical Mouse,Computers > Accessories > Mice,add_to_cart,3,2026-03-18 15:05:00
SES-10623,USR-131,PROD-102,Bluetooth Sports Earbuds,Electronics > Audio > Headphones,add_to_cart,3,2026-04-01 00:48:00
SES-10624,USR-131,PROD-102,Bluetooth Sports Earbuds,Electronics > Audio > Headphones,purchase,5,2026-04-18 09:02:00
SES-10635,USR-131,PROD-113,Running Shoes Ultra Light,Apparel > Footwear > Shoes,view,1,2026-05-12 01:14:00
SES-10636,USR-131,PROD-101,Wireless Noise-Canceling Headphones,Electronics > Audio > Headphones,add_to_cart,3,2026-05-17 13:34:00
SES-10629,USR-131,PROD-103,Studio Wired Headphones,Electronics > Audio > Headphones,purchase,5,2026-05-20 05:35:00
SES-10621,USR-131,PROD-101,Wireless Noise-Canceling Headphones,Electronics > Audio > Headphones,view,1,2026-05-27 10:34:00
SES-10621,USR-131,PROD-108,USB-C Multi-Port Hub,Computers > Accessories > Hubs,view,1,2026-05-27 14:47:00
SES-10625,USR-131,PROD-101,Wireless Noise-Canceling Headphones,Electronics > Audio > Headphones,view,1,2026-06-18 08:12:00
SES-10636,USR-131,PROD-108,USB-C Multi-Port Hub,Computers > Accessories > Hubs,view,1,2026-06-21 20:58:00
SES-10624,USR-131,PROD-101,Wireless Noise-Canceling Headphones,Electronics > Audio > Headphones,view,1,2026-06-24 08:12:00
SES-10633,USR-131,PROD-103,Studio Wired Headphones,Electronics > Audio > Headphones,view,1,2026-06-26 22:00:00
SES-10626,USR-131,PROD-108,USB-C Multi-Port Hub,Computers > Accessories > Hubs,view,1,2026-06-30 12:51:00
SES-10654,USR-132,PROD-110,Electric Pour-Over Kettle,Grocery > Appliances > Coffee,purchase,5,2026-01-02 10:03:00
SES-10652,USR-132,PROD-109,Premium Arabica Coffee Beans,Grocery > Beverages > Coffee,view,1,2026-01-07 13:25:00
SES-10648,USR-132,PROD-111,Stainless Steel Travel Mug,Grocery > Drinkware > Mugs,add_to_cart,3,2026-01-11 08:56:00
SES-10643,USR-132,PROD-110,Electric Pour-Over Kettle,Grocery > Appliances > Coffee,view,1,2026-01-18 06:36:00
SES-10654,USR-132,PROD-110,Electric Pour-Over Kettle,Grocery > Appliances > Coffee,purchase,5,2026-01-27 16:26:00
SES-10649,USR-132,PROD-110,Electric Pour-Over Kettle,Grocery > Appliances > Coffee,purchase,5,2026-01-27 23:31:00
SES-10659,USR-132,PROD-112,Organic Green Tea Bags,Grocery > Beverages > Tea,purchase,5,2026-02-06 02:11:00
SES-10650,USR-132,PROD-109,Premium Arabica Coffee Beans,Grocery > Beverages > Coffee,view,1,2026-02-14 13:17:00
SES-10659,USR-132,PROD-112,Organic Green Tea Bags,Grocery > Beverages > Tea,add_to_cart,3,2026-02-26 17:37:00
SES-10642,USR-132,PROD-110,Electric Pour-Over Kettle,Grocery > Appliances > Coffee,add_to_cart,3,2026-03-04 21:17:00
SES-10648,USR-132,PROD-111,Stainless Steel Travel Mug,Grocery > Drinkware > Mugs,view,1,2026-03-13 09:23:00
SES-10651,USR-132,PROD-111,Stainless Steel Travel Mug,Grocery > Drinkware > Mugs,purchase,5,2026-03-14 08:59:00
SES-10659,USR-132,PROD-109,Premium Arabica Coffee Beans,Grocery > Beverages > Coffee,purchase,5,2026-03-14 16:03:00
SES-10654,USR-132,PROD-111,Stainless Steel Travel Mug,Grocery > Drinkware > Mugs,purchase,5,2026-03-20 13:11:00
SES-10647,USR-132,PROD-109,Premium Arabica Coffee Beans,Grocery > Beverages > Coffee,view,1,2026-03-29 14:39:00
SES-10640,USR-132,PROD-109,Premium Arabica Coffee Beans,Grocery > Beverages > Coffee,view,1,2026-04-07 11:23:00
SES-10653,USR-132,PROD-112,Organic Green Tea Bags,Grocery > Beverages > Tea,view,1,2026-05-09 23:42:00
SES-10652,USR-132,PROD-111,Stainless Steel Travel Mug,Grocery > Drinkware > Mugs,purchase,5,2026-05-16 10:03:00
SES-10642,USR-132,PROD-112,Organic Green Tea Bags,Grocery > Beverages > Tea,purchase,5,2026-05-29 00:33:00
SES-10641,USR-132,PROD-110,Electric Pour-Over Kettle,Grocery > Appliances > Coffee,view,1,2026-06-03 07:52:00
SES-10641,USR-132,PROD-111,Stainless Steel Travel Mug,Grocery > Drinkware > Mugs,view,1,2026-06-04 22:21:00
SES-10648,USR-132,PROD-111,Stainless Steel Travel Mug,Grocery > Drinkware > Mugs,view,1,2026-06-07 01:08:00
SES-10658,USR-132,PROD-106,Ergonomic Mechanical Keyboard,Computers > Accessories > Keyboards,view,1,2026-06-10 11:38:00
SES-10641,USR-132,PROD-109,Premium Arabica Coffee Beans,Grocery > Beverages > Coffee,add_to_cart,3,2026-06-22 22:27:00
SES-10652,USR-132,PROD-110,Electric Pour-Over Kettle,Grocery > Appliances > Coffee,view,1,2026-06-27 04:43:00
SES-10665,USR-133,PROD-111,Stainless Steel Travel Mug,Grocery > Drinkware > Mugs,view,1,2026-01-12 10:10:00
SES-10669,USR-133,PROD-109,Premium Arabica Coffee Beans,Grocery > Beverages > Coffee,view,1,2026-01-15 02:24:00
SES-10671,USR-133,PROD-110,Electric Pour-Over Kettle,Grocery > Appliances > Coffee,view,1,2026-01-18 17:56:00
SES-10674,USR-133,PROD-111,Stainless Steel Travel Mug,Grocery > Drinkware > Mugs,view,1,2026-01-19 00:19:00
SES-10662,USR-133,PROD-109,Premium Arabica Coffee Beans,Grocery > Beverages > Coffee,purchase,5,2026-01-21 15:38:00
SES-10660,USR-133,PROD-111,Stainless Steel Travel Mug,Grocery > Drinkware > Mugs,add_to_cart,3,2026-01-24 16:47:00
SES-10672,USR-133,PROD-110,Electric Pour-Over Kettle,Grocery > Appliances > Coffee,view,1,2026-01-27 03:31:00
SES-10674,USR-133,PROD-109,Premium Arabica Coffee Beans,Grocery > Beverages > Coffee,view,1,2026-02-04 01:04:00
SES-10662,USR-133,PROD-109,Premium Arabica Coffee Beans,Grocery > Beverages > Coffee,view,1,2026-02-06 11:48:00
SES-10663,USR-133,PROD-109,Premium Arabica Coffee Beans,Grocery > Beverages > Coffee,view,1,2026-02-24 03:46:00
SES-10672,USR-133,PROD-111,Stainless Steel Travel Mug,Grocery > Drinkware > Mugs,view,1,2026-02-25 15:16:00
SES-10662,USR-133,PROD-112,Organic Green Tea Bags,Grocery > Beverages > Tea,purchase,5,2026-03-09 14:40:00
SES-10670,USR-133,PROD-111,Stainless Steel Travel Mug,Grocery > Drinkware > Mugs,purchase,5,2026-03-11 11:44:00
SES-10675,USR-133,PROD-111,Stainless Steel Travel Mug,Grocery > Drinkware > Mugs,add_to_cart,3,2026-04-16 03:00:00
SES-10671,USR-133,PROD-111,Stainless Steel Travel Mug,Grocery > Drinkware > Mugs,view,1,2026-04-16 17:16:00
SES-10673,USR-133,PROD-110,Electric Pour-Over Kettle,Grocery > Appliances > Coffee,purchase,5,2026-04-25 14:36:00
SES-10666,USR-133,PROD-109,Premium Arabica Coffee Beans,Grocery > Beverages > Coffee,add_to_cart,3,2026-04-28 08:21:00
SES-10672,USR-133,PROD-112,Organic Green Tea Bags,Grocery > Beverages > Tea,view,1,2026-05-03 13:05:00
SES-10662,USR-133,PROD-109,Premium Arabica Coffee Beans,Grocery > Beverages > Coffee,view,1,2026-05-03 17:56:00
SES-10661,USR-133,PROD-107,Wireless Vertical Mouse,Computers > Accessories > Mice,purchase,5,2026-05-16 01:20:00
SES-10670,USR-133,PROD-110,Electric Pour-Over Kettle,Grocery > Appliances > Coffee,purchase,5,2026-05-18 01:37:00
SES-10665,USR-133,PROD-109,Premium Arabica Coffee Beans,Grocery > Beverages > Coffee,view,1,2026-06-01 16:28:00
SES-10661,USR-133,PROD-112,Organic Green Tea Bags,Grocery > Beverages > Tea,purchase,5,2026-06-11 00:43:00
SES-10679,USR-133,PROD-111,Stainless Steel Travel Mug,Grocery > Drinkware > Mugs,view,1,2026-06-11 02:15:00
SES-10661,USR-133,PROD-107,Wireless Vertical Mouse,Computers > Accessories > Mice,add_to_cart,3,2026-06-21 00:27:00
SES-10672,USR-133,PROD-112,Organic Green Tea Bags,Grocery > Beverages > Tea,purchase,5,2026-06-22 22:16:00
SES-10689,USR-134,PROD-110,Electric Pour-Over Kettle,Grocery > Appliances > Coffee,add_to_cart,3,2026-01-02 16:33:00
SES-10689,USR-134,PROD-111,Stainless Steel Travel Mug,Grocery > Drinkware > Mugs,purchase,5,2026-01-18 08:02:00
SES-10692,USR-134,PROD-111,Stainless Steel Travel Mug,Grocery > Drinkware > Mugs,add_to_cart,3,2026-01-28 07:21:00
SES-10687,USR-134,PROD-110,Electric Pour-Over Kettle,Grocery > Appliances > Coffee,view,1,2026-02-18 19:24:00
SES-10681,USR-134,PROD-111,Stainless Steel Travel Mug,Grocery > Drinkware > Mugs,view,1,2026-02-20 16:21:00
SES-10684,USR-134,PROD-112,Organic Green Tea Bags,Grocery > Beverages > Tea,purchase,5,2026-02-24 14:11:00
SES-10695,USR-134,PROD-111,Stainless Steel Travel Mug,Grocery > Drinkware > Mugs,purchase,5,2026-03-13 11:14:00
SES-10695,USR-134,PROD-112,Organic Green Tea Bags,Grocery > Beverages > Tea,purchase,5,2026-03-26 10:00:00
SES-10688,USR-134,PROD-110,Electric Pour-Over Kettle,Grocery > Appliances > Coffee,purchase,5,2026-03-28 20:24:00
SES-10688,USR-134,PROD-109,Premium Arabica Coffee Beans,Grocery > Beverages > Coffee,purchase,5,2026-03-29 01:47:00
SES-10691,USR-134,PROD-112,Organic Green Tea Bags,Grocery > Beverages > Tea,add_to_cart,3,2026-04-04 01:32:00
SES-10694,USR-134,PROD-110,Electric Pour-Over Kettle,Grocery > Appliances > Coffee,view,1,2026-04-11 12:09:00
SES-10695,USR-134,PROD-110,Electric Pour-Over Kettle,Grocery > Appliances > Coffee,view,1,2026-04-12 10:53:00
SES-10689,USR-134,PROD-110,Electric Pour-Over Kettle,Grocery > Appliances > Coffee,purchase,5,2026-04-20 13:47:00
SES-10694,USR-134,PROD-111,Stainless Steel Travel Mug,Grocery > Drinkware > Mugs,view,1,2026-04-27 20:08:00
SES-10685,USR-134,PROD-112,Organic Green Tea Bags,Grocery > Beverages > Tea,view,1,2026-05-05 02:45:00
SES-10697,USR-134,PROD-112,Organic Green Tea Bags,Grocery > Beverages > Tea,view,1,2026-05-07 13:57:00
SES-10683,USR-134,PROD-111,Stainless Steel Travel Mug,Grocery > Drinkware > Mugs,view,1,2026-05-18 13:24:00
SES-10684,USR-134,PROD-109,Premium Arabica Coffee Beans,Grocery > Beverages > Coffee,purchase,5,2026-05-29 23:37:00
SES-10687,USR-134,PROD-112,Organic Green Tea Bags,Grocery > Beverages > Tea,view,1,2026-06-09 07:18:00
SES-10688,USR-134,PROD-109,Premium Arabica Coffee Beans,Grocery > Beverages > Coffee,view,1,2026-06-12 12:09:00
SES-10690,USR-134,PROD-109,Premium Arabica Coffee Beans,Grocery > Beverages > Coffee,add_to_cart,3,2026-06-16 05:09:00
SES-10686,USR-134,PROD-111,Stainless Steel Travel Mug,Grocery > Drinkware > Mugs,view,1,2026-06-28 10:12:00
SES-10716,USR-135,PROD-103,Studio Wired Headphones,Electronics > Audio > Headphones,view,1,2026-01-07 00:20:00
SES-10700,USR-135,PROD-108,USB-C Multi-Port Hub,Computers > Accessories > Hubs,purchase,5,2026-01-29 05:13:00
SES-10705,USR-135,PROD-102,Bluetooth Sports Earbuds,Electronics > Audio > Headphones,view,1,2026-02-09 09:41:00
SES-10716,USR-135,PROD-108,USB-C Multi-Port Hub,Computers > Accessories > Hubs,purchase,5,2026-02-20 00:02:00
SES-10708,USR-135,PROD-102,Bluetooth Sports Earbuds,Electronics > Audio > Headphones,view,1,2026-02-21 03:08:00
SES-10709,USR-135,PROD-108,USB-C Multi-Port Hub,Computers > Accessories > Hubs,purchase,5,2026-02-23 07:26:00
SES-10702,USR-135,PROD-107,Wireless Vertical Mouse,Computers > Accessories > Mice,purchase,5,2026-02-23 08:34:00
SES-10700,USR-135,PROD-102,Bluetooth Sports Earbuds,Electronics > Audio > Headphones,view,1,2026-03-02 15:14:00
SES-10712,USR-135,PROD-102,Bluetooth Sports Earbuds,Electronics > Audio > Headphones,view,1,2026-03-08 07:25:00
SES-10707,USR-135,PROD-102,Bluetooth Sports Earbuds,Electronics > Audio > Headphones,view,1,2026-03-18 03:08:00
SES-10716,USR-135,PROD-103,Studio Wired Headphones,Electronics > Audio > Headphones,purchase,5,2026-04-02 15:59:00
SES-10712,USR-135,PROD-108,USB-C Multi-Port Hub,Computers > Accessories > Hubs,view,1,2026-05-20 22:42:00
SES-10713,USR-135,PROD-103,Studio Wired Headphones,Electronics > Audio > Headphones,purchase,5,2026-05-31 10:47:00
SES-10710,USR-135,PROD-101,Wireless Noise-Canceling Headphones,Electronics > Audio > Headphones,purchase,5,2026-06-04 14:50:00
SES-10705,USR-135,PROD-103,Studio Wired Headphones,Electronics > Audio > Headphones,view,1,2026-06-07 10:12:00
SES-10709,USR-135,PROD-101,Wireless Noise-Canceling Headphones,Electronics > Audio > Headphones,view,1,2026-06-08 07:31:00
SES-10702,USR-135,PROD-102,Bluetooth Sports Earbuds,Electronics > Audio > Headphones,view,1,2026-06-09 15:05:00
SES-10716,USR-135,PROD-102,Bluetooth Sports Earbuds,Electronics > Audio > Headphones,purchase,5,2026-06-20 12:48:00
SES-10716,USR-135,PROD-103,Studio Wired Headphones,Electronics > Audio > Headphones,view,1,2026-06-21 09:32:00
SES-10702,USR-135,PROD-108,USB-C Multi-Port Hub,Computers > Accessories > Hubs,purchase,5,2026-06-28 19:50:00
SES-10714,USR-135,PROD-108,USB-C Multi-Port Hub,Computers > Accessories > Hubs,purchase,5,2026-06-28 20:37:00
SES-10738,USR-136,PROD-115,Water-Resistant Gym Duffel,Apparel > Accessories > Bags,view,1,2026-01-02 20:48:00
SES-10734,USR-136,PROD-114,Moisture-Wicking Sports Tee,Apparel > Clothing > Activewear,add_to_cart,3,2026-01-14 23:26:00
SES-10724,USR-136,PROD-113,Running Shoes Ultra Light,Apparel > Footwear > Shoes,purchase,5,2026-01-16 15:53:00
SES-10721,USR-136,PROD-114,Moisture-Wicking Sports Tee,Apparel > Clothing > Activewear,view,1,2026-01-17 13:59:00
SES-10723,USR-136,PROD-114,Moisture-Wicking Sports Tee,Apparel > Clothing > Activewear,purchase,5,2026-01-18 12:17:00
SES-10730,USR-136,PROD-114,Moisture-Wicking Sports Tee,Apparel > Clothing > Activewear,view,1,2026-01-20 15:20:00
SES-10733,USR-136,PROD-104,4K Ultra HD Smart TV,Electronics > Video > Televisions,add_to_cart,3,2026-01-21 09:55:00
SES-10725,USR-136,PROD-113,Running Shoes Ultra Light,Apparel > Footwear > Shoes,view,1,2026-01-25 08:34:00
SES-10735,USR-136,PROD-113,Running Shoes Ultra Light,Apparel > Footwear > Shoes,view,1,2026-01-25 11:15:00
SES-10720,USR-136,PROD-109,Premium Arabica Coffee Beans,Grocery > Beverages > Coffee,purchase,5,2026-01-29 14:11:00
SES-10733,USR-136,PROD-113,Running Shoes Ultra Light,Apparel > Footwear > Shoes,view,1,2026-02-02 04:29:00
SES-10733,USR-136,PROD-114,Moisture-Wicking Sports Tee,Apparel > Clothing > Activewear,purchase,5,2026-02-04 02:53:00
SES-10724,USR-136,PROD-114,Moisture-Wicking Sports Tee,Apparel > Clothing > Activewear,view,1,2026-02-19 06:14:00
SES-10723,USR-136,PROD-113,Running Shoes Ultra Light,Apparel > Footwear > Shoes,view,1,2026-03-30 20:51:00
SES-10725,USR-136,PROD-113,Running Shoes Ultra Light,Apparel > Footwear > Shoes,view,1,2026-03-31 11:11:00
SES-10720,USR-136,PROD-104,4K Ultra HD Smart TV,Electronics > Video > Televisions,view,1,2026-04-01 17:56:00
SES-10739,USR-136,PROD-115,Water-Resistant Gym Duffel,Apparel > Accessories > Bags,view,1,2026-04-05 18:36:00
SES-10723,USR-136,PROD-115,Water-Resistant Gym Duffel,Apparel > Accessories > Bags,purchase,5,2026-04-15 18:55:00
SES-10731,USR-136,PROD-115,Water-Resistant Gym Duffel,Apparel > Accessories > Bags,view,1,2026-04-15 22:15:00
SES-10735,USR-136,PROD-115,Water-Resistant Gym Duffel,Apparel > Accessories > Bags,purchase,5,2026-04-19 22:50:00
SES-10733,USR-136,PROD-113,Running Shoes Ultra Light,Apparel > Footwear > Shoes,add_to_cart,3,2026-04-25 14:15:00
SES-10732,USR-136,PROD-114,Moisture-Wicking Sports Tee,Apparel > Clothing > Activewear,view,1,2026-05-04 15:41:00
SES-10728,USR-136,PROD-107,Wireless Vertical Mouse,Computers > Accessories > Mice,view,1,2026-05-23 15:30:00
SES-10735,USR-136,PROD-114,Moisture-Wicking Sports Tee,Apparel > Clothing > Activewear,purchase,5,2026-06-04 08:16:00
SES-10734,USR-136,PROD-115,Water-Resistant Gym Duffel,Apparel > Accessories > Bags,view,1,2026-06-09 14:04:00
SES-10721,USR-136,PROD-114,Moisture-Wicking Sports Tee,Apparel > Clothing > Activewear,view,1,2026-06-20 12:52:00
SES-10724,USR-136,PROD-114,Moisture-Wicking Sports Tee,Apparel > Clothing > Activewear,purchase,5,2026-06-29 08:11:00
SES-10749,USR-137,PROD-103,Studio Wired Headphones,Electronics > Audio > Headphones,view,1,2026-01-03 17:40:00
SES-10745,USR-137,PROD-102,Bluetooth Sports Earbuds,Electronics > Audio > Headphones,purchase,5,2026-01-04 05:41:00
SES-10748,USR-137,PROD-108,USB-C Multi-Port Hub,Computers > Accessories > Hubs,add_to_cart,3,2026-01-08 07:13:00
SES-10749,USR-137,PROD-108,USB-C Multi-Port Hub,Computers > Accessories > Hubs,purchase,5,2026-01-14 07:16:00
SES-10744,USR-137,PROD-108,USB-C Multi-Port Hub,Computers > Accessories > Hubs,view,1,2026-01-19 09:38:00
SES-10754,USR-137,PROD-107,Wireless Vertical Mouse,Computers > Accessories > Mice,purchase,5,2026-01-27 03:31:00
SES-10747,USR-137,PROD-101,Wireless Noise-Canceling Headphones,Electronics > Audio > Headphones,purchase,5,2026-01-27 12:55:00
SES-10745,USR-137,PROD-108,USB-C Multi-Port Hub,Computers > Accessories > Hubs,view,1,2026-02-04 15:37:00
SES-10746,USR-137,PROD-102,Bluetooth Sports Earbuds,Electronics > Audio > Headphones,add_to_cart,3,2026-02-09 02:55:00
SES-10758,USR-137,PROD-105,OLED Gaming Monitor,Electronics > Video > Monitors,view,1,2026-02-11 17:05:00
SES-10744,USR-137,PROD-108,USB-C Multi-Port Hub,Computers > Accessories > Hubs,view,1,2026-02-15 05:33:00
SES-10755,USR-137,PROD-102,Bluetooth Sports Earbuds,Electronics > Audio > Headphones,view,1,2026-02-17 06:00:00
SES-10752,USR-137,PROD-101,Wireless Noise-Canceling Headphones,Electronics > Audio > Headphones,add_to_cart,3,2026-02-20 06:13:00
SES-10753,USR-137,PROD-108,USB-C Multi-Port Hub,Computers > Accessories > Hubs,purchase,5,2026-03-06 17:41:00
SES-10757,USR-137,PROD-108,USB-C Multi-Port Hub,Computers > Accessories > Hubs,view,1,2026-03-18 03:30:00
SES-10745,USR-137,PROD-102,Bluetooth Sports Earbuds,Electronics > Audio > Headphones,add_to_cart,3,2026-04-01 10:53:00
SES-10740,USR-137,PROD-103,Studio Wired Headphones,Electronics > Audio > Headphones,view,1,2026-04-28 05:02:00
SES-10747,USR-137,PROD-102,Bluetooth Sports Earbuds,Electronics > Audio > Headphones,view,1,2026-05-07 09:29:00
SES-10749,USR-137,PROD-101,Wireless Noise-Canceling Headphones,Electronics > Audio > Headphones,view,1,2026-05-09 10:34:00
SES-10742,USR-137,PROD-103,Studio Wired Headphones,Electronics > Audio > Headphones,add_to_cart,3,2026-05-27 23:18:00
SES-10758,USR-137,PROD-108,USB-C Multi-Port Hub,Computers > Accessories > Hubs,add_to_cart,3,2026-06-07 20:46:00
SES-10776,USR-138,PROD-115,Water-Resistant Gym Duffel,Apparel > Accessories > Bags,add_to_cart,3,2026-01-11 18:13:00
SES-10775,USR-138,PROD-114,Moisture-Wicking Sports Tee,Apparel > Clothing > Activewear,purchase,5,2026-01-18 18:19:00
SES-10763,USR-138,PROD-114,Moisture-Wicking Sports Tee,Apparel > Clothing > Activewear,purchase,5,2026-01-20 07:09:00
SES-10772,USR-138,PROD-111,Stainless Steel Travel Mug,Grocery > Drinkware > Mugs,purchase,5,2026-01-27 05:58:00
SES-10760,USR-138,PROD-115,Water-Resistant Gym Duffel,Apparel > Accessories > Bags,view,1,2026-01-27 09:37:00
SES-10765,USR-138,PROD-114,Moisture-Wicking Sports Tee,Apparel > Clothing > Activewear,purchase,5,2026-01-31 00:28:00
SES-10764,USR-138,PROD-114,Moisture-Wicking Sports Tee,Apparel > Clothing > Activewear,view,1,2026-02-12 10:29:00
SES-10777,USR-138,PROD-113,Running Shoes Ultra Light,Apparel > Footwear > Shoes,add_to_cart,3,2026-02-13 12:20:00
SES-10767,USR-138,PROD-114,Moisture-Wicking Sports Tee,Apparel > Clothing > Activewear,add_to_cart,3,2026-02-18 17:49:00
SES-10762,USR-138,PROD-112,Organic Green Tea Bags,Grocery > Beverages > Tea,view,1,2026-03-08 14:55:00
SES-10774,USR-138,PROD-114,Moisture-Wicking Sports Tee,Apparel > Clothing > Activewear,add_to_cart,3,2026-03-12 20:11:00
SES-10769,USR-138,PROD-115,Water-Resistant Gym Duffel,Apparel > Accessories > Bags,purchase,5,2026-03-18 15:35:00
SES-10776,USR-138,PROD-115,Water-Resistant Gym Duffel,Apparel > Accessories > Bags,view,1,2026-04-01 09:07:00
SES-10769,USR-138,PROD-113,Running Shoes Ultra Light,Apparel > Footwear > Shoes,purchase,5,2026-04-01 14:16:00
SES-10777,USR-138,PROD-113,Running Shoes Ultra Light,Apparel > Footwear > Shoes,view,1,2026-04-06 11:55:00
SES-10775,USR-138,PROD-113,Running Shoes Ultra Light,Apparel > Footwear > Shoes,purchase,5,2026-04-16 21:41:00
SES-10769,USR-138,PROD-111,Stainless Steel Travel Mug,Grocery > Drinkware > Mugs,purchase,5,2026-05-14 14:35:00
SES-10775,USR-138,PROD-104,4K Ultra HD Smart TV,Electronics > Video > Televisions,add_to_cart,3,2026-05-27 01:55:00
SES-10763,USR-138,PROD-114,Moisture-Wicking Sports Tee,Apparel > Clothing > Activewear,view,1,2026-05-30 05:18:00
SES-10773,USR-138,PROD-113,Running Shoes Ultra Light,Apparel > Footwear > Shoes,view,1,2026-06-06 16:05:00
SES-10772,USR-138,PROD-115,Water-Resistant Gym Duffel,Apparel > Accessories > Bags,purchase,5,2026-06-20 11:44:00
SES-10762,USR-138,PROD-106,Ergonomic Mechanical Keyboard,Computers > Accessories > Keyboards,add_to_cart,3,2026-06-20 21:17:00
SES-10775,USR-138,PROD-115,Water-Resistant Gym Duffel,Apparel > Accessories > Bags,view,1,2026-06-29 13:54:00
SES-10791,USR-139,PROD-103,Studio Wired Headphones,Electronics > Audio > Headphones,view,1,2026-01-02 10:31:00
SES-10791,USR-139,PROD-102,Bluetooth Sports Earbuds,Electronics > Audio > Headphones,view,1,2026-01-07 08:50:00
SES-10787,USR-139,PROD-108,USB-C Multi-Port Hub,Computers > Accessories > Hubs,add_to_cart,3,2026-01-18 15:59:00
SES-10796,USR-139,PROD-101,Wireless Noise-Canceling Headphones,Electronics > Audio > Headphones,purchase,5,2026-02-04 11:44:00
SES-10793,USR-139,PROD-108,USB-C Multi-Port Hub,Computers > Accessories > Hubs,purchase,5,2026-02-05 10:48:00
SES-10790,USR-139,PROD-103,Studio Wired Headphones,Electronics > Audio > Headphones,purchase,5,2026-02-13 00:09:00
SES-10797,USR-139,PROD-101,Wireless Noise-Canceling Headphones,Electronics > Audio > Headphones,purchase,5,2026-02-17 19:01:00
SES-10782,USR-139,PROD-103,Studio Wired Headphones,Electronics > Audio > Headphones,view,1,2026-02-22 05:18:00
SES-10785,USR-139,PROD-101,Wireless Noise-Canceling Headphones,Electronics > Audio > Headphones,add_to_cart,3,2026-03-04 12:33:00
SES-10787,USR-139,PROD-103,Studio Wired Headphones,Electronics > Audio > Headphones,view,1,2026-04-06 10:12:00
SES-10797,USR-139,PROD-111,Stainless Steel Travel Mug,Grocery > Drinkware > Mugs,view,1,2026-04-10 22:22:00
SES-10796,USR-139,PROD-103,Studio Wired Headphones,Electronics > Audio > Headphones,purchase,5,2026-04-13 12:51:00
SES-10797,USR-139,PROD-103,Studio Wired Headphones,Electronics > Audio > Headphones,purchase,5,2026-05-05 18:25:00
SES-10781,USR-139,PROD-103,Studio Wired Headphones,Electronics > Audio > Headphones,view,1,2026-05-24 20:48:00
SES-10798,USR-139,PROD-107,Wireless Vertical Mouse,Computers > Accessories > Mice,add_to_cart,3,2026-06-06 09:28:00
SES-10784,USR-139,PROD-102,Bluetooth Sports Earbuds,Electronics > Audio > Headphones,view,1,2026-06-15 00:32:00
SES-10793,USR-139,PROD-102,Bluetooth Sports Earbuds,Electronics > Audio > Headphones,view,1,2026-06-24 09:51:00
SES-10819,USR-140,PROD-112,Organic Green Tea Bags,Grocery > Beverages > Tea,view,1,2026-01-09 07:54:00
SES-10818,USR-140,PROD-112,Organic Green Tea Bags,Grocery > Beverages > Tea,purchase,5,2026-01-11 10:47:00
SES-10804,USR-140,PROD-110,Electric Pour-Over Kettle,Grocery > Appliances > Coffee,purchase,5,2026-01-20 05:50:00
SES-10805,USR-140,PROD-108,USB-C Multi-Port Hub,Computers > Accessories > Hubs,view,1,2026-01-23 05:27:00
SES-10816,USR-140,PROD-112,Organic Green Tea Bags,Grocery > Beverages > Tea,view,1,2026-01-26 05:15:00
SES-10808,USR-140,PROD-106,Ergonomic Mechanical Keyboard,Computers > Accessories > Keyboards,add_to_cart,3,2026-02-04 02:52:00
SES-10808,USR-140,PROD-112,Organic Green Tea Bags,Grocery > Beverages > Tea,add_to_cart,3,2026-03-05 03:52:00
SES-10817,USR-140,PROD-109,Premium Arabica Coffee Beans,Grocery > Beverages > Coffee,view,1,2026-03-06 16:25:00
SES-10808,USR-140,PROD-109,Premium Arabica Coffee Beans,Grocery > Beverages > Coffee,add_to_cart,3,2026-03-13 22:28:00
SES-10803,USR-140,PROD-111,Stainless Steel Travel Mug,Grocery > Drinkware > Mugs,add_to_cart,3,2026-03-17 12:32:00
SES-10801,USR-140,PROD-110,Electric Pour-Over Kettle,Grocery > Appliances > Coffee,purchase,5,2026-04-04 01:38:00
SES-10810,USR-140,PROD-111,Stainless Steel Travel Mug,Grocery > Drinkware > Mugs,purchase,5,2026-04-16 23:11:00
SES-10812,USR-140,PROD-109,Premium Arabica Coffee Beans,Grocery > Beverages > Coffee,purchase,5,2026-05-01 07:35:00
SES-10818,USR-140,PROD-111,Stainless Steel Travel Mug,Grocery > Drinkware > Mugs,purchase,5,2026-06-07 09:18:00
SES-10819,USR-140,PROD-112,Organic Green Tea Bags,Grocery > Beverages > Tea,add_to_cart,3,2026-06-18 22:08:00
SES-10802,USR-140,PROD-109,Premium Arabica Coffee Beans,Grocery > Beverages > Coffee,view,1,2026-06-19 14:28:00
SES-10804,USR-140,PROD-111,Stainless Steel Travel Mug,Grocery > Drinkware > Mugs,purchase,5,2026-06-19 17:51:00
SES-10830,USR-141,PROD-109,Premium Arabica Coffee Beans,Grocery > Beverages > Coffee,purchase,5,2026-01-15 14:52:00
SES-10822,USR-141,PROD-112,Organic Green Tea Bags,Grocery > Beverages > Tea,purchase,5,2026-01-24 07:54:00
SES-10825,USR-141,PROD-111,Stainless Steel Travel Mug,Grocery > Drinkware > Mugs,purchase,5,2026-02-10 23:38:00
SES-10825,USR-141,PROD-102,Bluetooth Sports Earbuds,Electronics > Audio > Headphones,view,1,2026-02-16 15:25:00
SES-10829,USR-141,PROD-109,Premium Arabica Coffee Beans,Grocery > Beverages > Coffee,view,1,2026-03-08 03:34:00
SES-10821,USR-141,PROD-112,Organic Green Tea Bags,Grocery > Beverages > Tea,view,1,2026-03-16 18:52:00
SES-10820,USR-141,PROD-111,Stainless Steel Travel Mug,Grocery > Drinkware > Mugs,view,1,2026-03-25 18:51:00
SES-10834,USR-141,PROD-109,Premium Arabica Coffee Beans,Grocery > Beverages > Coffee,purchase,5,2026-03-30 23:25:00
SES-10830,USR-141,PROD-111,Stainless Steel Travel Mug,Grocery > Drinkware > Mugs,view,1,2026-04-04 16:43:00
SES-10828,USR-141,PROD-111,Stainless Steel Travel Mug,Grocery > Drinkware > Mugs,add_to_cart,3,2026-04-11 23:23:00
SES-10827,USR-141,PROD-105,OLED Gaming Monitor,Electronics > Video > Monitors,add_to_cart,3,2026-05-12 09:29:00
SES-10825,USR-141,PROD-112,Organic Green Tea Bags,Grocery > Beverages > Tea,purchase,5,2026-05-18 17:07:00
SES-10820,USR-141,PROD-110,Electric Pour-Over Kettle,Grocery > Appliances > Coffee,view,1,2026-06-07 15:34:00
SES-10827,USR-141,PROD-112,Organic Green Tea Bags,Grocery > Beverages > Tea,purchase,5,2026-06-07 18:26:00
SES-10827,USR-141,PROD-109,Premium Arabica Coffee Beans,Grocery > Beverages > Coffee,purchase,5,2026-06-22 05:43:00
SES-10829,USR-141,PROD-109,Premium Arabica Coffee Beans,Grocery > Beverages > Coffee,view,1,2026-06-28 04:11:00
SES-10849,USR-142,PROD-106,Ergonomic Mechanical Keyboard,Computers > Accessories > Keyboards,purchase,5,2026-01-01 06:24:00
SES-10844,USR-142,PROD-107,Wireless Vertical Mouse,Computers > Accessories > Mice,view,1,2026-01-01 14:40:00
SES-10858,USR-142,PROD-108,USB-C Multi-Port Hub,Computers > Accessories > Hubs,view,1,2026-01-02 14:54:00
SES-10840,USR-142,PROD-106,Ergonomic Mechanical Keyboard,Computers > Accessories > Keyboards,view,1,2026-01-03 00:55:00
SES-10842,USR-142,PROD-107,Wireless Vertical Mouse,Computers > Accessories > Mice,purchase,5,2026-02-10 00:34:00
SES-10842,USR-142,PROD-108,USB-C Multi-Port Hub,Computers > Accessories > Hubs,purchase,5,2026-02-12 07:09:00
SES-10851,USR-142,PROD-106,Ergonomic Mechanical Keyboard,Computers > Accessories > Keyboards,add_to_cart,3,2026-02-22 06:31:00
SES-10852,USR-142,PROD-103,Studio Wired Headphones,Electronics > Audio > Headphones,purchase,5,2026-02-26 23:42:00
SES-10850,USR-142,PROD-108,USB-C Multi-Port Hub,Computers > Accessories > Hubs,add_to_cart,3,2026-03-10 01:17:00
SES-10857,USR-142,PROD-107,Wireless Vertical Mouse,Computers > Accessories > Mice,view,1,2026-03-17 10:12:00
SES-10845,USR-142,PROD-107,Wireless Vertical Mouse,Computers > Accessories > Mice,view,1,2026-03-26 07:00:00
SES-10857,USR-142,PROD-107,Wireless Vertical Mouse,Computers > Accessories > Mice,add_to_cart,3,2026-03-29 21:15:00
SES-10840,USR-142,PROD-108,USB-C Multi-Port Hub,Computers > Accessories > Hubs,view,1,2026-04-16 13:44:00
SES-10853,USR-142,PROD-107,Wireless Vertical Mouse,Computers > Accessories > Mice,purchase,5,2026-04-19 20:21:00
SES-10857,USR-142,PROD-108,USB-C Multi-Port Hub,Computers > Accessories > Hubs,purchase,5,2026-04-20 18:29:00
SES-10854,USR-142,PROD-112,Organic Green Tea Bags,Grocery > Beverages > Tea,purchase,5,2026-05-01 00:40:00
SES-10858,USR-142,PROD-108,USB-C Multi-Port Hub,Computers > Accessories > Hubs,view,1,2026-05-08 12:30:00
SES-10854,USR-142,PROD-105,OLED Gaming Monitor,Electronics > Video > Monitors,view,1,2026-05-25 19:18:00
SES-10852,USR-142,PROD-108,USB-C Multi-Port Hub,Computers > Accessories > Hubs,view,1,2026-06-18 05:23:00
SES-10844,USR-142,PROD-104,4K Ultra HD Smart TV,Electronics > Video > Televisions,add_to_cart,3,2026-06-19 08:35:00
SES-10844,USR-142,PROD-107,Wireless Vertical Mouse,Computers > Accessories > Mice,purchase,5,2026-06-20 16:11:00
SES-10875,USR-143,PROD-101,Wireless Noise-Canceling Headphones,Electronics > Audio > Headphones,add_to_cart,3,2026-01-06 04:38:00
SES-10869,USR-143,PROD-108,USB-C Multi-Port Hub,Computers > Accessories > Hubs,view,1,2026-01-12 07:52:00
SES-10879,USR-143,PROD-108,USB-C Multi-Port Hub,Computers > Accessories > Hubs,view,1,2026-01-24 12:43:00
SES-10875,USR-143,PROD-101,Wireless Noise-Canceling Headphones,Electronics > Audio > Headphones,view,1,2026-01-24 21:12:00
SES-10863,USR-143,PROD-103,Studio Wired Headphones,Electronics > Audio > Headphones,add_to_cart,3,2026-02-02 15:39:00
SES-10867,USR-143,PROD-101,Wireless Noise-Canceling Headphones,Electronics > Audio > Headphones,purchase,5,2026-02-08 00:12:00
SES-10863,USR-143,PROD-101,Wireless Noise-Canceling Headphones,Electronics > Audio > Headphones,view,1,2026-03-05 19:22:00
SES-10875,USR-143,PROD-102,Bluetooth Sports Earbuds,Electronics > Audio > Headphones,view,1,2026-03-15 01:36:00
SES-10875,USR-143,PROD-102,Bluetooth Sports Earbuds,Electronics > Audio > Headphones,view,1,2026-03-16 22:47:00
SES-10869,USR-143,PROD-102,Bluetooth Sports Earbuds,Electronics > Audio > Headphones,view,1,2026-04-02 00:12:00
SES-10862,USR-143,PROD-103,Studio Wired Headphones,Electronics > Audio > Headphones,view,1,2026-04-04 12:03:00
SES-10874,USR-143,PROD-106,Ergonomic Mechanical Keyboard,Computers > Accessories > Keyboards,purchase,5,2026-04-15 06:12:00
SES-10875,USR-143,PROD-101,Wireless Noise-Canceling Headphones,Electronics > Audio > Headphones,purchase,5,2026-04-29 12:55:00
SES-10868,USR-143,PROD-102,Bluetooth Sports Earbuds,Electronics > Audio > Headphones,purchase,5,2026-05-01 06:03:00
SES-10876,USR-143,PROD-101,Wireless Noise-Canceling Headphones,Electronics > Audio > Headphones,add_to_cart,3,2026-05-06 00:08:00
SES-10866,USR-143,PROD-102,Bluetooth Sports Earbuds,Electronics > Audio > Headphones,add_to_cart,3,2026-05-06 23:25:00
SES-10867,USR-143,PROD-108,USB-C Multi-Port Hub,Computers > Accessories > Hubs,purchase,5,2026-05-10 16:29:00
SES-10868,USR-143,PROD-102,Bluetooth Sports Earbuds,Electronics > Audio > Headphones,view,1,2026-05-13 06:34:00
SES-10866,USR-143,PROD-103,Studio Wired Headphones,Electronics > Audio > Headphones,view,1,2026-05-14 00:48:00
SES-10863,USR-143,PROD-103,Studio Wired Headphones,Electronics > Audio > Headphones,add_to_cart,3,2026-05-15 07:50:00
SES-10877,USR-143,PROD-108,USB-C Multi-Port Hub,Computers > Accessories > Hubs,view,1,2026-05-27 03:53:00
SES-10887,USR-144,PROD-102,Bluetooth Sports Earbuds,Electronics > Audio > Headphones,view,1,2026-01-11 05:15:00
SES-10896,USR-144,PROD-105,OLED Gaming Monitor,Electronics > Video > Monitors,add_to_cart,3,2026-01-11 10:43:00
SES-10895,USR-144,PROD-108,USB-C Multi-Port Hub,Computers > Accessories > Hubs,purchase,5,2026-01-15 08:41:00
SES-10880,USR-144,PROD-108,USB-C Multi-Port Hub,Computers > Accessories > Hubs,add_to_cart,3,2026-01-17 11:41:00
SES-10883,USR-144,PROD-102,Bluetooth Sports Earbuds,Electronics > Audio > Headphones,purchase,5,2026-02-05 08:04:00
SES-10898,USR-144,PROD-103,Studio Wired Headphones,Electronics > Audio > Headphones,view,1,2026-02-21 08:32:00
SES-10881,USR-144,PROD-108,USB-C Multi-Port Hub,Computers > Accessories > Hubs,view,1,2026-03-19 17:42:00
SES-10887,USR-144,PROD-103,Studio Wired Headphones,Electronics > Audio > Headphones,purchase,5,2026-03-29 14:30:00
SES-10891,USR-144,PROD-108,USB-C Multi-Port Hub,Computers > Accessories > Hubs,view,1,2026-03-30 21:23:00
SES-10888,USR-144,PROD-101,Wireless Noise-Canceling Headphones,Electronics > Audio > Headphones,purchase,5,2026-03-30 21:43:00
SES-10887,USR-144,PROD-103,Studio Wired Headphones,Electronics > Audio > Headphones,view,1,2026-04-09 03:11:00
SES-10897,USR-144,PROD-103,Studio Wired Headphones,Electronics > Audio > Headphones,view,1,2026-04-29 07:54:00
SES-10891,USR-144,PROD-105,OLED Gaming Monitor,Electronics > Video > Monitors,view,1,2026-05-11 16:38:00
SES-10897,USR-144,PROD-102,Bluetooth Sports Earbuds,Electronics > Audio > Headphones,add_to_cart,3,2026-06-01 15:20:00
SES-10919,USR-145,PROD-107,Wireless Vertical Mouse,Computers > Accessories > Mice,view,1,2026-01-02 13:31:00
SES-10917,USR-145,PROD-104,4K Ultra HD Smart TV,Electronics > Video > Televisions,purchase,5,2026-01-06 10:39:00
SES-10908,USR-145,PROD-105,OLED Gaming Monitor,Electronics > Video > Monitors,purchase,5,2026-01-06 23:07:00
SES-10901,USR-145,PROD-107,Wireless Vertical Mouse,Computers > Accessories > Mice,purchase,5,2026-02-02 15:46:00
SES-10910,USR-145,PROD-108,USB-C Multi-Port Hub,Computers > Accessories > Hubs,view,1,2026-02-18 09:18:00
SES-10908,USR-145,PROD-105,OLED Gaming Monitor,Electronics > Video > Monitors,view,1,2026-02-21 10:14:00
SES-10915,USR-145,PROD-107,Wireless Vertical Mouse,Computers > Accessories > Mice,purchase,5,2026-03-05 17:36:00
SES-10915,USR-145,PROD-108,USB-C Multi-Port Hub,Computers > Accessories > Hubs,view,1,2026-03-20 19:43:00
SES-10916,USR-145,PROD-105,OLED Gaming Monitor,Electronics > Video > Monitors,add_to_cart,3,2026-03-28 22:37:00
SES-10917,USR-145,PROD-105,OLED Gaming Monitor,Electronics > Video > Monitors,purchase,5,2026-03-30 15:17:00
SES-10905,USR-145,PROD-102,Bluetooth Sports Earbuds,Electronics > Audio > Headphones,add_to_cart,3,2026-04-06 10:06:00
SES-10919,USR-145,PROD-106,Ergonomic Mechanical Keyboard,Computers > Accessories > Keyboards,view,1,2026-04-19 05:07:00
SES-10916,USR-145,PROD-106,Ergonomic Mechanical Keyboard,Computers > Accessories > Keyboards,add_to_cart,3,2026-05-07 16:10:00
SES-10910,USR-145,PROD-106,Ergonomic Mechanical Keyboard,Computers > Accessories > Keyboards,purchase,5,2026-05-16 12:10:00
SES-10919,USR-145,PROD-108,USB-C Multi-Port Hub,Computers > Accessories > Hubs,view,1,2026-05-17 17:10:00
SES-10919,USR-145,PROD-108,USB-C Multi-Port Hub,Computers > Accessories > Hubs,view,1,2026-05-26 18:18:00
SES-10908,USR-145,PROD-106,Ergonomic Mechanical Keyboard,Computers > Accessories > Keyboards,add_to_cart,3,2026-06-15 13:03:00
SES-10903,USR-145,PROD-115,Water-Resistant Gym Duffel,Apparel > Accessories > Bags,purchase,5,2026-06-18 02:56:00
SES-10911,USR-145,PROD-106,Ergonomic Mechanical Keyboard,Computers > Accessories > Keyboards,add_to_cart,3,2026-06-29 12:11:00
SES-10901,USR-145,PROD-107,Wireless Vertical Mouse,Computers > Accessories > Mice,view,1,2026-06-30 10:09:00
SES-10910,USR-145,PROD-107,Wireless Vertical Mouse,Computers > Accessories > Mice,purchase,5,2026-06-30 19:56:00
SES-10908,USR-145,PROD-107,Wireless Vertical Mouse,Computers > Accessories > Mice,view,1,2026-06-30 23:18:00
SES-10929,USR-146,PROD-109,Premium Arabica Coffee Beans,Grocery > Beverages > Coffee,view,1,2026-01-02 19:02:00
SES-10920,USR-146,PROD-112,Organic Green Tea Bags,Grocery > Beverages > Tea,view,1,2026-01-04 04:42:00
SES-10921,USR-146,PROD-111,Stainless Steel Travel Mug,Grocery > Drinkware > Mugs,purchase,5,2026-01-27 14:11:00
SES-10929,USR-146,PROD-111,Stainless Steel Travel Mug,Grocery > Drinkware > Mugs,view,1,2026-01-29 12:49:00
SES-10936,USR-146,PROD-109,Premium Arabica Coffee Beans,Grocery > Beverages > Coffee,view,1,2026-01-29 19:56:00
SES-10935,USR-146,PROD-106,Ergonomic Mechanical Keyboard,Computers > Accessories > Keyboards,view,1,2026-02-05 05:17:00
SES-10930,USR-146,PROD-109,Premium Arabica Coffee Beans,Grocery > Beverages > Coffee,purchase,5,2026-02-07 20:19:00
SES-10939,USR-146,PROD-113,Running Shoes Ultra Light,Apparel > Footwear > Shoes,purchase,5,2026-02-12 14:56:00
SES-10920,USR-146,PROD-110,Electric Pour-Over Kettle,Grocery > Appliances > Coffee,view,1,2026-03-12 04:39:00
SES-10920,USR-146,PROD-110,Electric Pour-Over Kettle,Grocery > Appliances > Coffee,purchase,5,2026-03-13 01:59:00
SES-10921,USR-146,PROD-109,Premium Arabica Coffee Beans,Grocery > Beverages > Coffee,purchase,5,2026-03-13 03:40:00
SES-10925,USR-146,PROD-112,Organic Green Tea Bags,Grocery > Beverages > Tea,add_to_cart,3,2026-03-18 15:15:00
SES-10921,USR-146,PROD-111,Stainless Steel Travel Mug,Grocery > Drinkware > Mugs,purchase,5,2026-03-29 11:31:00
SES-10927,USR-146,PROD-110,Electric Pour-Over Kettle,Grocery > Appliances > Coffee,view,1,2026-04-13 01:18:00
SES-10922,USR-146,PROD-111,Stainless Steel Travel Mug,Grocery > Drinkware > Mugs,add_to_cart,3,2026-04-25 11:40:00
SES-10926,USR-146,PROD-110,Electric Pour-Over Kettle,Grocery > Appliances > Coffee,view,1,2026-05-14 20:18:00
SES-10936,USR-146,PROD-111,Stainless Steel Travel Mug,Grocery > Drinkware > Mugs,purchase,5,2026-05-28 17:02:00
SES-10934,USR-146,PROD-112,Organic Green Tea Bags,Grocery > Beverages > Tea,purchase,5,2026-05-30 05:39:00
SES-10924,USR-146,PROD-111,Stainless Steel Travel Mug,Grocery > Drinkware > Mugs,add_to_cart,3,2026-05-31 19:49:00
SES-10928,USR-146,PROD-111,Stainless Steel Travel Mug,Grocery > Drinkware > Mugs,view,1,2026-06-02 23:56:00
SES-10936,USR-146,PROD-111,Stainless Steel Travel Mug,Grocery > Drinkware > Mugs,purchase,5,2026-06-04 23:54:00
SES-10923,USR-146,PROD-110,Electric Pour-Over Kettle,Grocery > Appliances > Coffee,add_to_cart,3,2026-06-05 22:32:00
SES-10928,USR-146,PROD-110,Electric Pour-Over Kettle,Grocery > Appliances > Coffee,purchase,5,2026-06-27 13:35:00
SES-10950,USR-147,PROD-106,Ergonomic Mechanical Keyboard,Computers > Accessories > Keyboards,purchase,5,2026-01-03 10:08:00
SES-10941,USR-147,PROD-103,Studio Wired Headphones,Electronics > Audio > Headphones,view,1,2026-01-09 22:46:00
SES-10948,USR-147,PROD-108,USB-C Multi-Port Hub,Computers > Accessories > Hubs,view,1,2026-01-20 20:57:00
SES-10953,USR-147,PROD-103,Studio Wired Headphones,Electronics > Audio > Headphones,view,1,2026-02-07 06:17:00
SES-10943,USR-147,PROD-108,USB-C Multi-Port Hub,Computers > Accessories > Hubs,add_to_cart,3,2026-02-10 06:49:00
SES-10949,USR-147,PROD-102,Bluetooth Sports Earbuds,Electronics > Audio > Headphones,view,1,2026-02-28 02:12:00
SES-10945,USR-147,PROD-101,Wireless Noise-Canceling Headphones,Electronics > Audio > Headphones,purchase,5,2026-03-09 04:54:00
SES-10957,USR-147,PROD-102,Bluetooth Sports Earbuds,Electronics > Audio > Headphones,add_to_cart,3,2026-03-10 13:21:00
SES-10958,USR-147,PROD-106,Ergonomic Mechanical Keyboard,Computers > Accessories > Keyboards,purchase,5,2026-03-15 13:38:00
SES-10953,USR-147,PROD-102,Bluetooth Sports Earbuds,Electronics > Audio > Headphones,view,1,2026-03-18 05:36:00
SES-10943,USR-147,PROD-103,Studio Wired Headphones,Electronics > Audio > Headphones,add_to_cart,3,2026-03-26 08:03:00
SES-10942,USR-147,PROD-108,USB-C Multi-Port Hub,Computers > Accessories > Hubs,view,1,2026-03-29 15:49:00
SES-10950,USR-147,PROD-108,USB-C Multi-Port Hub,Computers > Accessories > Hubs,purchase,5,2026-04-08 20:46:00
SES-10945,USR-147,PROD-108,USB-C Multi-Port Hub,Computers > Accessories > Hubs,view,1,2026-04-16 19:14:00
SES-10958,USR-147,PROD-108,USB-C Multi-Port Hub,Computers > Accessories > Hubs,purchase,5,2026-04-18 21:45:00
SES-10948,USR-147,PROD-102,Bluetooth Sports Earbuds,Electronics > Audio > Headphones,view,1,2026-05-05 11:25:00
SES-10953,USR-147,PROD-103,Studio Wired Headphones,Electronics > Audio > Headphones,purchase,5,2026-05-08 07:47:00
SES-10940,USR-147,PROD-101,Wireless Noise-Canceling Headphones,Electronics > Audio > Headphones,view,1,2026-05-14 13:10:00
SES-10941,USR-147,PROD-101,Wireless Noise-Canceling Headphones,Electronics > Audio > Headphones,view,1,2026-05-30 14:52:00
SES-10947,USR-147,PROD-113,Running Shoes Ultra Light,Apparel > Footwear > Shoes,view,1,2026-06-12 20:13:00
SES-10957,USR-147,PROD-101,Wireless Noise-Canceling Headphones,Electronics > Audio > Headphones,add_to_cart,3,2026-06-15 18:49:00
SES-10947,USR-147,PROD-102,Bluetooth Sports Earbuds,Electronics > Audio > Headphones,view,1,2026-06-15 21:36:00
SES-10951,USR-147,PROD-101,Wireless Noise-Canceling Headphones,Electronics > Audio > Headphones,view,1,2026-06-17 00:56:00
SES-10962,USR-148,PROD-106,Ergonomic Mechanical Keyboard,Computers > Accessories > Keyboards,view,1,2026-01-02 05:58:00
SES-10964,USR-148,PROD-107,Wireless Vertical Mouse,Computers > Accessories > Mice,view,1,2026-01-06 03:58:00
SES-10972,USR-148,PROD-106,Ergonomic Mechanical Keyboard,Computers > Accessories > Keyboards,view,1,2026-01-22 02:28:00
SES-10969,USR-148,PROD-105,OLED Gaming Monitor,Electronics > Video > Monitors,view,1,2026-02-11 06:03:00
SES-10975,USR-148,PROD-107,Wireless Vertical Mouse,Computers > Accessories > Mice,view,1,2026-02-14 13:14:00
SES-10962,USR-148,PROD-108,USB-C Multi-Port Hub,Computers > Accessories > Hubs,view,1,2026-02-15 09:50:00
SES-10977,USR-148,PROD-106,Ergonomic Mechanical Keyboard,Computers > Accessories > Keyboards,add_to_cart,3,2026-02-22 15:47:00
SES-10970,USR-148,PROD-104,4K Ultra HD Smart TV,Electronics > Video > Televisions,view,1,2026-02-22 18:51:00
SES-10964,USR-148,PROD-107,Wireless Vertical Mouse,Computers > Accessories > Mice,view,1,2026-03-09 08:02:00
SES-10977,USR-148,PROD-107,Wireless Vertical Mouse,Computers > Accessories > Mice,view,1,2026-03-14 11:00:00
SES-10962,USR-148,PROD-107,Wireless Vertical Mouse,Computers > Accessories > Mice,purchase,5,2026-03-14 18:34:00
SES-10971,USR-148,PROD-112,Organic Green Tea Bags,Grocery > Beverages > Tea,view,1,2026-04-17 22:18:00
SES-10978,USR-148,PROD-108,USB-C Multi-Port Hub,Computers > Accessories > Hubs,view,1,2026-04-29 14:49:00
SES-10960,USR-148,PROD-107,Wireless Vertical Mouse,Computers > Accessories > Mice,purchase,5,2026-05-10 01:26:00
SES-10971,USR-148,PROD-108,USB-C Multi-Port Hub,Computers > Accessories > Hubs,purchase,5,2026-05-17 15:52:00
SES-10970,USR-148,PROD-105,OLED Gaming Monitor,Electronics > Video > Monitors,purchase,5,2026-06-09 15:47:00
SES-10978,USR-148,PROD-105,OLED Gaming Monitor,Electronics > Video > Monitors,view,1,2026-06-14 19:48:00
SES-10962,USR-148,PROD-105,OLED Gaming Monitor,Electronics > Video > Monitors,purchase,5,2026-06-26 05:33:00
SES-10971,USR-148,PROD-107,Wireless Vertical Mouse,Computers > Accessories > Mice,purchase,5,2026-06-26 14:56:00
SES-10992,USR-149,PROD-103,Studio Wired Headphones,Electronics > Audio > Headphones,view,1,2026-01-14 16:56:00
SES-10993,USR-149,PROD-102,Bluetooth Sports Earbuds,Electronics > Audio > Headphones,view,1,2026-01-18 23:29:00
SES-10984,USR-149,PROD-101,Wireless Noise-Canceling Headphones,Electronics > Audio > Headphones,view,1,2026-01-23 10:17:00
SES-10982,USR-149,PROD-102,Bluetooth Sports Earbuds,Electronics > Audio > Headphones,purchase,5,2026-02-02 01:36:00
SES-10995,USR-149,PROD-108,USB-C Multi-Port Hub,Computers > Accessories > Hubs,view,1,2026-02-07 22:23:00
SES-10982,USR-149,PROD-101,Wireless Noise-Canceling Headphones,Electronics > Audio > Headphones,purchase,5,2026-02-27 08:21:00
SES-10998,USR-149,PROD-108,USB-C Multi-Port Hub,Computers > Accessories > Hubs,purchase,5,2026-03-13 05:26:00
SES-10985,USR-149,PROD-108,USB-C Multi-Port Hub,Computers > Accessories > Hubs,add_to_cart,3,2026-03-19 13:51:00
SES-10980,USR-149,PROD-103,Studio Wired Headphones,Electronics > Audio > Headphones,view,1,2026-04-10 14:45:00
SES-10996,USR-149,PROD-102,Bluetooth Sports Earbuds,Electronics > Audio > Headphones,add_to_cart,3,2026-04-13 09:08:00
SES-10999,USR-149,PROD-112,Organic Green Tea Bags,Grocery > Beverages > Tea,view,1,2026-04-29 18:42:00
SES-10980,USR-149,PROD-102,Bluetooth Sports Earbuds,Electronics > Audio > Headphones,add_to_cart,3,2026-05-01 02:49:00
SES-10980,USR-149,PROD-115,Water-Resistant Gym Duffel,Apparel > Accessories > Bags,add_to_cart,3,2026-05-01 12:52:00
SES-10991,USR-149,PROD-103,Studio Wired Headphones,Electronics > Audio > Headphones,view,1,2026-05-06 21:40:00
SES-10988,USR-149,PROD-108,USB-C Multi-Port Hub,Computers > Accessories > Hubs,add_to_cart,3,2026-05-15 20:22:00
SES-10995,USR-149,PROD-102,Bluetooth Sports Earbuds,Electronics > Audio > Headphones,view,1,2026-05-19 21:57:00
SES-10994,USR-149,PROD-103,Studio Wired Headphones,Electronics > Audio > Headphones,purchase,5,2026-05-21 13:16:00
SES-10999,USR-149,PROD-101,Wireless Noise-Canceling Headphones,Electronics > Audio > Headphones,add_to_cart,3,2026-06-01 06:36:00
SES-10998,USR-149,PROD-103,Studio Wired Headphones,Electronics > Audio > Headphones,purchase,5,2026-06-01 23:07:00
SES-10980,USR-149,PROD-108,USB-C Multi-Port Hub,Computers > Accessories > Hubs,purchase,5,2026-06-02 11:01:00
SES-10993,USR-149,PROD-109,Premium Arabica Coffee Beans,Grocery > Beverages > Coffee,view,1,2026-06-03 14:28:00
SES-10982,USR-149,PROD-101,Wireless Noise-Canceling Headphones,Electronics > Audio > Headphones,purchase,5,2026-06-08 11:42:00
SES-10980,USR-149,PROD-108,USB-C Multi-Port Hub,Computers > Accessories > Hubs,purchase,5,2026-06-12 18:56:00
SES-10992,USR-149,PROD-102,Bluetooth Sports Earbuds,Electronics > Audio > Headphones,add_to_cart,3,2026-06-18 01:45:00
SES-11004,USR-150,PROD-113,Running Shoes Ultra Light,Apparel > Footwear > Shoes,view,1,2026-01-04 02:10:00
SES-11018,USR-150,PROD-114,Moisture-Wicking Sports Tee,Apparel > Clothing > Activewear,purchase,5,2026-01-04 17:53:00
SES-11002,USR-150,PROD-115,Water-Resistant Gym Duffel,Apparel > Accessories > Bags,add_to_cart,3,2026-01-05 17:18:00
SES-11016,USR-150,PROD-114,Moisture-Wicking Sports Tee,Apparel > Clothing > Activewear,view,1,2026-01-10 04:40:00
SES-11014,USR-150,PROD-114,Moisture-Wicking Sports Tee,Apparel > Clothing > Activewear,view,1,2026-01-14 15:46:00
SES-11016,USR-150,PROD-115,Water-Resistant Gym Duffel,Apparel > Accessories > Bags,view,1,2026-01-19 09:05:00
SES-11001,USR-150,PROD-114,Moisture-Wicking Sports Tee,Apparel > Clothing > Activewear,purchase,5,2026-01-29 06:18:00
SES-11006,USR-150,PROD-113,Running Shoes Ultra Light,Apparel > Footwear > Shoes,add_to_cart,3,2026-02-10 15:00:00
SES-11006,USR-150,PROD-113,Running Shoes Ultra Light,Apparel > Footwear > Shoes,view,1,2026-02-18 10:10:00
SES-11012,USR-150,PROD-113,Running Shoes Ultra Light,Apparel > Footwear > Shoes,add_to_cart,3,2026-02-27 01:20:00
SES-11017,USR-150,PROD-114,Moisture-Wicking Sports Tee,Apparel > Clothing > Activewear,purchase,5,2026-02-27 08:27:00
SES-11017,USR-150,PROD-114,Moisture-Wicking Sports Tee,Apparel > Clothing > Activewear,view,1,2026-02-28 09:54:00
SES-11003,USR-150,PROD-115,Water-Resistant Gym Duffel,Apparel > Accessories > Bags,purchase,5,2026-03-03 17:13:00
SES-11006,USR-150,PROD-115,Water-Resistant Gym Duffel,Apparel > Accessories > Bags,add_to_cart,3,2026-03-18 19:25:00
SES-11017,USR-150,PROD-113,Running Shoes Ultra Light,Apparel > Footwear > Shoes,purchase,5,2026-04-02 14:28:00
SES-11006,USR-150,PROD-106,Ergonomic Mechanical Keyboard,Computers > Accessories > Keyboards,add_to_cart,3,2026-04-22 19:33:00
SES-11014,USR-150,PROD-115,Water-Resistant Gym Duffel,Apparel > Accessories > Bags,view,1,2026-04-29 09:36:00
SES-11016,USR-150,PROD-115,Water-Resistant Gym Duffel,Apparel > Accessories > Bags,add_to_cart,3,2026-05-01 04:03:00
SES-11000,USR-150,PROD-113,Running Shoes Ultra Light,Apparel > Footwear > Shoes,view,1,2026-05-08 07:06:00
SES-11010,USR-150,PROD-115,Water-Resistant Gym Duffel,Apparel > Accessories > Bags,purchase,5,2026-05-21 02:35:00
SES-11006,USR-150,PROD-115,Water-Resistant Gym Duffel,Apparel > Accessories > Bags,purchase,5,2026-06-17 19:53:00
SES-11002,USR-150,PROD-113,Running Shoes Ultra Light,Apparel > Footwear > Shoes,view,1,2026-06-20 08:57:00
SES-11015,USR-150,PROD-114,Moisture-Wicking Sports Tee,Apparel > Clothing > Activewear,view,1,2026-06-26 05:29:00
SES-11022,USR-151,PROD-111,Stainless Steel Travel Mug,Grocery > Drinkware > Mugs,view,1,2026-01-09 17:27:00
SES-11029,USR-151,PROD-112,Organic Green Tea Bags,Grocery > Beverages > Tea,add_to_cart,3,2026-01-11 10:18:00
SES-11021,USR-151,PROD-109,Premium Arabica Coffee Beans,Grocery > Beverages > Coffee,purchase,5,2026-01-16 19:35:00
SES-11033,USR-151,PROD-112,Organic Green Tea Bags,Grocery > Beverages > Tea,view,1,2026-01-19 11:38:00
SES-11022,USR-151,PROD-115,Water-Resistant Gym Duffel,Apparel > Accessories > Bags,view,1,2026-01-24 00:07:00
SES-11039,USR-151,PROD-114,Moisture-Wicking Sports Tee,Apparel > Clothing > Activewear,view,1,2026-01-28 04:05:00
SES-11032,USR-151,PROD-111,Stainless Steel Travel Mug,Grocery > Drinkware > Mugs,purchase,5,2026-02-03 21:42:00
SES-11024,USR-151,PROD-109,Premium Arabica Coffee Beans,Grocery > Beverages > Coffee,purchase,5,2026-02-08 00:55:00
SES-11024,USR-151,PROD-112,Organic Green Tea Bags,Grocery > Beverages > Tea,view,1,2026-02-16 02:45:00
SES-11031,USR-151,PROD-109,Premium Arabica Coffee Beans,Grocery > Beverages > Coffee,purchase,5,2026-02-25 07:03:00
SES-11031,USR-151,PROD-112,Organic Green Tea Bags,Grocery > Beverages > Tea,view,1,2026-02-28 07:36:00
SES-11032,USR-151,PROD-101,Wireless Noise-Canceling Headphones,Electronics > Audio > Headphones,view,1,2026-03-16 17:15:00
SES-11039,USR-151,PROD-110,Electric Pour-Over Kettle,Grocery > Appliances > Coffee,purchase,5,2026-03-18 08:59:00
SES-11020,USR-151,PROD-112,Organic Green Tea Bags,Grocery > Beverages > Tea,purchase,5,2026-03-28 06:33:00
SES-11036,USR-151,PROD-111,Stainless Steel Travel Mug,Grocery > Drinkware > Mugs,view,1,2026-04-11 18:02:00
SES-11031,USR-151,PROD-110,Electric Pour-Over Kettle,Grocery > Appliances > Coffee,purchase,5,2026-04-28 09:33:00
SES-11025,USR-151,PROD-112,Organic Green Tea Bags,Grocery > Beverages > Tea,view,1,2026-05-03 05:16:00
SES-11025,USR-151,PROD-112,Organic Green Tea Bags,Grocery > Beverages > Tea,purchase,5,2026-05-11 15:43:00
SES-11033,USR-151,PROD-110,Electric Pour-Over Kettle,Grocery > Appliances > Coffee,purchase,5,2026-05-12 16:11:00
SES-11023,USR-151,PROD-111,Stainless Steel Travel Mug,Grocery > Drinkware > Mugs,view,1,2026-06-09 06:41:00
SES-11038,USR-151,PROD-103,Studio Wired Headphones,Electronics > Audio > Headphones,add_to_cart,3,2026-06-10 14:34:00
SES-11039,USR-151,PROD-111,Stainless Steel Travel Mug,Grocery > Drinkware > Mugs,view,1,2026-06-21 18:41:00
SES-11027,USR-151,PROD-110,Electric Pour-Over Kettle,Grocery > Appliances > Coffee,view,1,2026-06-25 10:14:00
SES-11048,USR-152,PROD-111,Stainless Steel Travel Mug,Grocery > Drinkware > Mugs,view,1,2026-01-03 14:11:00
SES-11051,USR-152,PROD-115,Water-Resistant Gym Duffel,Apparel > Accessories > Bags,purchase,5,2026-01-07 11:41:00
SES-11055,USR-152,PROD-113,Running Shoes Ultra Light,Apparel > Footwear > Shoes,view,1,2026-01-08 07:35:00
SES-11053,USR-152,PROD-115,Water-Resistant Gym Duffel,Apparel > Accessories > Bags,add_to_cart,3,2026-01-19 23:25:00
SES-11054,USR-152,PROD-113,Running Shoes Ultra Light,Apparel > Footwear > Shoes,purchase,5,2026-01-24 18:16:00
SES-11058,USR-152,PROD-115,Water-Resistant Gym Duffel,Apparel > Accessories > Bags,view,1,2026-01-29 11:31:00
SES-11046,USR-152,PROD-115,Water-Resistant Gym Duffel,Apparel > Accessories > Bags,add_to_cart,3,2026-01-30 00:25:00
SES-11046,USR-152,PROD-115,Water-Resistant Gym Duffel,Apparel > Accessories > Bags,add_to_cart,3,2026-03-01 11:12:00
SES-11040,USR-152,PROD-104,4K Ultra HD Smart TV,Electronics > Video > Televisions,view,1,2026-03-06 13:56:00
SES-11046,USR-152,PROD-115,Water-Resistant Gym Duffel,Apparel > Accessories > Bags,add_to_cart,3,2026-03-17 22:03:00
SES-11051,USR-152,PROD-114,Moisture-Wicking Sports Tee,Apparel > Clothing > Activewear,purchase,5,2026-03-24 22:08:00
SES-11045,USR-152,PROD-114,Moisture-Wicking Sports Tee,Apparel > Clothing > Activewear,view,1,2026-04-09 14:40:00
SES-11047,USR-152,PROD-112,Organic Green Tea Bags,Grocery > Beverages > Tea,view,1,2026-04-17 04:30:00
SES-11059,USR-152,PROD-114,Moisture-Wicking Sports Tee,Apparel > Clothing > Activewear,purchase,5,2026-04-21 22:31:00
SES-11058,USR-152,PROD-114,Moisture-Wicking Sports Tee,Apparel > Clothing > Activewear,view,1,2026-05-11 16:07:00
SES-11053,USR-152,PROD-115,Water-Resistant Gym Duffel,Apparel > Accessories > Bags,add_to_cart,3,2026-05-14 04:18:00
SES-11051,USR-152,PROD-104,4K Ultra HD Smart TV,Electronics > Video > Televisions,view,1,2026-05-15 08:47:00
SES-11040,USR-152,PROD-115,Water-Resistant Gym Duffel,Apparel > Accessories > Bags,add_to_cart,3,2026-05-19 11:22:00
SES-11053,USR-152,PROD-113,Running Shoes Ultra Light,Apparel > Footwear > Shoes,view,1,2026-06-01 05:13:00
SES-11042,USR-152,PROD-113,Running Shoes Ultra Light,Apparel > Footwear > Shoes,purchase,5,2026-06-07 09:53:00
SES-11059,USR-152,PROD-115,Water-Resistant Gym Duffel,Apparel > Accessories > Bags,purchase,5,2026-06-08 12:33:00
SES-11051,USR-152,PROD-113,Running Shoes Ultra Light,Apparel > Footwear > Shoes,add_to_cart,3,2026-06-13 14:50:00
SES-11079,USR-153,PROD-112,Organic Green Tea Bags,Grocery > Beverages > Tea,view,1,2026-01-05 21:18:00
SES-11076,USR-153,PROD-111,Stainless Steel Travel Mug,Grocery > Drinkware > Mugs,purchase,5,2026-01-20 19:05:00
SES-11064,USR-153,PROD-111,Stainless Steel Travel Mug,Grocery > Drinkware > Mugs,purchase,5,2026-01-22 15:07:00
SES-11062,USR-153,PROD-112,Organic Green Tea Bags,Grocery > Beverages > Tea,add_to_cart,3,2026-01-30 04:57:00
SES-11062,USR-153,PROD-109,Premium Arabica Coffee Beans,Grocery > Beverages > Coffee,view,1,2026-01-31 14:24:00
SES-11060,USR-153,PROD-110,Electric Pour-Over Kettle,Grocery > Appliances > Coffee,add_to_cart,3,2026-02-04 11:55:00
SES-11062,USR-153,PROD-111,Stainless Steel Travel Mug,Grocery > Drinkware > Mugs,view,1,2026-02-23 08:48:00
SES-11060,USR-153,PROD-111,Stainless Steel Travel Mug,Grocery > Drinkware > Mugs,view,1,2026-02-27 00:58:00
SES-11073,USR-153,PROD-110,Electric Pour-Over Kettle,Grocery > Appliances > Coffee,purchase,5,2026-03-01 07:24:00
SES-11068,USR-153,PROD-110,Electric Pour-Over Kettle,Grocery > Appliances > Coffee,view,1,2026-03-06 01:44:00
SES-11076,USR-153,PROD-115,Water-Resistant Gym Duffel,Apparel > Accessories > Bags,add_to_cart,3,2026-04-04 21:46:00
SES-11071,USR-153,PROD-109,Premium Arabica Coffee Beans,Grocery > Beverages > Coffee,add_to_cart,3,2026-04-15 21:11:00
SES-11069,USR-153,PROD-109,Premium Arabica Coffee Beans,Grocery > Beverages > Coffee,view,1,2026-04-26 19:46:00
SES-11079,USR-153,PROD-112,Organic Green Tea Bags,Grocery > Beverages > Tea,view,1,2026-05-11 13:14:00
SES-11064,USR-153,PROD-110,Electric Pour-Over Kettle,Grocery > Appliances > Coffee,purchase,5,2026-05-25 21:33:00
SES-11076,USR-153,PROD-109,Premium Arabica Coffee Beans,Grocery > Beverages > Coffee,purchase,5,2026-05-28 19:00:00
SES-11062,USR-153,PROD-111,Stainless Steel Travel Mug,Grocery > Drinkware > Mugs,view,1,2026-06-08 07:25:00
SES-11067,USR-153,PROD-110,Electric Pour-Over Kettle,Grocery > Appliances > Coffee,view,1,2026-06-10 18:23:00
SES-11074,USR-153,PROD-103,Studio Wired Headphones,Electronics > Audio > Headphones,add_to_cart,3,2026-06-14 13:52:00
SES-11063,USR-153,PROD-108,USB-C Multi-Port Hub,Computers > Accessories > Hubs,view,1,2026-06-16 06:55:00
SES-11092,USR-154,PROD-108,USB-C Multi-Port Hub,Computers > Accessories > Hubs,purchase,5,2026-02-01 16:24:00
SES-11083,USR-154,PROD-107,Wireless Vertical Mouse,Computers > Accessories > Mice,add_to_cart,3,2026-02-19 11:00:00
SES-11092,USR-154,PROD-104,4K Ultra HD Smart TV,Electronics > Video > Televisions,add_to_cart,3,2026-03-10 16:35:00
SES-11082,USR-154,PROD-104,4K Ultra HD Smart TV,Electronics > Video > Televisions,purchase,5,2026-03-18 12:46:00
SES-11092,USR-154,PROD-108,USB-C Multi-Port Hub,Computers > Accessories > Hubs,view,1,2026-03-20 21:56:00
SES-11082,USR-154,PROD-108,USB-C Multi-Port Hub,Computers > Accessories > Hubs,purchase,5,2026-04-11 22:11:00
SES-11092,USR-154,PROD-106,Ergonomic Mechanical Keyboard,Computers > Accessories > Keyboards,view,1,2026-04-18 08:36:00
SES-11081,USR-154,PROD-106,Ergonomic Mechanical Keyboard,Computers > Accessories > Keyboards,purchase,5,2026-04-27 22:49:00
SES-11082,USR-154,PROD-105,OLED Gaming Monitor,Electronics > Video > Monitors,purchase,5,2026-05-06 10:04:00
SES-11081,USR-154,PROD-107,Wireless Vertical Mouse,Computers > Accessories > Mice,purchase,5,2026-05-16 22:01:00
SES-11088,USR-154,PROD-107,Wireless Vertical Mouse,Computers > Accessories > Mice,purchase,5,2026-05-17 20:58:00
SES-11089,USR-154,PROD-108,USB-C Multi-Port Hub,Computers > Accessories > Hubs,view,1,2026-06-12 05:27:00
SES-11087,USR-154,PROD-106,Ergonomic Mechanical Keyboard,Computers > Accessories > Keyboards,view,1,2026-06-21 02:01:00
SES-11109,USR-155,PROD-111,Stainless Steel Travel Mug,Grocery > Drinkware > Mugs,view,1,2026-01-08 08:49:00
SES-11104,USR-155,PROD-110,Electric Pour-Over Kettle,Grocery > Appliances > Coffee,purchase,5,2026-01-11 22:41:00
SES-11119,USR-155,PROD-111,Stainless Steel Travel Mug,Grocery > Drinkware > Mugs,purchase,5,2026-01-12 13:13:00
SES-11117,USR-155,PROD-112,Organic Green Tea Bags,Grocery > Beverages > Tea,purchase,5,2026-01-15 06:26:00
SES-11104,USR-155,PROD-111,Stainless Steel Travel Mug,Grocery > Drinkware > Mugs,purchase,5,2026-01-16 06:58:00
SES-11117,USR-155,PROD-110,Electric Pour-Over Kettle,Grocery > Appliances > Coffee,purchase,5,2026-01-28 04:33:00
SES-11118,USR-155,PROD-109,Premium Arabica Coffee Beans,Grocery > Beverages > Coffee,view,1,2026-02-09 07:36:00
SES-11116,USR-155,PROD-109,Premium Arabica Coffee Beans,Grocery > Beverages > Coffee,add_to_cart,3,2026-02-10 09:37:00
SES-11108,USR-155,PROD-112,Organic Green Tea Bags,Grocery > Beverages > Tea,view,1,2026-03-16 07:52:00
SES-11101,USR-155,PROD-109,Premium Arabica Coffee Beans,Grocery > Beverages > Coffee,view,1,2026-04-10 03:40:00
SES-11110,USR-155,PROD-114,Moisture-Wicking Sports Tee,Apparel > Clothing > Activewear,view,1,2026-04-10 11:10:00
SES-11112,USR-155,PROD-111,Stainless Steel Travel Mug,Grocery > Drinkware > Mugs,purchase,5,2026-04-29 06:54:00
SES-11114,USR-155,PROD-115,Water-Resistant Gym Duffel,Apparel > Accessories > Bags,view,1,2026-05-16 14:31:00
SES-11106,USR-155,PROD-109,Premium Arabica Coffee Beans,Grocery > Beverages > Coffee,view,1,2026-05-28 16:55:00
SES-11100,USR-155,PROD-109,Premium Arabica Coffee Beans,Grocery > Beverages > Coffee,add_to_cart,3,2026-06-01 23:02:00
SES-11112,USR-155,PROD-110,Electric Pour-Over Kettle,Grocery > Appliances > Coffee,purchase,5,2026-06-09 08:56:00
SES-11112,USR-155,PROD-109,Premium Arabica Coffee Beans,Grocery > Beverages > Coffee,view,1,2026-06-10 17:06:00
SES-11103,USR-155,PROD-109,Premium Arabica Coffee Beans,Grocery > Beverages > Coffee,view,1,2026-06-11 06:21:00
SES-11114,USR-155,PROD-110,Electric Pour-Over Kettle,Grocery > Appliances > Coffee,add_to_cart,3,2026-06-12 17:50:00
SES-11119,USR-155,PROD-112,Organic Green Tea Bags,Grocery > Beverages > Tea,add_to_cart,3,2026-06-19 06:19:00
SES-11101,USR-155,PROD-111,Stainless Steel Travel Mug,Grocery > Drinkware > Mugs,add_to_cart,3,2026-06-20 21:02:00
SES-11119,USR-155,PROD-111,Stainless Steel Travel Mug,Grocery > Drinkware > Mugs,purchase,5,2026-06-21 02:33:00
SES-11136,USR-156,PROD-111,Stainless Steel Travel Mug,Grocery > Drinkware > Mugs,add_to_cart,3,2026-01-14 03:30:00
SES-11135,USR-156,PROD-109,Premium Arabica Coffee Beans,Grocery > Beverages > Coffee,view,1,2026-01-20 08:07:00
SES-11133,USR-156,PROD-112,Organic Green Tea Bags,Grocery > Beverages > Tea,view,1,2026-01-22 04:21:00
SES-11122,USR-156,PROD-110,Electric Pour-Over Kettle,Grocery > Appliances > Coffee,view,1,2026-01-30 18:06:00
SES-11137,USR-156,PROD-110,Electric Pour-Over Kettle,Grocery > Appliances > Coffee,add_to_cart,3,2026-02-04 05:28:00
SES-11138,USR-156,PROD-109,Premium Arabica Coffee Beans,Grocery > Beverages > Coffee,purchase,5,2026-02-15 03:01:00
SES-11124,USR-156,PROD-110,Electric Pour-Over Kettle,Grocery > Appliances > Coffee,add_to_cart,3,2026-02-16 21:16:00
SES-11131,USR-156,PROD-114,Moisture-Wicking Sports Tee,Apparel > Clothing > Activewear,add_to_cart,3,2026-02-25 04:08:00
SES-11138,USR-156,PROD-111,Stainless Steel Travel Mug,Grocery > Drinkware > Mugs,purchase,5,2026-03-06 03:04:00
SES-11125,USR-156,PROD-109,Premium Arabica Coffee Beans,Grocery > Beverages > Coffee,purchase,5,2026-03-14 09:45:00
SES-11137,USR-156,PROD-109,Premium Arabica Coffee Beans,Grocery > Beverages > Coffee,purchase,5,2026-03-22 04:56:00
SES-11127,USR-156,PROD-115,Water-Resistant Gym Duffel,Apparel > Accessories > Bags,view,1,2026-04-04 22:57:00
SES-11138,USR-156,PROD-110,Electric Pour-Over Kettle,Grocery > Appliances > Coffee,add_to_cart,3,2026-04-10 18:53:00
SES-11120,USR-156,PROD-111,Stainless Steel Travel Mug,Grocery > Drinkware > Mugs,view,1,2026-04-11 04:48:00
SES-11128,USR-156,PROD-109,Premium Arabica Coffee Beans,Grocery > Beverages > Coffee,view,1,2026-04-20 18:44:00
SES-11134,USR-156,PROD-108,USB-C Multi-Port Hub,Computers > Accessories > Hubs,view,1,2026-04-21 13:39:00
SES-11125,USR-156,PROD-112,Organic Green Tea Bags,Grocery > Beverages > Tea,purchase,5,2026-04-22 07:58:00
SES-11125,USR-156,PROD-109,Premium Arabica Coffee Beans,Grocery > Beverages > Coffee,purchase,5,2026-05-30 06:50:00
SES-11127,USR-156,PROD-111,Stainless Steel Travel Mug,Grocery > Drinkware > Mugs,purchase,5,2026-06-13 13:11:00
SES-11150,USR-157,PROD-107,Wireless Vertical Mouse,Computers > Accessories > Mice,view,1,2026-01-20 19:30:00
SES-11144,USR-157,PROD-105,OLED Gaming Monitor,Electronics > Video > Monitors,view,1,2026-01-31 22:11:00
SES-11142,USR-157,PROD-107,Wireless Vertical Mouse,Computers > Accessories > Mice,purchase,5,2026-02-04 22:22:00
SES-11143,USR-157,PROD-105,OLED Gaming Monitor,Electronics > Video > Monitors,view,1,2026-02-12 19:03:00
SES-11151,USR-157,PROD-109,Premium Arabica Coffee Beans,Grocery > Beverages > Coffee,view,1,2026-02-22 10:07:00
SES-11151,USR-157,PROD-105,OLED Gaming Monitor,Electronics > Video > Monitors,purchase,5,2026-03-05 07:02:00
SES-11153,USR-157,PROD-106,Ergonomic Mechanical Keyboard,Computers > Accessories > Keyboards,add_to_cart,3,2026-03-26 12:41:00
SES-11142,USR-157,PROD-106,Ergonomic Mechanical Keyboard,Computers > Accessories > Keyboards,view,1,2026-03-29 20:12:00
SES-11151,USR-157,PROD-106,Ergonomic Mechanical Keyboard,Computers > Accessories > Keyboards,purchase,5,2026-04-01 16:19:00
SES-11148,USR-157,PROD-105,OLED Gaming Monitor,Electronics > Video > Monitors,view,1,2026-04-02 02:19:00
SES-11141,USR-157,PROD-104,4K Ultra HD Smart TV,Electronics > Video > Televisions,view,1,2026-04-08 12:52:00
SES-11154,USR-157,PROD-108,USB-C Multi-Port Hub,Computers > Accessories > Hubs,view,1,2026-04-26 05:21:00
SES-11159,USR-157,PROD-107,Wireless Vertical Mouse,Computers > Accessories > Mice,view,1,2026-05-04 11:18:00
SES-11156,USR-157,PROD-110,Electric Pour-Over Kettle,Grocery > Appliances > Coffee,purchase,5,2026-05-24 09:43:00
SES-11158,USR-157,PROD-108,USB-C Multi-Port Hub,Computers > Accessories > Hubs,purchase,5,2026-05-26 02:05:00
SES-11148,USR-157,PROD-105,OLED Gaming Monitor,Electronics > Video > Monitors,purchase,5,2026-05-30 23:01:00
SES-11152,USR-157,PROD-104,4K Ultra HD Smart TV,Electronics > Video > Televisions,view,1,2026-06-07 03:35:00
SES-11147,USR-157,PROD-104,4K Ultra HD Smart TV,Electronics > Video > Televisions,view,1,2026-06-20 09:20:00
SES-11146,USR-157,PROD-106,Ergonomic Mechanical Keyboard,Computers > Accessories > Keyboards,view,1,2026-06-20 14:18:00
SES-11178,USR-158,PROD-114,Moisture-Wicking Sports Tee,Apparel > Clothing > Activewear,add_to_cart,3,2026-01-06 22:56:00
SES-11165,USR-158,PROD-111,Stainless Steel Travel Mug,Grocery > Drinkware > Mugs,view,1,2026-01-30 07:19:00
SES-11166,USR-158,PROD-111,Stainless Steel Travel Mug,Grocery > Drinkware > Mugs,view,1,2026-02-10 12:21:00
SES-11162,USR-158,PROD-111,Stainless Steel Travel Mug,Grocery > Drinkware > Mugs,purchase,5,2026-02-21 07:18:00
SES-11171,USR-158,PROD-110,Electric Pour-Over Kettle,Grocery > Appliances > Coffee,add_to_cart,3,2026-02-27 23:21:00
SES-11166,USR-158,PROD-110,Electric Pour-Over Kettle,Grocery > Appliances > Coffee,purchase,5,2026-03-09 17:08:00
SES-11167,USR-158,PROD-111,Stainless Steel Travel Mug,Grocery > Drinkware > Mugs,view,1,2026-04-16 06:49:00
SES-11162,USR-158,PROD-109,Premium Arabica Coffee Beans,Grocery > Beverages > Coffee,view,1,2026-04-26 14:54:00
SES-11173,USR-158,PROD-110,Electric Pour-Over Kettle,Grocery > Appliances > Coffee,purchase,5,2026-05-22 20:17:00
SES-11162,USR-158,PROD-112,Organic Green Tea Bags,Grocery > Beverages > Tea,view,1,2026-06-19 18:08:00
SES-11183,USR-159,PROD-102,Bluetooth Sports Earbuds,Electronics > Audio > Headphones,purchase,5,2026-01-07 05:38:00
SES-11193,USR-159,PROD-106,Ergonomic Mechanical Keyboard,Computers > Accessories > Keyboards,purchase,5,2026-01-23 06:20:00
SES-11183,USR-159,PROD-108,USB-C Multi-Port Hub,Computers > Accessories > Hubs,purchase,5,2026-01-30 05:08:00
SES-11186,USR-159,PROD-108,USB-C Multi-Port Hub,Computers > Accessories > Hubs,purchase,5,2026-02-27 01:20:00
SES-11198,USR-159,PROD-114,Moisture-Wicking Sports Tee,Apparel > Clothing > Activewear,view,1,2026-03-09 10:14:00
SES-11184,USR-159,PROD-101,Wireless Noise-Canceling Headphones,Electronics > Audio > Headphones,view,1,2026-03-16 07:59:00
SES-11199,USR-159,PROD-101,Wireless Noise-Canceling Headphones,Electronics > Audio > Headphones,purchase,5,2026-03-31 06:35:00
SES-11182,USR-159,PROD-102,Bluetooth Sports Earbuds,Electronics > Audio > Headphones,add_to_cart,3,2026-04-11 12:21:00
SES-11190,USR-159,PROD-103,Studio Wired Headphones,Electronics > Audio > Headphones,view,1,2026-04-13 22:19:00
SES-11195,USR-159,PROD-108,USB-C Multi-Port Hub,Computers > Accessories > Hubs,view,1,2026-04-20 21:58:00
SES-11193,USR-159,PROD-101,Wireless Noise-Canceling Headphones,Electronics > Audio > Headphones,add_to_cart,3,2026-04-24 05:07:00
SES-11190,USR-159,PROD-115,Water-Resistant Gym Duffel,Apparel > Accessories > Bags,add_to_cart,3,2026-05-02 09:34:00
SES-11191,USR-159,PROD-101,Wireless Noise-Canceling Headphones,Electronics > Audio > Headphones,view,1,2026-05-03 04:34:00
SES-11183,USR-159,PROD-109,Premium Arabica Coffee Beans,Grocery > Beverages > Coffee,purchase,5,2026-05-05 20:22:00
SES-11193,USR-159,PROD-108,USB-C Multi-Port Hub,Computers > Accessories > Hubs,purchase,5,2026-05-20 14:11:00
SES-11188,USR-159,PROD-101,Wireless Noise-Canceling Headphones,Electronics > Audio > Headphones,add_to_cart,3,2026-05-31 23:02:00
SES-11192,USR-159,PROD-108,USB-C Multi-Port Hub,Computers > Accessories > Hubs,purchase,5,2026-06-04 21:19:00
SES-11186,USR-159,PROD-103,Studio Wired Headphones,Electronics > Audio > Headphones,add_to_cart,3,2026-06-09 21:48:00
SES-11188,USR-159,PROD-102,Bluetooth Sports Earbuds,Electronics > Audio > Headphones,add_to_cart,3,2026-06-13 09:22:00
SES-11218,USR-160,PROD-105,OLED Gaming Monitor,Electronics > Video > Monitors,view,1,2026-01-01 09:10:00
SES-11218,USR-160,PROD-105,OLED Gaming Monitor,Electronics > Video > Monitors,purchase,5,2026-01-09 05:33:00
SES-11203,USR-160,PROD-107,Wireless Vertical Mouse,Computers > Accessories > Mice,view,1,2026-01-09 09:13:00
SES-11219,USR-160,PROD-105,OLED Gaming Monitor,Electronics > Video > Monitors,view,1,2026-02-05 12:47:00
SES-11206,USR-160,PROD-106,Ergonomic Mechanical Keyboard,Computers > Accessories > Keyboards,view,1,2026-02-09 22:22:00
SES-11213,USR-160,PROD-107,Wireless Vertical Mouse,Computers > Accessories > Mice,purchase,5,2026-02-10 06:25:00
SES-11212,USR-160,PROD-108,USB-C Multi-Port Hub,Computers > Accessories > Hubs,purchase,5,2026-03-10 02:04:00
SES-11200,USR-160,PROD-106,Ergonomic Mechanical Keyboard,Computers > Accessories > Keyboards,view,1,2026-03-12 19:57:00
SES-11216,USR-160,PROD-105,OLED Gaming Monitor,Electronics > Video > Monitors,view,1,2026-03-18 09:23:00
SES-11213,USR-160,PROD-108,USB-C Multi-Port Hub,Computers > Accessories > Hubs,purchase,5,2026-03-19 12:18:00
SES-11218,USR-160,PROD-104,4K Ultra HD Smart TV,Electronics > Video > Televisions,purchase,5,2026-03-20 19:07:00
SES-11202,USR-160,PROD-107,Wireless Vertical Mouse,Computers > Accessories > Mice,view,1,2026-04-15 18:15:00
SES-11218,USR-160,PROD-108,USB-C Multi-Port Hub,Computers > Accessories > Hubs,view,1,2026-05-10 19:57:00
SES-11217,USR-160,PROD-106,Ergonomic Mechanical Keyboard,Computers > Accessories > Keyboards,purchase,5,2026-05-16 02:23:00
SES-11200,USR-160,PROD-108,USB-C Multi-Port Hub,Computers > Accessories > Hubs,view,1,2026-05-18 19:23:00
SES-11203,USR-160,PROD-108,USB-C Multi-Port Hub,Computers > Accessories > Hubs,add_to_cart,3,2026-05-19 17:19:00
SES-11217,USR-160,PROD-108,USB-C Multi-Port Hub,Computers > Accessories > Hubs,purchase,5,2026-05-20 22:00:00
SES-11202,USR-160,PROD-111,Stainless Steel Travel Mug,Grocery > Drinkware > Mugs,purchase,5,2026-05-27 10:56:00
SES-11218,USR-160,PROD-106,Ergonomic Mechanical Keyboard,Computers > Accessories > Keyboards,view,1,2026-06-29 12:00:00
SES-11234,USR-161,PROD-106,Ergonomic Mechanical Keyboard,Computers > Accessories > Keyboards,view,1,2026-01-05 15:52:00
SES-11224,USR-161,PROD-105,OLED Gaming Monitor,Electronics > Video > Monitors,purchase,5,2026-01-15 19:11:00
SES-11239,USR-161,PROD-105,OLED Gaming Monitor,Electronics > Video > Monitors,add_to_cart,3,2026-01-19 14:52:00
SES-11230,USR-161,PROD-104,4K Ultra HD Smart TV,Electronics > Video > Televisions,view,1,2026-01-24 08:51:00
SES-11234,USR-161,PROD-105,OLED Gaming Monitor,Electronics > Video > Monitors,purchase,5,2026-02-08 07:58:00
SES-11239,USR-161,PROD-108,USB-C Multi-Port Hub,Computers > Accessories > Hubs,view,1,2026-02-09 19:21:00
SES-11221,USR-161,PROD-107,Wireless Vertical Mouse,Computers > Accessories > Mice,view,1,2026-02-16 15:00:00
SES-11232,USR-161,PROD-105,OLED Gaming Monitor,Electronics > Video > Monitors,add_to_cart,3,2026-03-07 12:17:00
SES-11220,USR-161,PROD-105,OLED Gaming Monitor,Electronics > Video > Monitors,view,1,2026-03-21 15:50:00
SES-11225,USR-161,PROD-108,USB-C Multi-Port Hub,Computers > Accessories > Hubs,purchase,5,2026-04-09 02:15:00
SES-11226,USR-161,PROD-107,Wireless Vertical Mouse,Computers > Accessories > Mice,add_to_cart,3,2026-04-11 01:45:00
SES-11223,USR-161,PROD-107,Wireless Vertical Mouse,Computers > Accessories > Mice,view,1,2026-04-13 13:01:00
SES-11223,USR-161,PROD-104,4K Ultra HD Smart TV,Electronics > Video > Televisions,add_to_cart,3,2026-04-14 01:06:00
SES-11234,USR-161,PROD-104,4K Ultra HD Smart TV,Electronics > Video > Televisions,purchase,5,2026-04-21 21:22:00
SES-11220,USR-161,PROD-108,USB-C Multi-Port Hub,Computers > Accessories > Hubs,add_to_cart,3,2026-04-25 06:37:00
SES-11233,USR-161,PROD-105,OLED Gaming Monitor,Electronics > Video > Monitors,view,1,2026-05-02 13:00:00
SES-11238,USR-161,PROD-108,USB-C Multi-Port Hub,Computers > Accessories > Hubs,view,1,2026-05-04 01:33:00
SES-11238,USR-161,PROD-105,OLED Gaming Monitor,Electronics > Video > Monitors,purchase,5,2026-05-12 05:15:00
SES-11231,USR-161,PROD-104,4K Ultra HD Smart TV,Electronics > Video > Televisions,view,1,2026-05-16 21:52:00
SES-11226,USR-161,PROD-105,OLED Gaming Monitor,Electronics > Video > Monitors,purchase,5,2026-05-24 23:45:00
SES-11238,USR-161,PROD-104,4K Ultra HD Smart TV,Electronics > Video > Televisions,purchase,5,2026-06-01 01:13:00
SES-11256,USR-162,PROD-106,Ergonomic Mechanical Keyboard,Computers > Accessories > Keyboards,purchase,5,2026-01-10 10:57:00
SES-11256,USR-162,PROD-115,Water-Resistant Gym Duffel,Apparel > Accessories > Bags,add_to_cart,3,2026-01-11 02:36:00
SES-11257,USR-162,PROD-106,Ergonomic Mechanical Keyboard,Computers > Accessories > Keyboards,view,1,2026-01-12 03:30:00
SES-11255,USR-162,PROD-106,Ergonomic Mechanical Keyboard,Computers > Accessories > Keyboards,purchase,5,2026-01-18 20:26:00
SES-11250,USR-162,PROD-111,Stainless Steel Travel Mug,Grocery > Drinkware > Mugs,view,1,2026-01-30 13:10:00
SES-11243,USR-162,PROD-107,Wireless Vertical Mouse,Computers > Accessories > Mice,add_to_cart,3,2026-02-05 00:24:00
SES-11253,USR-162,PROD-107,Wireless Vertical Mouse,Computers > Accessories > Mice,view,1,2026-02-19 01:46:00
SES-11255,USR-162,PROD-111,Stainless Steel Travel Mug,Grocery > Drinkware > Mugs,purchase,5,2026-03-04 02:16:00
SES-11259,USR-162,PROD-105,OLED Gaming Monitor,Electronics > Video > Monitors,view,1,2026-03-17 12:40:00
SES-11241,USR-162,PROD-107,Wireless Vertical Mouse,Computers > Accessories > Mice,purchase,5,2026-03-18 23:44:00
SES-11241,USR-162,PROD-107,Wireless Vertical Mouse,Computers > Accessories > Mice,view,1,2026-03-21 05:27:00
SES-11258,USR-162,PROD-106,Ergonomic Mechanical Keyboard,Computers > Accessories > Keyboards,view,1,2026-03-29 04:59:00
SES-11250,USR-162,PROD-109,Premium Arabica Coffee Beans,Grocery > Beverages > Coffee,add_to_cart,3,2026-04-10 21:46:00
SES-11242,USR-162,PROD-106,Ergonomic Mechanical Keyboard,Computers > Accessories > Keyboards,view,1,2026-04-12 12:18:00
SES-11253,USR-162,PROD-104,4K Ultra HD Smart TV,Electronics > Video > Televisions,view,1,2026-04-28 17:26:00
SES-11259,USR-162,PROD-107,Wireless Vertical Mouse,Computers > Accessories > Mice,view,1,2026-05-17 19:20:00
SES-11246,USR-162,PROD-105,OLED Gaming Monitor,Electronics > Video > Monitors,purchase,5,2026-05-25 03:08:00
SES-11247,USR-162,PROD-104,4K Ultra HD Smart TV,Electronics > Video > Televisions,view,1,2026-06-05 01:26:00
SES-11244,USR-162,PROD-104,4K Ultra HD Smart TV,Electronics > Video > Televisions,add_to_cart,3,2026-06-08 23:08:00
SES-11256,USR-162,PROD-112,Organic Green Tea Bags,Grocery > Beverages > Tea,purchase,5,2026-06-12 13:13:00
SES-11258,USR-162,PROD-106,Ergonomic Mechanical Keyboard,Computers > Accessories > Keyboards,view,1,2026-06-26 02:14:00
SES-11267,USR-163,PROD-114,Moisture-Wicking Sports Tee,Apparel > Clothing > Activewear,purchase,5,2026-01-06 08:29:00
SES-11278,USR-163,PROD-115,Water-Resistant Gym Duffel,Apparel > Accessories > Bags,purchase,5,2026-01-08 16:49:00
SES-11265,USR-163,PROD-113,Running Shoes Ultra Light,Apparel > Footwear > Shoes,view,1,2026-01-14 22:32:00
SES-11278,USR-163,PROD-113,Running Shoes Ultra Light,Apparel > Footwear > Shoes,view,1,2026-01-16 23:35:00
SES-11261,USR-163,PROD-114,Moisture-Wicking Sports Tee,Apparel > Clothing > Activewear,view,1,2026-01-19 16:11:00
SES-11272,USR-163,PROD-113,Running Shoes Ultra Light,Apparel > Footwear > Shoes,purchase,5,2026-02-04 18:55:00
SES-11276,USR-163,PROD-114,Moisture-Wicking Sports Tee,Apparel > Clothing > Activewear,view,1,2026-02-10 12:25:00
SES-11274,USR-163,PROD-115,Water-Resistant Gym Duffel,Apparel > Accessories > Bags,purchase,5,2026-02-21 09:16:00
SES-11267,USR-163,PROD-113,Running Shoes Ultra Light,Apparel > Footwear > Shoes,purchase,5,2026-02-22 05:25:00
SES-11268,USR-163,PROD-113,Running Shoes Ultra Light,Apparel > Footwear > Shoes,purchase,5,2026-03-05 22:44:00
SES-11270,USR-163,PROD-110,Electric Pour-Over Kettle,Grocery > Appliances > Coffee,view,1,2026-03-06 19:42:00
SES-11276,USR-163,PROD-115,Water-Resistant Gym Duffel,Apparel > Accessories > Bags,purchase,5,2026-03-30 01:58:00
SES-11265,USR-163,PROD-101,Wireless Noise-Canceling Headphones,Electronics > Audio > Headphones,view,1,2026-04-05 07:11:00
SES-11278,USR-163,PROD-114,Moisture-Wicking Sports Tee,Apparel > Clothing > Activewear,purchase,5,2026-04-05 14:40:00
SES-11273,USR-163,PROD-113,Running Shoes Ultra Light,Apparel > Footwear > Shoes,add_to_cart,3,2026-04-11 18:22:00
SES-11271,USR-163,PROD-114,Moisture-Wicking Sports Tee,Apparel > Clothing > Activewear,add_to_cart,3,2026-04-24 12:55:00
SES-11269,USR-163,PROD-113,Running Shoes Ultra Light,Apparel > Footwear > Shoes,view,1,2026-04-29 22:48:00
SES-11276,USR-163,PROD-113,Running Shoes Ultra Light,Apparel > Footwear > Shoes,purchase,5,2026-05-02 13:20:00
SES-11264,USR-163,PROD-114,Moisture-Wicking Sports Tee,Apparel > Clothing > Activewear,purchase,5,2026-05-30 16:41:00
SES-11272,USR-163,PROD-115,Water-Resistant Gym Duffel,Apparel > Accessories > Bags,view,1,2026-06-01 03:47:00
SES-11279,USR-163,PROD-114,Moisture-Wicking Sports Tee,Apparel > Clothing > Activewear,add_to_cart,3,2026-06-08 07:42:00
SES-11270,USR-163,PROD-113,Running Shoes Ultra Light,Apparel > Footwear > Shoes,view,1,2026-06-08 16:28:00
SES-11273,USR-163,PROD-115,Water-Resistant Gym Duffel,Apparel > Accessories > Bags,view,1,2026-06-18 06:15:00
SES-11296,USR-164,PROD-114,Moisture-Wicking Sports Tee,Apparel > Clothing > Activewear,purchase,5,2026-01-01 22:26:00
SES-11290,USR-164,PROD-115,Water-Resistant Gym Duffel,Apparel > Accessories > Bags,purchase,5,2026-01-10 10:58:00
SES-11287,USR-164,PROD-114,Moisture-Wicking Sports Tee,Apparel > Clothing > Activewear,purchase,5,2026-01-20 12:52:00
SES-11283,USR-164,PROD-115,Water-Resistant Gym Duffel,Apparel > Accessories > Bags,view,1,2026-02-06 14:14:00
SES-11294,USR-164,PROD-114,Moisture-Wicking Sports Tee,Apparel > Clothing > Activewear,view,1,2026-02-06 14:52:00
SES-11294,USR-164,PROD-114,Moisture-Wicking Sports Tee,Apparel > Clothing > Activewear,view,1,2026-02-22 15:48:00
SES-11298,USR-164,PROD-114,Moisture-Wicking Sports Tee,Apparel > Clothing > Activewear,view,1,2026-03-04 11:35:00
SES-11284,USR-164,PROD-113,Running Shoes Ultra Light,Apparel > Footwear > Shoes,purchase,5,2026-03-06 15:45:00
SES-11298,USR-164,PROD-115,Water-Resistant Gym Duffel,Apparel > Accessories > Bags,view,1,2026-03-26 12:11:00
SES-11294,USR-164,PROD-115,Water-Resistant Gym Duffel,Apparel > Accessories > Bags,purchase,5,2026-03-30 05:14:00
SES-11294,USR-164,PROD-114,Moisture-Wicking Sports Tee,Apparel > Clothing > Activewear,purchase,5,2026-04-02 22:17:00
SES-11283,USR-164,PROD-113,Running Shoes Ultra Light,Apparel > Footwear > Shoes,view,1,2026-04-11 15:09:00
SES-11298,USR-164,PROD-114,Moisture-Wicking Sports Tee,Apparel > Clothing > Activewear,view,1,2026-04-15 05:55:00
SES-11280,USR-164,PROD-115,Water-Resistant Gym Duffel,Apparel > Accessories > Bags,view,1,2026-05-26 22:33:00
SES-11299,USR-164,PROD-114,Moisture-Wicking Sports Tee,Apparel > Clothing > Activewear,purchase,5,2026-06-15 18:06:00
SES-11280,USR-164,PROD-113,Running Shoes Ultra Light,Apparel > Footwear > Shoes,view,1,2026-06-16 16:56:00
SES-11286,USR-164,PROD-114,Moisture-Wicking Sports Tee,Apparel > Clothing > Activewear,purchase,5,2026-06-19 16:58:00
SES-11293,USR-164,PROD-115,Water-Resistant Gym Duffel,Apparel > Accessories > Bags,purchase,5,2026-06-26 11:30:00
SES-11290,USR-164,PROD-110,Electric Pour-Over Kettle,Grocery > Appliances > Coffee,purchase,5,2026-06-28 13:15:00
SES-11319,USR-165,PROD-110,Electric Pour-Over Kettle,Grocery > Appliances > Coffee,add_to_cart,3,2026-01-04 07:07:00
SES-11308,USR-165,PROD-111,Stainless Steel Travel Mug,Grocery > Drinkware > Mugs,view,1,2026-01-14 18:08:00
SES-11311,USR-165,PROD-109,Premium Arabica Coffee Beans,Grocery > Beverages > Coffee,purchase,5,2026-02-26 02:30:00
SES-11301,USR-165,PROD-110,Electric Pour-Over Kettle,Grocery > Appliances > Coffee,view,1,2026-02-28 11:05:00
SES-11313,USR-165,PROD-103,Studio Wired Headphones,Electronics > Audio > Headphones,view,1,2026-03-07 17:56:00
SES-11311,USR-165,PROD-110,Electric Pour-Over Kettle,Grocery > Appliances > Coffee,purchase,5,2026-03-13 13:44:00
SES-11315,USR-165,PROD-110,Electric Pour-Over Kettle,Grocery > Appliances > Coffee,purchase,5,2026-03-15 00:52:00
SES-11307,USR-165,PROD-110,Electric Pour-Over Kettle,Grocery > Appliances > Coffee,add_to_cart,3,2026-03-20 15:05:00
SES-11309,USR-165,PROD-111,Stainless Steel Travel Mug,Grocery > Drinkware > Mugs,view,1,2026-03-24 00:12:00
SES-11315,USR-165,PROD-112,Organic Green Tea Bags,Grocery > Beverages > Tea,view,1,2026-04-01 05:46:00
SES-11311,USR-165,PROD-111,Stainless Steel Travel Mug,Grocery > Drinkware > Mugs,view,1,2026-04-01 10:16:00
SES-11300,USR-165,PROD-111,Stainless Steel Travel Mug,Grocery > Drinkware > Mugs,purchase,5,2026-04-06 17:33:00
SES-11308,USR-165,PROD-109,Premium Arabica Coffee Beans,Grocery > Beverages > Coffee,add_to_cart,3,2026-04-08 13:15:00
SES-11302,USR-165,PROD-111,Stainless Steel Travel Mug,Grocery > Drinkware > Mugs,purchase,5,2026-04-10 03:23:00
SES-11303,USR-165,PROD-110,Electric Pour-Over Kettle,Grocery > Appliances > Coffee,purchase,5,2026-04-11 07:21:00
SES-11300,USR-165,PROD-112,Organic Green Tea Bags,Grocery > Beverages > Tea,purchase,5,2026-04-14 20:09:00
SES-11304,USR-165,PROD-109,Premium Arabica Coffee Beans,Grocery > Beverages > Coffee,view,1,2026-04-16 14:35:00
SES-11317,USR-165,PROD-112,Organic Green Tea Bags,Grocery > Beverages > Tea,add_to_cart,3,2026-04-19 23:30:00
SES-11301,USR-165,PROD-110,Electric Pour-Over Kettle,Grocery > Appliances > Coffee,purchase,5,2026-04-23 01:03:00
SES-11305,USR-165,PROD-112,Organic Green Tea Bags,Grocery > Beverages > Tea,view,1,2026-04-28 18:20:00
SES-11302,USR-165,PROD-111,Stainless Steel Travel Mug,Grocery > Drinkware > Mugs,view,1,2026-05-03 23:03:00
SES-11318,USR-165,PROD-109,Premium Arabica Coffee Beans,Grocery > Beverages > Coffee,view,1,2026-05-14 00:14:00
SES-11303,USR-165,PROD-111,Stainless Steel Travel Mug,Grocery > Drinkware > Mugs,purchase,5,2026-05-21 13:25:00
SES-11311,USR-165,PROD-109,Premium Arabica Coffee Beans,Grocery > Beverages > Coffee,purchase,5,2026-06-02 20:44:00
SES-11301,USR-165,PROD-112,Organic Green Tea Bags,Grocery > Beverages > Tea,add_to_cart,3,2026-06-08 10:45:00
SES-11309,USR-165,PROD-110,Electric Pour-Over Kettle,Grocery > Appliances > Coffee,purchase,5,2026-06-23 05:46:00
SES-11333,USR-166,PROD-102,Bluetooth Sports Earbuds,Electronics > Audio > Headphones,view,1,2026-01-02 13:28:00
SES-11334,USR-166,PROD-105,OLED Gaming Monitor,Electronics > Video > Monitors,purchase,5,2026-01-16 00:59:00
SES-11335,USR-166,PROD-108,USB-C Multi-Port Hub,Computers > Accessories > Hubs,add_to_cart,3,2026-02-08 12:29:00
SES-11337,USR-166,PROD-105,OLED Gaming Monitor,Electronics > Video > Monitors,view,1,2026-03-01 03:12:00
SES-11334,USR-166,PROD-107,Wireless Vertical Mouse,Computers > Accessories > Mice,add_to_cart,3,2026-03-02 04:30:00
SES-11332,USR-166,PROD-107,Wireless Vertical Mouse,Computers > Accessories > Mice,purchase,5,2026-03-04 04:40:00
SES-11338,USR-166,PROD-108,USB-C Multi-Port Hub,Computers > Accessories > Hubs,add_to_cart,3,2026-03-17 00:10:00
SES-11338,USR-166,PROD-102,Bluetooth Sports Earbuds,Electronics > Audio > Headphones,view,1,2026-04-01 14:34:00
SES-11332,USR-166,PROD-104,4K Ultra HD Smart TV,Electronics > Video > Televisions,view,1,2026-04-01 14:43:00
SES-11328,USR-166,PROD-105,OLED Gaming Monitor,Electronics > Video > Monitors,view,1,2026-04-16 02:32:00
SES-11327,USR-166,PROD-105,OLED Gaming Monitor,Electronics > Video > Monitors,purchase,5,2026-04-16 12:03:00
SES-11321,USR-166,PROD-105,OLED Gaming Monitor,Electronics > Video > Monitors,add_to_cart,3,2026-04-30 10:28:00
SES-11334,USR-166,PROD-104,4K Ultra HD Smart TV,Electronics > Video > Televisions,purchase,5,2026-05-07 03:41:00
SES-11339,USR-166,PROD-108,USB-C Multi-Port Hub,Computers > Accessories > Hubs,purchase,5,2026-05-15 15:21:00
SES-11337,USR-166,PROD-108,USB-C Multi-Port Hub,Computers > Accessories > Hubs,add_to_cart,3,2026-05-20 18:28:00
SES-11336,USR-166,PROD-105,OLED Gaming Monitor,Electronics > Video > Monitors,view,1,2026-05-28 02:19:00
SES-11320,USR-166,PROD-106,Ergonomic Mechanical Keyboard,Computers > Accessories > Keyboards,purchase,5,2026-05-29 16:54:00
SES-11328,USR-166,PROD-105,OLED Gaming Monitor,Electronics > Video > Monitors,view,1,2026-05-29 22:37:00
SES-11336,USR-166,PROD-104,4K Ultra HD Smart TV,Electronics > Video > Televisions,purchase,5,2026-06-04 04:56:00
SES-11333,USR-166,PROD-114,Moisture-Wicking Sports Tee,Apparel > Clothing > Activewear,view,1,2026-06-09 03:43:00
SES-11323,USR-166,PROD-107,Wireless Vertical Mouse,Computers > Accessories > Mice,view,1,2026-06-12 19:55:00
SES-11332,USR-166,PROD-108,USB-C Multi-Port Hub,Computers > Accessories > Hubs,purchase,5,2026-06-25 20:38:00
SES-11348,USR-167,PROD-110,Electric Pour-Over Kettle,Grocery > Appliances > Coffee,add_to_cart,3,2026-01-30 12:04:00
SES-11347,USR-167,PROD-109,Premium Arabica Coffee Beans,Grocery > Beverages > Coffee,view,1,2026-02-12 22:57:00
SES-11353,USR-167,PROD-112,Organic Green Tea Bags,Grocery > Beverages > Tea,purchase,5,2026-02-16 07:22:00
SES-11353,USR-167,PROD-109,Premium Arabica Coffee Beans,Grocery > Beverages > Coffee,purchase,5,2026-02-20 08:31:00
SES-11349,USR-167,PROD-109,Premium Arabica Coffee Beans,Grocery > Beverages > Coffee,view,1,2026-03-23 01:59:00
SES-11342,USR-167,PROD-111,Stainless Steel Travel Mug,Grocery > Drinkware > Mugs,purchase,5,2026-04-05 09:43:00
SES-11356,USR-167,PROD-110,Electric Pour-Over Kettle,Grocery > Appliances > Coffee,add_to_cart,3,2026-04-09 11:16:00
SES-11340,USR-167,PROD-111,Stainless Steel Travel Mug,Grocery > Drinkware > Mugs,purchase,5,2026-04-14 11:31:00
SES-11349,USR-167,PROD-110,Electric Pour-Over Kettle,Grocery > Appliances > Coffee,view,1,2026-04-21 18:19:00
SES-11354,USR-167,PROD-111,Stainless Steel Travel Mug,Grocery > Drinkware > Mugs,view,1,2026-05-03 12:38:00
SES-11346,USR-167,PROD-112,Organic Green Tea Bags,Grocery > Beverages > Tea,view,1,2026-05-11 03:29:00
SES-11346,USR-167,PROD-109,Premium Arabica Coffee Beans,Grocery > Beverages > Coffee,add_to_cart,3,2026-05-13 03:32:00
SES-11340,USR-167,PROD-109,Premium Arabica Coffee Beans,Grocery > Beverages > Coffee,purchase,5,2026-05-17 16:45:00
SES-11357,USR-167,PROD-110,Electric Pour-Over Kettle,Grocery > Appliances > Coffee,purchase,5,2026-05-22 06:34:00
SES-11357,USR-167,PROD-112,Organic Green Tea Bags,Grocery > Beverages > Tea,add_to_cart,3,2026-05-24 00:19:00
SES-11354,USR-167,PROD-111,Stainless Steel Travel Mug,Grocery > Drinkware > Mugs,view,1,2026-05-29 07:50:00
SES-11344,USR-167,PROD-110,Electric Pour-Over Kettle,Grocery > Appliances > Coffee,view,1,2026-06-01 11:12:00
SES-11359,USR-167,PROD-109,Premium Arabica Coffee Beans,Grocery > Beverages > Coffee,view,1,2026-06-13 17:34:00
SES-11350,USR-167,PROD-112,Organic Green Tea Bags,Grocery > Beverages > Tea,view,1,2026-06-18 15:38:00
SES-11374,USR-168,PROD-101,Wireless Noise-Canceling Headphones,Electronics > Audio > Headphones,purchase,5,2026-01-02 19:43:00
SES-11377,USR-168,PROD-103,Studio Wired Headphones,Electronics > Audio > Headphones,purchase,5,2026-01-11 15:03:00
SES-11370,USR-168,PROD-102,Bluetooth Sports Earbuds,Electronics > Audio > Headphones,add_to_cart,3,2026-01-12 10:31:00
SES-11369,USR-168,PROD-102,Bluetooth Sports Earbuds,Electronics > Audio > Headphones,add_to_cart,3,2026-02-07 02:07:00
SES-11360,USR-168,PROD-108,USB-C Multi-Port Hub,Computers > Accessories > Hubs,view,1,2026-02-08 00:30:00
SES-11377,USR-168,PROD-101,Wireless Noise-Canceling Headphones,Electronics > Audio > Headphones,view,1,2026-02-19 08:32:00
SES-11366,USR-168,PROD-101,Wireless Noise-Canceling Headphones,Electronics > Audio > Headphones,view,1,2026-02-21 15:25:00
SES-11371,USR-168,PROD-108,USB-C Multi-Port Hub,Computers > Accessories > Hubs,purchase,5,2026-02-24 21:10:00
SES-11369,USR-168,PROD-101,Wireless Noise-Canceling Headphones,Electronics > Audio > Headphones,view,1,2026-02-25 17:43:00
SES-11369,USR-168,PROD-114,Moisture-Wicking Sports Tee,Apparel > Clothing > Activewear,add_to_cart,3,2026-02-28 10:41:00
SES-11371,USR-168,PROD-103,Studio Wired Headphones,Electronics > Audio > Headphones,purchase,5,2026-03-22 03:50:00
SES-11373,USR-168,PROD-103,Studio Wired Headphones,Electronics > Audio > Headphones,view,1,2026-03-25 10:09:00
SES-11362,USR-168,PROD-108,USB-C Multi-Port Hub,Computers > Accessories > Hubs,add_to_cart,3,2026-04-05 20:57:00
SES-11366,USR-168,PROD-101,Wireless Noise-Canceling Headphones,Electronics > Audio > Headphones,view,1,2026-04-15 16:32:00
SES-11371,USR-168,PROD-103,Studio Wired Headphones,Electronics > Audio > Headphones,view,1,2026-04-19 07:11:00
SES-11379,USR-168,PROD-102,Bluetooth Sports Earbuds,Electronics > Audio > Headphones,view,1,2026-04-22 04:41:00
SES-11368,USR-168,PROD-103,Studio Wired Headphones,Electronics > Audio > Headphones,view,1,2026-05-02 19:36:00
SES-11372,USR-168,PROD-103,Studio Wired Headphones,Electronics > Audio > Headphones,add_to_cart,3,2026-05-12 16:44:00
SES-11371,USR-168,PROD-108,USB-C Multi-Port Hub,Computers > Accessories > Hubs,view,1,2026-05-21 02:52:00
SES-11371,USR-168,PROD-101,Wireless Noise-Canceling Headphones,Electronics > Audio > Headphones,view,1,2026-06-01 14:26:00
SES-11377,USR-168,PROD-103,Studio Wired Headphones,Electronics > Audio > Headphones,purchase,5,2026-06-25 12:45:00
SES-11377,USR-168,PROD-108,USB-C Multi-Port Hub,Computers > Accessories > Hubs,purchase,5,2026-06-27 04:49:00
SES-11395,USR-169,PROD-115,Water-Resistant Gym Duffel,Apparel > Accessories > Bags,purchase,5,2026-01-03 08:29:00
SES-11380,USR-169,PROD-106,Ergonomic Mechanical Keyboard,Computers > Accessories > Keyboards,view,1,2026-01-08 02:09:00
SES-11398,USR-169,PROD-108,USB-C Multi-Port Hub,Computers > Accessories > Hubs,view,1,2026-01-13 22:51:00
SES-11391,USR-169,PROD-111,Stainless Steel Travel Mug,Grocery > Drinkware > Mugs,purchase,5,2026-01-20 00:04:00
SES-11383,USR-169,PROD-111,Stainless Steel Travel Mug,Grocery > Drinkware > Mugs,view,1,2026-01-25 09:55:00
SES-11392,USR-169,PROD-107,Wireless Vertical Mouse,Computers > Accessories > Mice,purchase,5,2026-02-03 13:54:00
SES-11392,USR-169,PROD-106,Ergonomic Mechanical Keyboard,Computers > Accessories > Keyboards,purchase,5,2026-02-19 04:57:00
SES-11395,USR-169,PROD-106,Ergonomic Mechanical Keyboard,Computers > Accessories > Keyboards,purchase,5,2026-02-22 18:41:00
SES-11387,USR-169,PROD-101,Wireless Noise-Canceling Headphones,Electronics > Audio > Headphones,purchase,5,2026-02-23 18:14:00
SES-11380,USR-169,PROD-104,4K Ultra HD Smart TV,Electronics > Video > Televisions,purchase,5,2026-02-24 10:36:00
SES-11392,USR-169,PROD-108,USB-C Multi-Port Hub,Computers > Accessories > Hubs,add_to_cart,3,2026-03-05 20:33:00
SES-11382,USR-169,PROD-104,4K Ultra HD Smart TV,Electronics > Video > Televisions,view,1,2026-03-11 22:37:00
SES-11389,USR-169,PROD-105,OLED Gaming Monitor,Electronics > Video > Monitors,purchase,5,2026-03-27 04:43:00
SES-11387,USR-169,PROD-104,4K Ultra HD Smart TV,Electronics > Video > Televisions,purchase,5,2026-04-01 18:06:00
SES-11388,USR-169,PROD-104,4K Ultra HD Smart TV,Electronics > Video > Televisions,add_to_cart,3,2026-04-11 15:44:00
SES-11393,USR-169,PROD-108,USB-C Multi-Port Hub,Computers > Accessories > Hubs,add_to_cart,3,2026-05-10 05:08:00
SES-11390,USR-169,PROD-105,OLED Gaming Monitor,Electronics > Video > Monitors,view,1,2026-05-12 09:41:00
SES-11395,USR-169,PROD-105,OLED Gaming Monitor,Electronics > Video > Monitors,purchase,5,2026-05-19 19:08:00
SES-11392,USR-169,PROD-107,Wireless Vertical Mouse,Computers > Accessories > Mice,purchase,5,2026-05-25 21:40:00
SES-11395,USR-169,PROD-108,USB-C Multi-Port Hub,Computers > Accessories > Hubs,view,1,2026-06-01 09:09:00
SES-11385,USR-169,PROD-105,OLED Gaming Monitor,Electronics > Video > Monitors,view,1,2026-06-14 02:51:00
SES-11383,USR-169,PROD-105,OLED Gaming Monitor,Electronics > Video > Monitors,view,1,2026-06-26 07:51:00
SES-11388,USR-169,PROD-105,OLED Gaming Monitor,Electronics > Video > Monitors,view,1,2026-06-26 15:40:00
SES-11415,USR-170,PROD-108,USB-C Multi-Port Hub,Computers > Accessories > Hubs,purchase,5,2026-01-05 18:58:00
SES-11410,USR-170,PROD-101,Wireless Noise-Canceling Headphones,Electronics > Audio > Headphones,purchase,5,2026-01-10 14:47:00
SES-11407,USR-170,PROD-108,USB-C Multi-Port Hub,Computers > Accessories > Hubs,view,1,2026-01-20 09:45:00
SES-11404,USR-170,PROD-112,Organic Green Tea Bags,Grocery > Beverages > Tea,view,1,2026-02-03 04:27:00
SES-11407,USR-170,PROD-102,Bluetooth Sports Earbuds,Electronics > Audio > Headphones,view,1,2026-02-16 19:36:00
SES-11401,USR-170,PROD-102,Bluetooth Sports Earbuds,Electronics > Audio > Headphones,purchase,5,2026-03-08 23:43:00
SES-11415,USR-170,PROD-103,Studio Wired Headphones,Electronics > Audio > Headphones,purchase,5,2026-03-10 03:21:00
SES-11407,USR-170,PROD-103,Studio Wired Headphones,Electronics > Audio > Headphones,add_to_cart,3,2026-03-11 13:59:00
SES-11419,USR-170,PROD-101,Wireless Noise-Canceling Headphones,Electronics > Audio > Headphones,add_to_cart,3,2026-03-15 07:51:00
SES-11404,USR-170,PROD-103,Studio Wired Headphones,Electronics > Audio > Headphones,view,1,2026-03-24 08:26:00
SES-11403,USR-170,PROD-103,Studio Wired Headphones,Electronics > Audio > Headphones,view,1,2026-03-31 06:34:00
SES-11415,USR-170,PROD-108,USB-C Multi-Port Hub,Computers > Accessories > Hubs,purchase,5,2026-04-11 07:52:00
SES-11418,USR-170,PROD-102,Bluetooth Sports Earbuds,Electronics > Audio > Headphones,add_to_cart,3,2026-05-06 03:00:00
SES-11411,USR-170,PROD-103,Studio Wired Headphones,Electronics > Audio > Headphones,purchase,5,2026-05-13 10:37:00
SES-11406,USR-170,PROD-107,Wireless Vertical Mouse,Computers > Accessories > Mice,view,1,2026-05-23 16:28:00
SES-11408,USR-170,PROD-101,Wireless Noise-Canceling Headphones,Electronics > Audio > Headphones,purchase,5,2026-05-28 16:05:00
SES-11404,USR-170,PROD-102,Bluetooth Sports Earbuds,Electronics > Audio > Headphones,view,1,2026-05-28 22:44:00
SES-11404,USR-170,PROD-115,Water-Resistant Gym Duffel,Apparel > Accessories > Bags,view,1,2026-06-07 06:48:00
SES-11405,USR-170,PROD-101,Wireless Noise-Canceling Headphones,Electronics > Audio > Headphones,view,1,2026-06-15 12:52:00
SES-11424,USR-171,PROD-112,Organic Green Tea Bags,Grocery > Beverages > Tea,purchase,5,2026-01-10 13:39:00
SES-11436,USR-171,PROD-110,Electric Pour-Over Kettle,Grocery > Appliances > Coffee,add_to_cart,3,2026-01-17 14:23:00
SES-11424,USR-171,PROD-109,Premium Arabica Coffee Beans,Grocery > Beverages > Coffee,add_to_cart,3,2026-02-02 04:33:00
SES-11427,USR-171,PROD-103,Studio Wired Headphones,Electronics > Audio > Headphones,view,1,2026-02-12 17:46:00
SES-11431,USR-171,PROD-112,Organic Green Tea Bags,Grocery > Beverages > Tea,purchase,5,2026-02-13 19:37:00
SES-11421,USR-171,PROD-112,Organic Green Tea Bags,Grocery > Beverages > Tea,view,1,2026-02-24 07:33:00
SES-11424,USR-171,PROD-109,Premium Arabica Coffee Beans,Grocery > Beverages > Coffee,purchase,5,2026-02-28 03:36:00
SES-11425,USR-171,PROD-110,Electric Pour-Over Kettle,Grocery > Appliances > Coffee,add_to_cart,3,2026-03-07 00:11:00
SES-11423,USR-171,PROD-112,Organic Green Tea Bags,Grocery > Beverages > Tea,purchase,5,2026-03-08 12:13:00
SES-11422,USR-171,PROD-111,Stainless Steel Travel Mug,Grocery > Drinkware > Mugs,view,1,2026-04-10 06:27:00
SES-11429,USR-171,PROD-110,Electric Pour-Over Kettle,Grocery > Appliances > Coffee,view,1,2026-04-19 22:59:00
SES-11431,USR-171,PROD-111,Stainless Steel Travel Mug,Grocery > Drinkware > Mugs,purchase,5,2026-04-24 16:24:00
SES-11434,USR-171,PROD-112,Organic Green Tea Bags,Grocery > Beverages > Tea,add_to_cart,3,2026-05-24 12:55:00
SES-11431,USR-171,PROD-112,Organic Green Tea Bags,Grocery > Beverages > Tea,view,1,2026-05-25 06:49:00
SES-11434,USR-171,PROD-109,Premium Arabica Coffee Beans,Grocery > Beverages > Coffee,view,1,2026-05-28 20:43:00
SES-11422,USR-171,PROD-111,Stainless Steel Travel Mug,Grocery > Drinkware > Mugs,view,1,2026-06-06 13:06:00
SES-11437,USR-171,PROD-101,Wireless Noise-Canceling Headphones,Electronics > Audio > Headphones,purchase,5,2026-06-06 20:39:00
SES-11427,USR-171,PROD-113,Running Shoes Ultra Light,Apparel > Footwear > Shoes,view,1,2026-06-08 23:25:00
SES-11432,USR-171,PROD-111,Stainless Steel Travel Mug,Grocery > Drinkware > Mugs,view,1,2026-06-20 20:35:00
SES-11450,USR-172,PROD-114,Moisture-Wicking Sports Tee,Apparel > Clothing > Activewear,view,1,2026-01-14 08:37:00
SES-11441,USR-172,PROD-115,Water-Resistant Gym Duffel,Apparel > Accessories > Bags,purchase,5,2026-01-15 04:30:00
SES-11456,USR-172,PROD-114,Moisture-Wicking Sports Tee,Apparel > Clothing > Activewear,view,1,2026-01-15 12:34:00
SES-11458,USR-172,PROD-114,Moisture-Wicking Sports Tee,Apparel > Clothing > Activewear,add_to_cart,3,2026-01-17 16:11:00
SES-11443,USR-172,PROD-114,Moisture-Wicking Sports Tee,Apparel > Clothing > Activewear,purchase,5,2026-01-21 12:37:00
SES-11458,USR-172,PROD-114,Moisture-Wicking Sports Tee,Apparel > Clothing > Activewear,view,1,2026-01-31 13:28:00
SES-11457,USR-172,PROD-113,Running Shoes Ultra Light,Apparel > Footwear > Shoes,view,1,2026-02-03 11:02:00
SES-11457,USR-172,PROD-113,Running Shoes Ultra Light,Apparel > Footwear > Shoes,purchase,5,2026-02-24 23:59:00
SES-11454,USR-172,PROD-114,Moisture-Wicking Sports Tee,Apparel > Clothing > Activewear,add_to_cart,3,2026-03-04 15:09:00
SES-11455,USR-172,PROD-113,Running Shoes Ultra Light,Apparel > Footwear > Shoes,view,1,2026-03-12 21:51:00
SES-11452,USR-172,PROD-115,Water-Resistant Gym Duffel,Apparel > Accessories > Bags,view,1,2026-03-19 01:09:00
SES-11454,USR-172,PROD-111,Stainless Steel Travel Mug,Grocery > Drinkware > Mugs,purchase,5,2026-03-26 12:26:00
SES-11446,USR-172,PROD-114,Moisture-Wicking Sports Tee,Apparel > Clothing > Activewear,view,1,2026-04-03 06:07:00
SES-11442,USR-172,PROD-113,Running Shoes Ultra Light,Apparel > Footwear > Shoes,purchase,5,2026-04-08 04:02:00
SES-11442,USR-172,PROD-114,Moisture-Wicking Sports Tee,Apparel > Clothing > Activewear,purchase,5,2026-04-17 18:23:00
SES-11452,USR-172,PROD-115,Water-Resistant Gym Duffel,Apparel > Accessories > Bags,add_to_cart,3,2026-05-13 14:48:00
SES-11445,USR-172,PROD-114,Moisture-Wicking Sports Tee,Apparel > Clothing > Activewear,view,1,2026-05-22 08:23:00
SES-11479,USR-173,PROD-112,Organic Green Tea Bags,Grocery > Beverages > Tea,purchase,5,2026-01-06 11:21:00
SES-11469,USR-173,PROD-109,Premium Arabica Coffee Beans,Grocery > Beverages > Coffee,add_to_cart,3,2026-01-07 13:46:00
SES-11472,USR-173,PROD-109,Premium Arabica Coffee Beans,Grocery > Beverages > Coffee,purchase,5,2026-01-08 06:46:00
SES-11465,USR-173,PROD-109,Premium Arabica Coffee Beans,Grocery > Beverages > Coffee,view,1,2026-01-10 11:17:00
SES-11477,USR-173,PROD-112,Organic Green Tea Bags,Grocery > Beverages > Tea,view,1,2026-01-23 10:44:00
SES-11464,USR-173,PROD-110,Electric Pour-Over Kettle,Grocery > Appliances > Coffee,view,1,2026-01-30 01:24:00
SES-11479,USR-173,PROD-109,Premium Arabica Coffee Beans,Grocery > Beverages > Coffee,purchase,5,2026-02-12 13:38:00
SES-11469,USR-173,PROD-111,Stainless Steel Travel Mug,Grocery > Drinkware > Mugs,purchase,5,2026-02-27 17:32:00
SES-11478,USR-173,PROD-111,Stainless Steel Travel Mug,Grocery > Drinkware > Mugs,view,1,2026-02-27 21:19:00
SES-11466,USR-173,PROD-110,Electric Pour-Over Kettle,Grocery > Appliances > Coffee,add_to_cart,3,2026-03-03 01:46:00
SES-11468,USR-173,PROD-110,Electric Pour-Over Kettle,Grocery > Appliances > Coffee,purchase,5,2026-03-08 05:59:00
SES-11462,USR-173,PROD-112,Organic Green Tea Bags,Grocery > Beverages > Tea,add_to_cart,3,2026-03-09 21:20:00
SES-11469,USR-173,PROD-112,Organic Green Tea Bags,Grocery > Beverages > Tea,view,1,2026-03-10 02:39:00
SES-11477,USR-173,PROD-111,Stainless Steel Travel Mug,Grocery > Drinkware > Mugs,view,1,2026-03-26 22:23:00
SES-11470,USR-173,PROD-109,Premium Arabica Coffee Beans,Grocery > Beverages > Coffee,view,1,2026-04-05 14:54:00
SES-11472,USR-173,PROD-111,Stainless Steel Travel Mug,Grocery > Drinkware > Mugs,purchase,5,2026-04-07 02:35:00
SES-11465,USR-173,PROD-110,Electric Pour-Over Kettle,Grocery > Appliances > Coffee,view,1,2026-04-18 12:14:00
SES-11475,USR-173,PROD-109,Premium Arabica Coffee Beans,Grocery > Beverages > Coffee,purchase,5,2026-05-03 10:13:00
SES-11471,USR-173,PROD-112,Organic Green Tea Bags,Grocery > Beverages > Tea,view,1,2026-05-10 07:29:00
SES-11470,USR-173,PROD-109,Premium Arabica Coffee Beans,Grocery > Beverages > Coffee,view,1,2026-05-29 18:18:00
SES-11470,USR-173,PROD-112,Organic Green Tea Bags,Grocery > Beverages > Tea,view,1,2026-06-26 03:08:00
SES-11476,USR-173,PROD-102,Bluetooth Sports Earbuds,Electronics > Audio > Headphones,view,1,2026-06-26 18:10:00
SES-11495,USR-174,PROD-102,Bluetooth Sports Earbuds,Electronics > Audio > Headphones,view,1,2026-01-04 19:35:00
SES-11495,USR-174,PROD-103,Studio Wired Headphones,Electronics > Audio > Headphones,add_to_cart,3,2026-01-11 20:26:00
SES-11491,USR-174,PROD-101,Wireless Noise-Canceling Headphones,Electronics > Audio > Headphones,purchase,5,2026-01-15 08:40:00
SES-11488,USR-174,PROD-108,USB-C Multi-Port Hub,Computers > Accessories > Hubs,purchase,5,2026-03-01 17:03:00
SES-11484,USR-174,PROD-101,Wireless Noise-Canceling Headphones,Electronics > Audio > Headphones,view,1,2026-03-04 13:40:00
SES-11486,USR-174,PROD-101,Wireless Noise-Canceling Headphones,Electronics > Audio > Headphones,purchase,5,2026-03-11 21:34:00
SES-11486,USR-174,PROD-103,Studio Wired Headphones,Electronics > Audio > Headphones,purchase,5,2026-03-16 23:05:00
SES-11498,USR-174,PROD-108,USB-C Multi-Port Hub,Computers > Accessories > Hubs,add_to_cart,3,2026-03-25 12:50:00
SES-11481,USR-174,PROD-105,OLED Gaming Monitor,Electronics > Video > Monitors,purchase,5,2026-03-27 21:43:00
SES-11488,USR-174,PROD-106,Ergonomic Mechanical Keyboard,Computers > Accessories > Keyboards,purchase,5,2026-04-26 03:03:00
SES-11491,USR-174,PROD-101,Wireless Noise-Canceling Headphones,Electronics > Audio > Headphones,add_to_cart,3,2026-05-04 23:36:00
SES-11490,USR-174,PROD-103,Studio Wired Headphones,Electronics > Audio > Headphones,purchase,5,2026-05-26 12:05:00
SES-11498,USR-174,PROD-115,Water-Resistant Gym Duffel,Apparel > Accessories > Bags,view,1,2026-06-05 07:13:00
SES-11492,USR-174,PROD-108,USB-C Multi-Port Hub,Computers > Accessories > Hubs,view,1,2026-06-07 02:17:00
SES-11490,USR-174,PROD-101,Wireless Noise-Canceling Headphones,Electronics > Audio > Headphones,view,1,2026-06-08 15:42:00
SES-11498,USR-174,PROD-102,Bluetooth Sports Earbuds,Electronics > Audio > Headphones,view,1,2026-06-20 08:00:00
SES-11513,USR-175,PROD-104,4K Ultra HD Smart TV,Electronics > Video > Televisions,view,1,2026-01-14 08:04:00
SES-11508,USR-175,PROD-107,Wireless Vertical Mouse,Computers > Accessories > Mice,purchase,5,2026-01-18 14:54:00
SES-11500,USR-175,PROD-106,Ergonomic Mechanical Keyboard,Computers > Accessories > Keyboards,purchase,5,2026-01-23 03:09:00
SES-11504,USR-175,PROD-107,Wireless Vertical Mouse,Computers > Accessories > Mice,purchase,5,2026-02-08 07:31:00
SES-11504,USR-175,PROD-108,USB-C Multi-Port Hub,Computers > Accessories > Hubs,purchase,5,2026-02-08 16:56:00
SES-11500,USR-175,PROD-104,4K Ultra HD Smart TV,Electronics > Video > Televisions,purchase,5,2026-02-26 09:32:00
SES-11509,USR-175,PROD-108,USB-C Multi-Port Hub,Computers > Accessories > Hubs,view,1,2026-03-06 11:46:00
SES-11500,USR-175,PROD-104,4K Ultra HD Smart TV,Electronics > Video > Televisions,view,1,2026-03-20 05:31:00
SES-11501,USR-175,PROD-105,OLED Gaming Monitor,Electronics > Video > Monitors,view,1,2026-03-21 17:35:00
SES-11505,USR-175,PROD-113,Running Shoes Ultra Light,Apparel > Footwear > Shoes,view,1,2026-03-22 07:42:00
SES-11507,USR-175,PROD-106,Ergonomic Mechanical Keyboard,Computers > Accessories > Keyboards,add_to_cart,3,2026-04-30 17:29:00
SES-11518,USR-175,PROD-108,USB-C Multi-Port Hub,Computers > Accessories > Hubs,purchase,5,2026-05-01 09:06:00
SES-11502,USR-175,PROD-108,USB-C Multi-Port Hub,Computers > Accessories > Hubs,purchase,5,2026-05-12 03:40:00
SES-11503,USR-175,PROD-108,USB-C Multi-Port Hub,Computers > Accessories > Hubs,purchase,5,2026-05-24 04:45:00
SES-11514,USR-175,PROD-106,Ergonomic Mechanical Keyboard,Computers > Accessories > Keyboards,add_to_cart,3,2026-05-26 09:23:00
SES-11514,USR-175,PROD-106,Ergonomic Mechanical Keyboard,Computers > Accessories > Keyboards,purchase,5,2026-06-17 14:47:00
SES-11500,USR-175,PROD-105,OLED Gaming Monitor,Electronics > Video > Monitors,purchase,5,2026-06-18 13:30:00
SES-11506,USR-175,PROD-105,OLED Gaming Monitor,Electronics > Video > Monitors,add_to_cart,3,2026-06-20 04:41:00
SES-11519,USR-175,PROD-111,Stainless Steel Travel Mug,Grocery > Drinkware > Mugs,add_to_cart,3,2026-06-23 23:09:00
SES-11518,USR-175,PROD-107,Wireless Vertical Mouse,Computers > Accessories > Mice,purchase,5,2026-06-25 04:17:00
SES-11515,USR-175,PROD-108,USB-C Multi-Port Hub,Computers > Accessories > Hubs,purchase,5,2026-06-26 16:24:00
SES-11525,USR-176,PROD-112,Organic Green Tea Bags,Grocery > Beverages > Tea,view,1,2026-02-22 07:27:00
SES-11534,USR-176,PROD-109,Premium Arabica Coffee Beans,Grocery > Beverages > Coffee,purchase,5,2026-02-23 13:19:00
SES-11522,USR-176,PROD-102,Bluetooth Sports Earbuds,Electronics > Audio > Headphones,purchase,5,2026-02-26 13:02:00
SES-11522,USR-176,PROD-112,Organic Green Tea Bags,Grocery > Beverages > Tea,add_to_cart,3,2026-02-27 09:37:00
SES-11537,USR-176,PROD-110,Electric Pour-Over Kettle,Grocery > Appliances > Coffee,view,1,2026-03-02 03:39:00
SES-11526,USR-176,PROD-109,Premium Arabica Coffee Beans,Grocery > Beverages > Coffee,purchase,5,2026-03-08 01:00:00
SES-11523,USR-176,PROD-110,Electric Pour-Over Kettle,Grocery > Appliances > Coffee,view,1,2026-03-12 09:49:00
SES-11538,USR-176,PROD-111,Stainless Steel Travel Mug,Grocery > Drinkware > Mugs,purchase,5,2026-03-25 23:10:00
SES-11523,USR-176,PROD-109,Premium Arabica Coffee Beans,Grocery > Beverages > Coffee,add_to_cart,3,2026-03-27 08:04:00
SES-11538,USR-176,PROD-110,Electric Pour-Over Kettle,Grocery > Appliances > Coffee,purchase,5,2026-04-10 23:06:00
SES-11525,USR-176,PROD-109,Premium Arabica Coffee Beans,Grocery > Beverages > Coffee,view,1,2026-05-04 15:51:00
SES-11534,USR-176,PROD-112,Organic Green Tea Bags,Grocery > Beverages > Tea,purchase,5,2026-05-16 07:54:00
SES-11537,USR-176,PROD-112,Organic Green Tea Bags,Grocery > Beverages > Tea,add_to_cart,3,2026-05-20 20:35:00
SES-11526,USR-176,PROD-112,Organic Green Tea Bags,Grocery > Beverages > Tea,purchase,5,2026-06-04 19:34:00
SES-11538,USR-176,PROD-109,Premium Arabica Coffee Beans,Grocery > Beverages > Coffee,purchase,5,2026-06-11 15:23:00
SES-11545,USR-177,PROD-107,Wireless Vertical Mouse,Computers > Accessories > Mice,view,1,2026-01-03 18:08:00
SES-11548,USR-177,PROD-105,OLED Gaming Monitor,Electronics > Video > Monitors,purchase,5,2026-01-05 08:12:00
SES-11551,USR-177,PROD-104,4K Ultra HD Smart TV,Electronics > Video > Televisions,purchase,5,2026-01-09 18:33:00
SES-11557,USR-177,PROD-105,OLED Gaming Monitor,Electronics > Video > Monitors,add_to_cart,3,2026-01-12 04:21:00
SES-11544,USR-177,PROD-108,USB-C Multi-Port Hub,Computers > Accessories > Hubs,view,1,2026-01-14 18:53:00
SES-11543,USR-177,PROD-105,OLED Gaming Monitor,Electronics > Video > Monitors,add_to_cart,3,2026-01-16 08:57:00
SES-11553,USR-177,PROD-105,OLED Gaming Monitor,Electronics > Video > Monitors,add_to_cart,3,2026-01-19 15:19:00
SES-11553,USR-177,PROD-112,Organic Green Tea Bags,Grocery > Beverages > Tea,add_to_cart,3,2026-01-20 00:31:00
SES-11546,USR-177,PROD-104,4K Ultra HD Smart TV,Electronics > Video > Televisions,purchase,5,2026-01-20 17:15:00
SES-11544,USR-177,PROD-106,Ergonomic Mechanical Keyboard,Computers > Accessories > Keyboards,add_to_cart,3,2026-01-28 04:29:00
SES-11548,USR-177,PROD-104,4K Ultra HD Smart TV,Electronics > Video > Televisions,view,1,2026-02-02 10:30:00
SES-11548,USR-177,PROD-105,OLED Gaming Monitor,Electronics > Video > Monitors,add_to_cart,3,2026-02-13 07:38:00
SES-11547,USR-177,PROD-103,Studio Wired Headphones,Electronics > Audio > Headphones,view,1,2026-03-11 07:09:00
SES-11548,USR-177,PROD-106,Ergonomic Mechanical Keyboard,Computers > Accessories > Keyboards,purchase,5,2026-03-12 18:00:00
SES-11547,USR-177,PROD-105,OLED Gaming Monitor,Electronics > Video > Monitors,purchase,5,2026-04-03 01:15:00
SES-11555,USR-177,PROD-107,Wireless Vertical Mouse,Computers > Accessories > Mice,purchase,5,2026-04-16 00:44:00
SES-11547,USR-177,PROD-105,OLED Gaming Monitor,Electronics > Video > Monitors,purchase,5,2026-04-22 03:04:00
SES-11546,USR-177,PROD-106,Ergonomic Mechanical Keyboard,Computers > Accessories > Keyboards,purchase,5,2026-05-02 15:49:00
SES-11544,USR-177,PROD-106,Ergonomic Mechanical Keyboard,Computers > Accessories > Keyboards,add_to_cart,3,2026-05-11 03:15:00
SES-11555,USR-177,PROD-108,USB-C Multi-Port Hub,Computers > Accessories > Hubs,view,1,2026-06-30 11:05:00
SES-11547,USR-177,PROD-108,USB-C Multi-Port Hub,Computers > Accessories > Hubs,view,1,2026-06-30 13:18:00
SES-11577,USR-178,PROD-113,Running Shoes Ultra Light,Apparel > Footwear > Shoes,add_to_cart,3,2026-01-11 04:20:00
SES-11560,USR-178,PROD-114,Moisture-Wicking Sports Tee,Apparel > Clothing > Activewear,view,1,2026-01-15 11:31:00
SES-11579,USR-178,PROD-113,Running Shoes Ultra Light,Apparel > Footwear > Shoes,purchase,5,2026-01-26 07:05:00
SES-11563,USR-178,PROD-113,Running Shoes Ultra Light,Apparel > Footwear > Shoes,view,1,2026-02-06 01:13:00
SES-11574,USR-178,PROD-114,Moisture-Wicking Sports Tee,Apparel > Clothing > Activewear,view,1,2026-02-07 06:43:00
SES-11560,USR-178,PROD-113,Running Shoes Ultra Light,Apparel > Footwear > Shoes,view,1,2026-03-13 03:37:00
SES-11564,USR-178,PROD-113,Running Shoes Ultra Light,Apparel > Footwear > Shoes,purchase,5,2026-03-19 10:00:00
SES-11563,USR-178,PROD-115,Water-Resistant Gym Duffel,Apparel > Accessories > Bags,purchase,5,2026-03-20 06:11:00
SES-11565,USR-178,PROD-114,Moisture-Wicking Sports Tee,Apparel > Clothing > Activewear,purchase,5,2026-03-26 22:33:00
SES-11573,USR-178,PROD-115,Water-Resistant Gym Duffel,Apparel > Accessories > Bags,purchase,5,2026-04-07 18:41:00
SES-11560,USR-178,PROD-115,Water-Resistant Gym Duffel,Apparel > Accessories > Bags,view,1,2026-04-10 06:03:00
SES-11579,USR-178,PROD-114,Moisture-Wicking Sports Tee,Apparel > Clothing > Activewear,purchase,5,2026-04-10 14:36:00
SES-11573,USR-178,PROD-114,Moisture-Wicking Sports Tee,Apparel > Clothing > Activewear,view,1,2026-04-14 01:53:00
SES-11567,USR-178,PROD-114,Moisture-Wicking Sports Tee,Apparel > Clothing > Activewear,add_to_cart,3,2026-04-19 08:43:00
SES-11565,USR-178,PROD-115,Water-Resistant Gym Duffel,Apparel > Accessories > Bags,purchase,5,2026-05-05 19:28:00
SES-11569,USR-178,PROD-114,Moisture-Wicking Sports Tee,Apparel > Clothing > Activewear,view,1,2026-05-16 17:14:00
SES-11563,USR-178,PROD-115,Water-Resistant Gym Duffel,Apparel > Accessories > Bags,view,1,2026-05-25 01:37:00
SES-11579,USR-178,PROD-115,Water-Resistant Gym Duffel,Apparel > Accessories > Bags,purchase,5,2026-05-28 11:14:00
SES-11575,USR-178,PROD-115,Water-Resistant Gym Duffel,Apparel > Accessories > Bags,view,1,2026-05-29 11:17:00
SES-11563,USR-178,PROD-114,Moisture-Wicking Sports Tee,Apparel > Clothing > Activewear,purchase,5,2026-06-02 12:07:00
SES-11562,USR-178,PROD-113,Running Shoes Ultra Light,Apparel > Footwear > Shoes,view,1,2026-06-25 10:23:00
SES-11568,USR-178,PROD-114,Moisture-Wicking Sports Tee,Apparel > Clothing > Activewear,add_to_cart,3,2026-06-25 21:05:00
SES-11585,USR-179,PROD-114,Moisture-Wicking Sports Tee,Apparel > Clothing > Activewear,view,1,2026-01-04 13:06:00
SES-11591,USR-179,PROD-113,Running Shoes Ultra Light,Apparel > Footwear > Shoes,purchase,5,2026-01-05 00:17:00
SES-11585,USR-179,PROD-114,Moisture-Wicking Sports Tee,Apparel > Clothing > Activewear,view,1,2026-01-13 08:45:00
SES-11599,USR-179,PROD-115,Water-Resistant Gym Duffel,Apparel > Accessories > Bags,view,1,2026-01-14 05:18:00
SES-11597,USR-179,PROD-114,Moisture-Wicking Sports Tee,Apparel > Clothing > Activewear,view,1,2026-02-03 00:59:00
SES-11598,USR-179,PROD-113,Running Shoes Ultra Light,Apparel > Footwear > Shoes,view,1,2026-02-03 03:04:00
SES-11584,USR-179,PROD-115,Water-Resistant Gym Duffel,Apparel > Accessories > Bags,purchase,5,2026-02-13 17:05:00
SES-11588,USR-179,PROD-115,Water-Resistant Gym Duffel,Apparel > Accessories > Bags,view,1,2026-02-17 08:26:00
SES-11580,USR-179,PROD-113,Running Shoes Ultra Light,Apparel > Footwear > Shoes,purchase,5,2026-03-04 15:28:00
SES-11584,USR-179,PROD-113,Running Shoes Ultra Light,Apparel > Footwear > Shoes,view,1,2026-03-04 16:13:00
SES-11582,USR-179,PROD-115,Water-Resistant Gym Duffel,Apparel > Accessories > Bags,add_to_cart,3,2026-04-08 11:13:00
SES-11583,USR-179,PROD-113,Running Shoes Ultra Light,Apparel > Footwear > Shoes,purchase,5,2026-04-17 02:16:00
SES-11598,USR-179,PROD-115,Water-Resistant Gym Duffel,Apparel > Accessories > Bags,add_to_cart,3,2026-04-27 23:05:00
SES-11584,USR-179,PROD-113,Running Shoes Ultra Light,Apparel > Footwear > Shoes,view,1,2026-05-02 08:39:00
SES-11584,USR-179,PROD-114,Moisture-Wicking Sports Tee,Apparel > Clothing > Activewear,purchase,5,2026-05-02 11:42:00
SES-11584,USR-179,PROD-114,Moisture-Wicking Sports Tee,Apparel > Clothing > Activewear,add_to_cart,3,2026-05-15 19:24:00
SES-11592,USR-179,PROD-114,Moisture-Wicking Sports Tee,Apparel > Clothing > Activewear,add_to_cart,3,2026-05-22 04:20:00
SES-11584,USR-179,PROD-114,Moisture-Wicking Sports Tee,Apparel > Clothing > Activewear,add_to_cart,3,2026-05-28 08:46:00
SES-11582,USR-179,PROD-113,Running Shoes Ultra Light,Apparel > Footwear > Shoes,view,1,2026-06-04 07:28:00
SES-11583,USR-179,PROD-114,Moisture-Wicking Sports Tee,Apparel > Clothing > Activewear,purchase,5,2026-06-15 15:15:00
SES-11582,USR-179,PROD-114,Moisture-Wicking Sports Tee,Apparel > Clothing > Activewear,purchase,5,2026-06-28 16:14:00
SES-11582,USR-179,PROD-113,Running Shoes Ultra Light,Apparel > Footwear > Shoes,purchase,5,2026-06-28 23:49:00
SES-11601,USR-180,PROD-110,Electric Pour-Over Kettle,Grocery > Appliances > Coffee,purchase,5,2026-01-03 16:32:00
SES-11619,USR-180,PROD-110,Electric Pour-Over Kettle,Grocery > Appliances > Coffee,add_to_cart,3,2026-01-15 04:01:00
SES-11618,USR-180,PROD-115,Water-Resistant Gym Duffel,Apparel > Accessories > Bags,view,1,2026-01-17 23:42:00
SES-11604,USR-180,PROD-114,Moisture-Wicking Sports Tee,Apparel > Clothing > Activewear,view,1,2026-02-04 21:53:00
SES-11612,USR-180,PROD-113,Running Shoes Ultra Light,Apparel > Footwear > Shoes,purchase,5,2026-02-09 03:44:00
SES-11606,USR-180,PROD-115,Water-Resistant Gym Duffel,Apparel > Accessories > Bags,purchase,5,2026-02-11 14:25:00
SES-11618,USR-180,PROD-115,Water-Resistant Gym Duffel,Apparel > Accessories > Bags,purchase,5,2026-02-17 07:59:00
SES-11603,USR-180,PROD-113,Running Shoes Ultra Light,Apparel > Footwear > Shoes,view,1,2026-02-17 17:02:00
SES-11611,USR-180,PROD-115,Water-Resistant Gym Duffel,Apparel > Accessories > Bags,purchase,5,2026-02-23 15:25:00
SES-11613,USR-180,PROD-114,Moisture-Wicking Sports Tee,Apparel > Clothing > Activewear,add_to_cart,3,2026-02-26 12:45:00
SES-11614,USR-180,PROD-114,Moisture-Wicking Sports Tee,Apparel > Clothing > Activewear,add_to_cart,3,2026-03-09 11:39:00
SES-11600,USR-180,PROD-113,Running Shoes Ultra Light,Apparel > Footwear > Shoes,view,1,2026-03-17 12:49:00
SES-11618,USR-180,PROD-114,Moisture-Wicking Sports Tee,Apparel > Clothing > Activewear,add_to_cart,3,2026-03-21 10:38:00
SES-11618,USR-180,PROD-114,Moisture-Wicking Sports Tee,Apparel > Clothing > Activewear,purchase,5,2026-03-22 23:00:00
SES-11613,USR-180,PROD-113,Running Shoes Ultra Light,Apparel > Footwear > Shoes,view,1,2026-04-03 04:35:00
SES-11609,USR-180,PROD-113,Running Shoes Ultra Light,Apparel > Footwear > Shoes,purchase,5,2026-04-29 19:47:00
SES-11615,USR-180,PROD-114,Moisture-Wicking Sports Tee,Apparel > Clothing > Activewear,add_to_cart,3,2026-05-15 16:27:00
SES-11606,USR-180,PROD-113,Running Shoes Ultra Light,Apparel > Footwear > Shoes,purchase,5,2026-05-22 07:46:00
SES-11612,USR-180,PROD-114,Moisture-Wicking Sports Tee,Apparel > Clothing > Activewear,view,1,2026-06-16 01:37:00
SES-11614,USR-180,PROD-113,Running Shoes Ultra Light,Apparel > Footwear > Shoes,view,1,2026-06-18 09:30:00
SES-11604,USR-180,PROD-114,Moisture-Wicking Sports Tee,Apparel > Clothing > Activewear,add_to_cart,3,2026-06-18 21:43:00
SES-11609,USR-180,PROD-115,Water-Resistant Gym Duffel,Apparel > Accessories > Bags,purchase,5,2026-06-19 09:42:00
SES-11613,USR-180,PROD-113,Running Shoes Ultra Light,Apparel > Footwear > Shoes,purchase,5,2026-06-21 22:26:00
SES-11635,USR-181,PROD-105,OLED Gaming Monitor,Electronics > Video > Monitors,view,1,2026-01-02 10:38:00
SES-11637,USR-181,PROD-102,Bluetooth Sports Earbuds,Electronics > Audio > Headphones,view,1,2026-01-05 08:29:00
SES-11635,USR-181,PROD-111,Stainless Steel Travel Mug,Grocery > Drinkware > Mugs,view,1,2026-01-05 20:46:00
SES-11622,USR-181,PROD-108,USB-C Multi-Port Hub,Computers > Accessories > Hubs,purchase,5,2026-01-12 01:48:00
SES-11630,USR-181,PROD-105,OLED Gaming Monitor,Electronics > Video > Monitors,add_to_cart,3,2026-01-14 13:52:00
SES-11639,USR-181,PROD-106,Ergonomic Mechanical Keyboard,Computers > Accessories > Keyboards,add_to_cart,3,2026-01-17 19:25:00
SES-11638,USR-181,PROD-103,Studio Wired Headphones,Electronics > Audio > Headphones,view,1,2026-01-21 07:54:00
SES-11620,USR-181,PROD-105,OLED Gaming Monitor,Electronics > Video > Monitors,purchase,5,2026-01-27 04:16:00
SES-11627,USR-181,PROD-107,Wireless Vertical Mouse,Computers > Accessories > Mice,purchase,5,2026-02-07 12:23:00
SES-11628,USR-181,PROD-107,Wireless Vertical Mouse,Computers > Accessories > Mice,view,1,2026-02-22 19:11:00
SES-11620,USR-181,PROD-105,OLED Gaming Monitor,Electronics > Video > Monitors,add_to_cart,3,2026-02-26 02:10:00
SES-11632,USR-181,PROD-108,USB-C Multi-Port Hub,Computers > Accessories > Hubs,view,1,2026-03-04 15:48:00
SES-11629,USR-181,PROD-104,4K Ultra HD Smart TV,Electronics > Video > Televisions,view,1,2026-03-05 04:15:00
SES-11621,USR-181,PROD-105,OLED Gaming Monitor,Electronics > Video > Monitors,purchase,5,2026-03-08 08:47:00
SES-11625,USR-181,PROD-104,4K Ultra HD Smart TV,Electronics > Video > Televisions,view,1,2026-03-09 22:01:00
SES-11639,USR-181,PROD-106,Ergonomic Mechanical Keyboard,Computers > Accessories > Keyboards,add_to_cart,3,2026-03-11 15:11:00
SES-11630,USR-181,PROD-108,USB-C Multi-Port Hub,Computers > Accessories > Hubs,purchase,5,2026-04-25 13:49:00
SES-11620,USR-181,PROD-104,4K Ultra HD Smart TV,Electronics > Video > Televisions,purchase,5,2026-04-30 18:59:00
SES-11628,USR-181,PROD-108,USB-C Multi-Port Hub,Computers > Accessories > Hubs,view,1,2026-05-27 23:05:00
SES-11625,USR-181,PROD-104,4K Ultra HD Smart TV,Electronics > Video > Televisions,purchase,5,2026-06-18 02:17:00
SES-11639,USR-181,PROD-106,Ergonomic Mechanical Keyboard,Computers > Accessories > Keyboards,add_to_cart,3,2026-06-27 19:56:00
SES-11624,USR-181,PROD-104,4K Ultra HD Smart TV,Electronics > Video > Televisions,view,1,2026-06-29 08:25:00
SES-11649,USR-182,PROD-112,Organic Green Tea Bags,Grocery > Beverages > Tea,purchase,5,2026-01-01 04:44:00
SES-11645,USR-182,PROD-114,Moisture-Wicking Sports Tee,Apparel > Clothing > Activewear,view,1,2026-01-05 15:00:00
SES-11652,USR-182,PROD-109,Premium Arabica Coffee Beans,Grocery > Beverages > Coffee,purchase,5,2026-01-06 02:05:00
SES-11645,USR-182,PROD-111,Stainless Steel Travel Mug,Grocery > Drinkware > Mugs,purchase,5,2026-01-23 11:23:00
SES-11659,USR-182,PROD-111,Stainless Steel Travel Mug,Grocery > Drinkware > Mugs,add_to_cart,3,2026-01-25 16:18:00
SES-11652,USR-182,PROD-113,Running Shoes Ultra Light,Apparel > Footwear > Shoes,view,1,2026-01-28 19:59:00
SES-11647,USR-182,PROD-109,Premium Arabica Coffee Beans,Grocery > Beverages > Coffee,purchase,5,2026-02-08 18:29:00
SES-11653,USR-182,PROD-115,Water-Resistant Gym Duffel,Apparel > Accessories > Bags,view,1,2026-02-08 20:11:00
SES-11650,USR-182,PROD-111,Stainless Steel Travel Mug,Grocery > Drinkware > Mugs,add_to_cart,3,2026-02-10 17:10:00
SES-11644,USR-182,PROD-110,Electric Pour-Over Kettle,Grocery > Appliances > Coffee,view,1,2026-02-23 14:41:00
SES-11642,USR-182,PROD-109,Premium Arabica Coffee Beans,Grocery > Beverages > Coffee,add_to_cart,3,2026-03-01 18:15:00
SES-11658,USR-182,PROD-111,Stainless Steel Travel Mug,Grocery > Drinkware > Mugs,purchase,5,2026-03-14 03:04:00
SES-11658,USR-182,PROD-111,Stainless Steel Travel Mug,Grocery > Drinkware > Mugs,view,1,2026-03-19 15:14:00
SES-11658,USR-182,PROD-109,Premium Arabica Coffee Beans,Grocery > Beverages > Coffee,purchase,5,2026-03-19 19:05:00
SES-11647,USR-182,PROD-111,Stainless Steel Travel Mug,Grocery > Drinkware > Mugs,purchase,5,2026-03-22 11:58:00
SES-11650,USR-182,PROD-109,Premium Arabica Coffee Beans,Grocery > Beverages > Coffee,view,1,2026-05-01 01:10:00
SES-11653,USR-182,PROD-111,Stainless Steel Travel Mug,Grocery > Drinkware > Mugs,view,1,2026-05-09 14:38:00
SES-11644,USR-182,PROD-109,Premium Arabica Coffee Beans,Grocery > Beverages > Coffee,view,1,2026-05-09 17:29:00
SES-11655,USR-182,PROD-109,Premium Arabica Coffee Beans,Grocery > Beverages > Coffee,purchase,5,2026-05-17 16:06:00
SES-11645,USR-182,PROD-109,Premium Arabica Coffee Beans,Grocery > Beverages > Coffee,purchase,5,2026-05-18 18:12:00
SES-11659,USR-182,PROD-111,Stainless Steel Travel Mug,Grocery > Drinkware > Mugs,purchase,5,2026-05-22 05:28:00
SES-11644,USR-182,PROD-112,Organic Green Tea Bags,Grocery > Beverages > Tea,view,1,2026-06-06 18:26:00
SES-11679,USR-183,PROD-107,Wireless Vertical Mouse,Computers > Accessories > Mice,view,1,2026-01-14 15:31:00
SES-11663,USR-183,PROD-107,Wireless Vertical Mouse,Computers > Accessories > Mice,purchase,5,2026-01-22 11:39:00
SES-11675,USR-183,PROD-108,USB-C Multi-Port Hub,Computers > Accessories > Hubs,purchase,5,2026-02-01 22:30:00
SES-11679,USR-183,PROD-103,Studio Wired Headphones,Electronics > Audio > Headphones,view,1,2026-02-02 00:35:00
SES-11678,USR-183,PROD-106,Ergonomic Mechanical Keyboard,Computers > Accessories > Keyboards,view,1,2026-03-24 15:11:00
SES-11664,USR-183,PROD-104,4K Ultra HD Smart TV,Electronics > Video > Televisions,purchase,5,2026-04-07 09:20:00
SES-11664,USR-183,PROD-105,OLED Gaming Monitor,Electronics > Video > Monitors,purchase,5,2026-04-17 11:07:00
SES-11674,USR-183,PROD-106,Ergonomic Mechanical Keyboard,Computers > Accessories > Keyboards,add_to_cart,3,2026-04-20 05:41:00
SES-11668,USR-183,PROD-104,4K Ultra HD Smart TV,Electronics > Video > Televisions,view,1,2026-05-04 18:15:00
SES-11669,USR-183,PROD-105,OLED Gaming Monitor,Electronics > Video > Monitors,view,1,2026-05-13 08:12:00
SES-11663,USR-183,PROD-108,USB-C Multi-Port Hub,Computers > Accessories > Hubs,purchase,5,2026-05-13 19:07:00
SES-11675,USR-183,PROD-106,Ergonomic Mechanical Keyboard,Computers > Accessories > Keyboards,purchase,5,2026-05-27 18:56:00
SES-11679,USR-183,PROD-105,OLED Gaming Monitor,Electronics > Video > Monitors,purchase,5,2026-06-13 03:27:00
SES-11663,USR-183,PROD-106,Ergonomic Mechanical Keyboard,Computers > Accessories > Keyboards,view,1,2026-06-22 05:40:00
SES-11682,USR-184,PROD-108,USB-C Multi-Port Hub,Computers > Accessories > Hubs,purchase,5,2026-01-01 16:38:00
SES-11688,USR-184,PROD-107,Wireless Vertical Mouse,Computers > Accessories > Mice,add_to_cart,3,2026-01-04 11:30:00
SES-11689,USR-184,PROD-108,USB-C Multi-Port Hub,Computers > Accessories > Hubs,view,1,2026-01-05 06:27:00
SES-11688,USR-184,PROD-107,Wireless Vertical Mouse,Computers > Accessories > Mice,view,1,2026-01-06 19:42:00
SES-11680,USR-184,PROD-104,4K Ultra HD Smart TV,Electronics > Video > Televisions,view,1,2026-01-07 20:13:00
SES-11682,USR-184,PROD-107,Wireless Vertical Mouse,Computers > Accessories > Mice,purchase,5,2026-01-10 23:02:00
SES-11694,USR-184,PROD-106,Ergonomic Mechanical Keyboard,Computers > Accessories > Keyboards,view,1,2026-01-17 16:13:00
SES-11680,USR-184,PROD-104,4K Ultra HD Smart TV,Electronics > Video > Televisions,purchase,5,2026-01-21 01:06:00
SES-11698,USR-184,PROD-104,4K Ultra HD Smart TV,Electronics > Video > Televisions,purchase,5,2026-01-24 19:40:00
SES-11694,USR-184,PROD-106,Ergonomic Mechanical Keyboard,Computers > Accessories > Keyboards,purchase,5,2026-02-11 05:23:00
SES-11688,USR-184,PROD-107,Wireless Vertical Mouse,Computers > Accessories > Mice,view,1,2026-02-20 03:10:00
SES-11681,USR-184,PROD-105,OLED Gaming Monitor,Electronics > Video > Monitors,view,1,2026-03-24 20:22:00
SES-11683,USR-184,PROD-105,OLED Gaming Monitor,Electronics > Video > Monitors,purchase,5,2026-04-13 08:47:00
SES-11695,USR-184,PROD-106,Ergonomic Mechanical Keyboard,Computers > Accessories > Keyboards,purchase,5,2026-05-27 22:45:00
SES-11682,USR-184,PROD-104,4K Ultra HD Smart TV,Electronics > Video > Televisions,purchase,5,2026-05-27 22:50:00
SES-11682,USR-184,PROD-107,Wireless Vertical Mouse,Computers > Accessories > Mice,purchase,5,2026-05-28 04:07:00
SES-11681,USR-184,PROD-104,4K Ultra HD Smart TV,Electronics > Video > Televisions,view,1,2026-06-04 01:55:00
SES-11686,USR-184,PROD-108,USB-C Multi-Port Hub,Computers > Accessories > Hubs,add_to_cart,3,2026-06-06 01:59:00
SES-11694,USR-184,PROD-106,Ergonomic Mechanical Keyboard,Computers > Accessories > Keyboards,view,1,2026-06-20 10:43:00
SES-11698,USR-184,PROD-107,Wireless Vertical Mouse,Computers > Accessories > Mice,add_to_cart,3,2026-06-25 13:13:00
SES-11698,USR-184,PROD-107,Wireless Vertical Mouse,Computers > Accessories > Mice,view,1,2026-06-26 21:28:00
SES-11699,USR-184,PROD-106,Ergonomic Mechanical Keyboard,Computers > Accessories > Keyboards,view,1,2026-06-29 16:15:00
SES-11718,USR-185,PROD-112,Organic Green Tea Bags,Grocery > Beverages > Tea,add_to_cart,3,2026-01-19 20:09:00
SES-11717,USR-185,PROD-112,Organic Green Tea Bags,Grocery > Beverages > Tea,view,1,2026-01-20 03:31:00
SES-11711,USR-185,PROD-110,Electric Pour-Over Kettle,Grocery > Appliances > Coffee,add_to_cart,3,2026-01-21 16:18:00
SES-11702,USR-185,PROD-111,Stainless Steel Travel Mug,Grocery > Drinkware > Mugs,purchase,5,2026-01-27 19:53:00
SES-11709,USR-185,PROD-108,USB-C Multi-Port Hub,Computers > Accessories > Hubs,add_to_cart,3,2026-01-29 10:34:00
SES-11711,USR-185,PROD-111,Stainless Steel Travel Mug,Grocery > Drinkware > Mugs,view,1,2026-02-01 13:23:00
SES-11714,USR-185,PROD-112,Organic Green Tea Bags,Grocery > Beverages > Tea,purchase,5,2026-02-14 10:18:00
SES-11714,USR-185,PROD-112,Organic Green Tea Bags,Grocery > Beverages > Tea,purchase,5,2026-02-18 23:48:00
SES-11718,USR-185,PROD-112,Organic Green Tea Bags,Grocery > Beverages > Tea,add_to_cart,3,2026-02-28 16:32:00
SES-11716,USR-185,PROD-109,Premium Arabica Coffee Beans,Grocery > Beverages > Coffee,purchase,5,2026-03-28 06:18:00
SES-11708,USR-185,PROD-108,USB-C Multi-Port Hub,Computers > Accessories > Hubs,purchase,5,2026-03-29 03:58:00
SES-11716,USR-185,PROD-112,Organic Green Tea Bags,Grocery > Beverages > Tea,purchase,5,2026-05-20 22:14:00
SES-11713,USR-185,PROD-112,Organic Green Tea Bags,Grocery > Beverages > Tea,purchase,5,2026-05-29 20:20:00
SES-11703,USR-185,PROD-110,Electric Pour-Over Kettle,Grocery > Appliances > Coffee,view,1,2026-06-02 01:55:00
SES-11719,USR-185,PROD-110,Electric Pour-Over Kettle,Grocery > Appliances > Coffee,add_to_cart,3,2026-06-09 07:51:00
SES-11700,USR-185,PROD-110,Electric Pour-Over Kettle,Grocery > Appliances > Coffee,add_to_cart,3,2026-06-14 17:11:00
SES-11738,USR-186,PROD-114,Moisture-Wicking Sports Tee,Apparel > Clothing > Activewear,view,1,2026-01-22 03:26:00
SES-11725,USR-186,PROD-114,Moisture-Wicking Sports Tee,Apparel > Clothing > Activewear,purchase,5,2026-02-02 21:14:00
SES-11730,USR-186,PROD-115,Water-Resistant Gym Duffel,Apparel > Accessories > Bags,purchase,5,2026-03-04 05:53:00
SES-11739,USR-186,PROD-113,Running Shoes Ultra Light,Apparel > Footwear > Shoes,view,1,2026-03-10 22:30:00
SES-11735,USR-186,PROD-113,Running Shoes Ultra Light,Apparel > Footwear > Shoes,purchase,5,2026-03-16 19:05:00
SES-11730,USR-186,PROD-115,Water-Resistant Gym Duffel,Apparel > Accessories > Bags,view,1,2026-03-18 12:24:00
SES-11720,USR-186,PROD-115,Water-Resistant Gym Duffel,Apparel > Accessories > Bags,view,1,2026-03-26 20:03:00
SES-11730,USR-186,PROD-113,Running Shoes Ultra Light,Apparel > Footwear > Shoes,purchase,5,2026-03-27 03:14:00
SES-11723,USR-186,PROD-113,Running Shoes Ultra Light,Apparel > Footwear > Shoes,view,1,2026-03-27 20:36:00
SES-11735,USR-186,PROD-113,Running Shoes Ultra Light,Apparel > Footwear > Shoes,view,1,2026-04-17 10:16:00
SES-11721,USR-186,PROD-114,Moisture-Wicking Sports Tee,Apparel > Clothing > Activewear,purchase,5,2026-05-01 19:07:00
SES-11721,USR-186,PROD-113,Running Shoes Ultra Light,Apparel > Footwear > Shoes,purchase,5,2026-05-24 04:07:00
SES-11733,USR-186,PROD-113,Running Shoes Ultra Light,Apparel > Footwear > Shoes,purchase,5,2026-06-08 18:28:00
SES-11738,USR-186,PROD-113,Running Shoes Ultra Light,Apparel > Footwear > Shoes,add_to_cart,3,2026-06-10 22:42:00
SES-11735,USR-186,PROD-115,Water-Resistant Gym Duffel,Apparel > Accessories > Bags,purchase,5,2026-06-22 16:54:00
SES-11728,USR-186,PROD-113,Running Shoes Ultra Light,Apparel > Footwear > Shoes,purchase,5,2026-06-28 10:02:00
SES-11759,USR-187,PROD-113,Running Shoes Ultra Light,Apparel > Footwear > Shoes,add_to_cart,3,2026-01-02 03:15:00
SES-11753,USR-187,PROD-115,Water-Resistant Gym Duffel,Apparel > Accessories > Bags,purchase,5,2026-01-05 05:03:00
SES-11757,USR-187,PROD-113,Running Shoes Ultra Light,Apparel > Footwear > Shoes,purchase,5,2026-01-08 18:47:00
SES-11756,USR-187,PROD-114,Moisture-Wicking Sports Tee,Apparel > Clothing > Activewear,add_to_cart,3,2026-01-17 17:31:00
SES-11757,USR-187,PROD-114,Moisture-Wicking Sports Tee,Apparel > Clothing > Activewear,view,1,2026-01-25 22:48:00
SES-11758,USR-187,PROD-115,Water-Resistant Gym Duffel,Apparel > Accessories > Bags,add_to_cart,3,2026-02-08 05:40:00
SES-11757,USR-187,PROD-114,Moisture-Wicking Sports Tee,Apparel > Clothing > Activewear,purchase,5,2026-02-11 05:39:00
SES-11756,USR-187,PROD-115,Water-Resistant Gym Duffel,Apparel > Accessories > Bags,purchase,5,2026-02-24 09:22:00
SES-11740,USR-187,PROD-114,Moisture-Wicking Sports Tee,Apparel > Clothing > Activewear,purchase,5,2026-03-23 13:02:00
SES-11759,USR-187,PROD-115,Water-Resistant Gym Duffel,Apparel > Accessories > Bags,view,1,2026-03-25 01:00:00
SES-11757,USR-187,PROD-114,Moisture-Wicking Sports Tee,Apparel > Clothing > Activewear,add_to_cart,3,2026-05-16 04:39:00
SES-11753,USR-187,PROD-114,Moisture-Wicking Sports Tee,Apparel > Clothing > Activewear,purchase,5,2026-05-19 14:41:00
SES-11741,USR-187,PROD-114,Moisture-Wicking Sports Tee,Apparel > Clothing > Activewear,view,1,2026-05-31 04:50:00
SES-11741,USR-187,PROD-114,Moisture-Wicking Sports Tee,Apparel > Clothing > Activewear,view,1,2026-06-07 04:36:00
SES-11758,USR-187,PROD-115,Water-Resistant Gym Duffel,Apparel > Accessories > Bags,purchase,5,2026-06-07 13:57:00
SES-11749,USR-187,PROD-114,Moisture-Wicking Sports Tee,Apparel > Clothing > Activewear,add_to_cart,3,2026-06-08 03:30:00
SES-11750,USR-187,PROD-113,Running Shoes Ultra Light,Apparel > Footwear > Shoes,view,1,2026-06-12 22:20:00
SES-11760,USR-188,PROD-110,Electric Pour-Over Kettle,Grocery > Appliances > Coffee,purchase,5,2026-01-04 06:26:00
SES-11772,USR-188,PROD-112,Organic Green Tea Bags,Grocery > Beverages > Tea,add_to_cart,3,2026-02-02 16:20:00
SES-11767,USR-188,PROD-109,Premium Arabica Coffee Beans,Grocery > Beverages > Coffee,purchase,5,2026-02-15 08:01:00
SES-11777,USR-188,PROD-111,Stainless Steel Travel Mug,Grocery > Drinkware > Mugs,purchase,5,2026-02-25 19:29:00
SES-11778,USR-188,PROD-109,Premium Arabica Coffee Beans,Grocery > Beverages > Coffee,add_to_cart,3,2026-03-27 04:33:00
SES-11762,USR-188,PROD-111,Stainless Steel Travel Mug,Grocery > Drinkware > Mugs,view,1,2026-03-29 00:25:00
SES-11774,USR-188,PROD-110,Electric Pour-Over Kettle,Grocery > Appliances > Coffee,view,1,2026-04-02 13:34:00
SES-11760,USR-188,PROD-110,Electric Pour-Over Kettle,Grocery > Appliances > Coffee,view,1,2026-04-25 12:38:00
SES-11760,USR-188,PROD-111,Stainless Steel Travel Mug,Grocery > Drinkware > Mugs,view,1,2026-05-09 23:54:00
SES-11777,USR-188,PROD-109,Premium Arabica Coffee Beans,Grocery > Beverages > Coffee,purchase,5,2026-06-15 12:19:00
SES-11764,USR-188,PROD-112,Organic Green Tea Bags,Grocery > Beverages > Tea,purchase,5,2026-06-18 04:03:00
SES-11778,USR-188,PROD-111,Stainless Steel Travel Mug,Grocery > Drinkware > Mugs,view,1,2026-06-20 10:31:00
SES-11773,USR-188,PROD-109,Premium Arabica Coffee Beans,Grocery > Beverages > Coffee,purchase,5,2026-06-21 18:04:00
SES-11762,USR-188,PROD-103,Studio Wired Headphones,Electronics > Audio > Headphones,purchase,5,2026-06-21 21:48:00
SES-11760,USR-188,PROD-109,Premium Arabica Coffee Beans,Grocery > Beverages > Coffee,purchase,5,2026-06-24 16:07:00
SES-11769,USR-188,PROD-111,Stainless Steel Travel Mug,Grocery > Drinkware > Mugs,purchase,5,2026-06-29 21:46:00
SES-11775,USR-188,PROD-110,Electric Pour-Over Kettle,Grocery > Appliances > Coffee,view,1,2026-06-30 02:58:00
SES-11788,USR-189,PROD-106,Ergonomic Mechanical Keyboard,Computers > Accessories > Keyboards,view,1,2026-01-07 21:08:00
SES-11797,USR-189,PROD-107,Wireless Vertical Mouse,Computers > Accessories > Mice,view,1,2026-01-08 03:56:00
SES-11794,USR-189,PROD-108,USB-C Multi-Port Hub,Computers > Accessories > Hubs,view,1,2026-01-20 08:05:00
SES-11792,USR-189,PROD-103,Studio Wired Headphones,Electronics > Audio > Headphones,view,1,2026-01-26 14:42:00
SES-11793,USR-189,PROD-107,Wireless Vertical Mouse,Computers > Accessories > Mice,purchase,5,2026-01-31 07:44:00
SES-11793,USR-189,PROD-110,Electric Pour-Over Kettle,Grocery > Appliances > Coffee,view,1,2026-02-05 07:03:00
SES-11782,USR-189,PROD-107,Wireless Vertical Mouse,Computers > Accessories > Mice,view,1,2026-02-10 07:54:00
SES-11794,USR-189,PROD-113,Running Shoes Ultra Light,Apparel > Footwear > Shoes,add_to_cart,3,2026-02-12 00:55:00
SES-11793,USR-189,PROD-105,OLED Gaming Monitor,Electronics > Video > Monitors,purchase,5,2026-02-12 01:14:00
SES-11796,USR-189,PROD-106,Ergonomic Mechanical Keyboard,Computers > Accessories > Keyboards,view,1,2026-03-02 21:45:00
SES-11798,USR-189,PROD-104,4K Ultra HD Smart TV,Electronics > Video > Televisions,purchase,5,2026-03-14 01:33:00
SES-11790,USR-189,PROD-105,OLED Gaming Monitor,Electronics > Video > Monitors,view,1,2026-03-17 07:27:00
SES-11783,USR-189,PROD-107,Wireless Vertical Mouse,Computers > Accessories > Mice,add_to_cart,3,2026-03-17 20:43:00
SES-11794,USR-189,PROD-106,Ergonomic Mechanical Keyboard,Computers > Accessories > Keyboards,add_to_cart,3,2026-05-07 14:53:00
SES-11785,USR-189,PROD-106,Ergonomic Mechanical Keyboard,Computers > Accessories > Keyboards,purchase,5,2026-05-11 09:18:00
SES-11798,USR-189,PROD-107,Wireless Vertical Mouse,Computers > Accessories > Mice,purchase,5,2026-05-12 08:00:00
SES-11791,USR-189,PROD-107,Wireless Vertical Mouse,Computers > Accessories > Mice,view,1,2026-05-30 04:30:00
SES-11799,USR-189,PROD-107,Wireless Vertical Mouse,Computers > Accessories > Mice,view,1,2026-06-22 10:09:00
SES-11810,USR-190,PROD-106,Ergonomic Mechanical Keyboard,Computers > Accessories > Keyboards,view,1,2026-01-02 10:45:00
SES-11810,USR-190,PROD-108,USB-C Multi-Port Hub,Computers > Accessories > Hubs,view,1,2026-01-08 01:46:00
SES-11813,USR-190,PROD-113,Running Shoes Ultra Light,Apparel > Footwear > Shoes,purchase,5,2026-01-14 09:49:00
SES-11819,USR-190,PROD-106,Ergonomic Mechanical Keyboard,Computers > Accessories > Keyboards,purchase,5,2026-01-16 16:12:00
SES-11810,USR-190,PROD-105,OLED Gaming Monitor,Electronics > Video > Monitors,purchase,5,2026-01-26 03:05:00
SES-11806,USR-190,PROD-114,Moisture-Wicking Sports Tee,Apparel > Clothing > Activewear,purchase,5,2026-02-07 05:46:00
SES-11804,USR-190,PROD-104,4K Ultra HD Smart TV,Electronics > Video > Televisions,view,1,2026-03-07 10:19:00
SES-11819,USR-190,PROD-107,Wireless Vertical Mouse,Computers > Accessories > Mice,purchase,5,2026-03-11 11:26:00
SES-11808,USR-190,PROD-105,OLED Gaming Monitor,Electronics > Video > Monitors,view,1,2026-03-12 00:11:00
SES-11810,USR-190,PROD-106,Ergonomic Mechanical Keyboard,Computers > Accessories > Keyboards,purchase,5,2026-04-12 10:48:00
SES-11819,USR-190,PROD-107,Wireless Vertical Mouse,Computers > Accessories > Mice,purchase,5,2026-04-15 11:51:00
SES-11805,USR-190,PROD-104,4K Ultra HD Smart TV,Electronics > Video > Televisions,purchase,5,2026-04-20 06:20:00
SES-11810,USR-190,PROD-108,USB-C Multi-Port Hub,Computers > Accessories > Hubs,purchase,5,2026-04-24 04:32:00
SES-11813,USR-190,PROD-107,Wireless Vertical Mouse,Computers > Accessories > Mice,purchase,5,2026-04-28 15:26:00
SES-11813,USR-190,PROD-106,Ergonomic Mechanical Keyboard,Computers > Accessories > Keyboards,purchase,5,2026-05-06 10:23:00
SES-11812,USR-190,PROD-105,OLED Gaming Monitor,Electronics > Video > Monitors,view,1,2026-05-11 11:23:00
SES-11807,USR-190,PROD-108,USB-C Multi-Port Hub,Computers > Accessories > Hubs,purchase,5,2026-05-23 23:08:00
SES-11813,USR-190,PROD-107,Wireless Vertical Mouse,Computers > Accessories > Mice,view,1,2026-05-24 00:54:00
SES-11816,USR-190,PROD-104,4K Ultra HD Smart TV,Electronics > Video > Televisions,view,1,2026-06-19 15:47:00
SES-11808,USR-190,PROD-108,USB-C Multi-Port Hub,Computers > Accessories > Hubs,view,1,2026-06-24 06:29:00
SES-11818,USR-190,PROD-105,OLED Gaming Monitor,Electronics > Video > Monitors,purchase,5,2026-06-28 23:39:00
SES-11839,USR-191,PROD-110,Electric Pour-Over Kettle,Grocery > Appliances > Coffee,view,1,2026-01-01 09:18:00
SES-11838,USR-191,PROD-115,Water-Resistant Gym Duffel,Apparel > Accessories > Bags,purchase,5,2026-01-11 06:36:00
SES-11836,USR-191,PROD-115,Water-Resistant Gym Duffel,Apparel > Accessories > Bags,purchase,5,2026-01-27 15:14:00
SES-11830,USR-191,PROD-114,Moisture-Wicking Sports Tee,Apparel > Clothing > Activewear,view,1,2026-01-28 00:10:00
SES-11835,USR-191,PROD-113,Running Shoes Ultra Light,Apparel > Footwear > Shoes,purchase,5,2026-02-05 00:37:00
SES-11834,USR-191,PROD-115,Water-Resistant Gym Duffel,Apparel > Accessories > Bags,add_to_cart,3,2026-02-05 01:13:00
SES-11830,USR-191,PROD-115,Water-Resistant Gym Duffel,Apparel > Accessories > Bags,view,1,2026-02-17 17:46:00
SES-11837,USR-191,PROD-113,Running Shoes Ultra Light,Apparel > Footwear > Shoes,view,1,2026-02-27 12:55:00
SES-11832,USR-191,PROD-115,Water-Resistant Gym Duffel,Apparel > Accessories > Bags,purchase,5,2026-03-12 03:03:00
SES-11838,USR-191,PROD-115,Water-Resistant Gym Duffel,Apparel > Accessories > Bags,view,1,2026-03-12 05:49:00
SES-11826,USR-191,PROD-112,Organic Green Tea Bags,Grocery > Beverages > Tea,view,1,2026-03-14 01:22:00
SES-11838,USR-191,PROD-114,Moisture-Wicking Sports Tee,Apparel > Clothing > Activewear,purchase,5,2026-03-31 00:07:00
SES-11832,USR-191,PROD-114,Moisture-Wicking Sports Tee,Apparel > Clothing > Activewear,purchase,5,2026-04-03 23:06:00
SES-11825,USR-191,PROD-107,Wireless Vertical Mouse,Computers > Accessories > Mice,add_to_cart,3,2026-04-08 21:06:00
SES-11824,USR-191,PROD-115,Water-Resistant Gym Duffel,Apparel > Accessories > Bags,purchase,5,2026-04-23 14:35:00
SES-11822,USR-191,PROD-115,Water-Resistant Gym Duffel,Apparel > Accessories > Bags,purchase,5,2026-05-05 09:08:00
SES-11820,USR-191,PROD-113,Running Shoes Ultra Light,Apparel > Footwear > Shoes,add_to_cart,3,2026-05-19 19:33:00
SES-11836,USR-191,PROD-113,Running Shoes Ultra Light,Apparel > Footwear > Shoes,purchase,5,2026-05-31 09:15:00
SES-11837,USR-191,PROD-113,Running Shoes Ultra Light,Apparel > Footwear > Shoes,add_to_cart,3,2026-06-19 03:28:00
SES-11854,USR-192,PROD-103,Studio Wired Headphones,Electronics > Audio > Headphones,purchase,5,2026-01-03 20:52:00
SES-11844,USR-192,PROD-114,Moisture-Wicking Sports Tee,Apparel > Clothing > Activewear,view,1,2026-02-06 18:49:00
SES-11844,USR-192,PROD-103,Studio Wired Headphones,Electronics > Audio > Headphones,purchase,5,2026-02-08 02:04:00
SES-11844,USR-192,PROD-108,USB-C Multi-Port Hub,Computers > Accessories > Hubs,purchase,5,2026-02-17 14:55:00
SES-11859,USR-192,PROD-108,USB-C Multi-Port Hub,Computers > Accessories > Hubs,purchase,5,2026-02-25 04:16:00
SES-11859,USR-192,PROD-102,Bluetooth Sports Earbuds,Electronics > Audio > Headphones,purchase,5,2026-02-27 01:59:00
SES-11854,USR-192,PROD-108,USB-C Multi-Port Hub,Computers > Accessories > Hubs,purchase,5,2026-02-27 08:14:00
SES-11849,USR-192,PROD-101,Wireless Noise-Canceling Headphones,Electronics > Audio > Headphones,view,1,2026-04-19 09:07:00
SES-11858,USR-192,PROD-103,Studio Wired Headphones,Electronics > Audio > Headphones,purchase,5,2026-04-25 16:12:00
SES-11859,USR-192,PROD-101,Wireless Noise-Canceling Headphones,Electronics > Audio > Headphones,view,1,2026-04-26 12:39:00
SES-11843,USR-192,PROD-103,Studio Wired Headphones,Electronics > Audio > Headphones,view,1,2026-04-27 09:55:00
SES-11850,USR-192,PROD-103,Studio Wired Headphones,Electronics > Audio > Headphones,view,1,2026-05-04 17:06:00
SES-11842,USR-192,PROD-115,Water-Resistant Gym Duffel,Apparel > Accessories > Bags,purchase,5,2026-06-04 05:09:00
SES-11855,USR-192,PROD-103,Studio Wired Headphones,Electronics > Audio > Headphones,view,1,2026-06-14 07:50:00
SES-11841,USR-192,PROD-108,USB-C Multi-Port Hub,Computers > Accessories > Hubs,purchase,5,2026-06-24 13:13:00
SES-11868,USR-193,PROD-101,Wireless Noise-Canceling Headphones,Electronics > Audio > Headphones,purchase,5,2026-01-11 13:00:00
SES-11868,USR-193,PROD-103,Studio Wired Headphones,Electronics > Audio > Headphones,add_to_cart,3,2026-01-12 12:20:00
SES-11877,USR-193,PROD-102,Bluetooth Sports Earbuds,Electronics > Audio > Headphones,purchase,5,2026-01-28 14:58:00
SES-11872,USR-193,PROD-108,USB-C Multi-Port Hub,Computers > Accessories > Hubs,purchase,5,2026-02-01 04:16:00
SES-11868,USR-193,PROD-103,Studio Wired Headphones,Electronics > Audio > Headphones,purchase,5,2026-02-28 11:26:00
SES-11876,USR-193,PROD-101,Wireless Noise-Canceling Headphones,Electronics > Audio > Headphones,purchase,5,2026-03-29 05:00:00
SES-11878,USR-193,PROD-101,Wireless Noise-Canceling Headphones,Electronics > Audio > Headphones,view,1,2026-04-05 03:51:00
SES-11872,USR-193,PROD-103,Studio Wired Headphones,Electronics > Audio > Headphones,purchase,5,2026-05-03 12:33:00
SES-11876,USR-193,PROD-108,USB-C Multi-Port Hub,Computers > Accessories > Hubs,add_to_cart,3,2026-05-20 08:48:00
SES-11878,USR-193,PROD-101,Wireless Noise-Canceling Headphones,Electronics > Audio > Headphones,view,1,2026-06-05 16:29:00
SES-11876,USR-193,PROD-103,Studio Wired Headphones,Electronics > Audio > Headphones,purchase,5,2026-06-15 05:04:00
SES-11871,USR-193,PROD-101,Wireless Noise-Canceling Headphones,Electronics > Audio > Headphones,view,1,2026-06-15 19:04:00
SES-11889,USR-194,PROD-103,Studio Wired Headphones,Electronics > Audio > Headphones,add_to_cart,3,2026-01-07 18:31:00
SES-11899,USR-194,PROD-102,Bluetooth Sports Earbuds,Electronics > Audio > Headphones,purchase,5,2026-01-29 04:07:00
SES-11898,USR-194,PROD-101,Wireless Noise-Canceling Headphones,Electronics > Audio > Headphones,add_to_cart,3,2026-01-30 07:47:00
SES-11882,USR-194,PROD-108,USB-C Multi-Port Hub,Computers > Accessories > Hubs,view,1,2026-02-08 20:41:00
SES-11886,USR-194,PROD-102,Bluetooth Sports Earbuds,Electronics > Audio > Headphones,view,1,2026-02-15 23:18:00
SES-11891,USR-194,PROD-101,Wireless Noise-Canceling Headphones,Electronics > Audio > Headphones,purchase,5,2026-02-23 13:38:00
SES-11882,USR-194,PROD-110,Electric Pour-Over Kettle,Grocery > Appliances > Coffee,purchase,5,2026-03-15 19:35:00
SES-11891,USR-194,PROD-103,Studio Wired Headphones,Electronics > Audio > Headphones,purchase,5,2026-03-22 15:21:00
SES-11896,USR-194,PROD-101,Wireless Noise-Canceling Headphones,Electronics > Audio > Headphones,view,1,2026-04-06 10:24:00
SES-11895,USR-194,PROD-111,Stainless Steel Travel Mug,Grocery > Drinkware > Mugs,view,1,2026-04-08 18:31:00
SES-11888,USR-194,PROD-108,USB-C Multi-Port Hub,Computers > Accessories > Hubs,purchase,5,2026-04-11 14:49:00
SES-11899,USR-194,PROD-101,Wireless Noise-Canceling Headphones,Electronics > Audio > Headphones,add_to_cart,3,2026-04-12 02:38:00
SES-11898,USR-194,PROD-108,USB-C Multi-Port Hub,Computers > Accessories > Hubs,add_to_cart,3,2026-04-12 09:00:00
SES-11891,USR-194,PROD-108,USB-C Multi-Port Hub,Computers > Accessories > Hubs,purchase,5,2026-04-15 20:29:00
SES-11896,USR-194,PROD-102,Bluetooth Sports Earbuds,Electronics > Audio > Headphones,view,1,2026-04-16 23:01:00
SES-11899,USR-194,PROD-103,Studio Wired Headphones,Electronics > Audio > Headphones,view,1,2026-04-24 20:08:00
SES-11884,USR-194,PROD-102,Bluetooth Sports Earbuds,Electronics > Audio > Headphones,purchase,5,2026-05-07 14:49:00
SES-11889,USR-194,PROD-101,Wireless Noise-Canceling Headphones,Electronics > Audio > Headphones,purchase,5,2026-05-09 04:15:00
SES-11882,USR-194,PROD-102,Bluetooth Sports Earbuds,Electronics > Audio > Headphones,add_to_cart,3,2026-05-10 13:07:00
SES-11880,USR-194,PROD-103,Studio Wired Headphones,Electronics > Audio > Headphones,view,1,2026-06-08 02:18:00
SES-11898,USR-194,PROD-101,Wireless Noise-Canceling Headphones,Electronics > Audio > Headphones,view,1,2026-06-08 10:27:00
SES-11895,USR-194,PROD-103,Studio Wired Headphones,Electronics > Audio > Headphones,purchase,5,2026-06-12 19:37:00
SES-11882,USR-194,PROD-101,Wireless Noise-Canceling Headphones,Electronics > Audio > Headphones,view,1,2026-06-14 22:49:00
SES-11897,USR-194,PROD-108,USB-C Multi-Port Hub,Computers > Accessories > Hubs,view,1,2026-06-18 12:40:00
SES-11882,USR-194,PROD-103,Studio Wired Headphones,Electronics > Audio > Headphones,view,1,2026-06-22 11:40:00
SES-11909,USR-195,PROD-105,OLED Gaming Monitor,Electronics > Video > Monitors,purchase,5,2026-01-03 17:03:00
SES-11903,USR-195,PROD-106,Ergonomic Mechanical Keyboard,Computers > Accessories > Keyboards,add_to_cart,3,2026-01-08 11:26:00
SES-11904,USR-195,PROD-106,Ergonomic Mechanical Keyboard,Computers > Accessories > Keyboards,view,1,2026-01-24 17:07:00
SES-11913,USR-195,PROD-108,USB-C Multi-Port Hub,Computers > Accessories > Hubs,view,1,2026-01-25 07:54:00
SES-11900,USR-195,PROD-107,Wireless Vertical Mouse,Computers > Accessories > Mice,add_to_cart,3,2026-02-06 20:07:00
SES-11918,USR-195,PROD-106,Ergonomic Mechanical Keyboard,Computers > Accessories > Keyboards,purchase,5,2026-02-08 12:12:00
SES-11913,USR-195,PROD-105,OLED Gaming Monitor,Electronics > Video > Monitors,view,1,2026-02-10 07:13:00
SES-11913,USR-195,PROD-108,USB-C Multi-Port Hub,Computers > Accessories > Hubs,view,1,2026-02-11 22:02:00
SES-11907,USR-195,PROD-107,Wireless Vertical Mouse,Computers > Accessories > Mice,purchase,5,2026-02-26 16:58:00
SES-11903,USR-195,PROD-102,Bluetooth Sports Earbuds,Electronics > Audio > Headphones,purchase,5,2026-03-30 22:46:00
SES-11919,USR-195,PROD-106,Ergonomic Mechanical Keyboard,Computers > Accessories > Keyboards,view,1,2026-04-05 01:31:00
SES-11905,USR-195,PROD-108,USB-C Multi-Port Hub,Computers > Accessories > Hubs,view,1,2026-04-08 09:43:00
SES-11904,USR-195,PROD-104,4K Ultra HD Smart TV,Electronics > Video > Televisions,view,1,2026-04-17 11:27:00
SES-11907,USR-195,PROD-105,OLED Gaming Monitor,Electronics > Video > Monitors,purchase,5,2026-04-30 04:46:00
SES-11906,USR-195,PROD-103,Studio Wired Headphones,Electronics > Audio > Headphones,add_to_cart,3,2026-05-08 06:12:00
SES-11905,USR-195,PROD-104,4K Ultra HD Smart TV,Electronics > Video > Televisions,view,1,2026-05-13 01:34:00
SES-11906,USR-195,PROD-104,4K Ultra HD Smart TV,Electronics > Video > Televisions,view,1,2026-05-15 06:39:00
SES-11904,USR-195,PROD-106,Ergonomic Mechanical Keyboard,Computers > Accessories > Keyboards,purchase,5,2026-05-17 12:06:00
SES-11905,USR-195,PROD-105,OLED Gaming Monitor,Electronics > Video > Monitors,view,1,2026-05-22 01:38:00
SES-11910,USR-195,PROD-105,OLED Gaming Monitor,Electronics > Video > Monitors,purchase,5,2026-05-29 07:05:00
SES-11918,USR-195,PROD-104,4K Ultra HD Smart TV,Electronics > Video > Televisions,view,1,2026-06-02 05:23:00
SES-11901,USR-195,PROD-107,Wireless Vertical Mouse,Computers > Accessories > Mice,view,1,2026-06-03 08:24:00
SES-11905,USR-195,PROD-104,4K Ultra HD Smart TV,Electronics > Video > Televisions,purchase,5,2026-06-27 16:19:00
SES-11904,USR-195,PROD-107,Wireless Vertical Mouse,Computers > Accessories > Mice,purchase,5,2026-06-28 13:39:00
SES-11935,USR-196,PROD-104,4K Ultra HD Smart TV,Electronics > Video > Televisions,purchase,5,2026-01-02 18:32:00
SES-11930,USR-196,PROD-104,4K Ultra HD Smart TV,Electronics > Video > Televisions,view,1,2026-01-05 07:21:00
SES-11935,USR-196,PROD-102,Bluetooth Sports Earbuds,Electronics > Audio > Headphones,add_to_cart,3,2026-01-14 14:52:00
SES-11933,USR-196,PROD-106,Ergonomic Mechanical Keyboard,Computers > Accessories > Keyboards,view,1,2026-02-09 14:32:00
SES-11938,USR-196,PROD-108,USB-C Multi-Port Hub,Computers > Accessories > Hubs,add_to_cart,3,2026-02-10 13:15:00
SES-11925,USR-196,PROD-108,USB-C Multi-Port Hub,Computers > Accessories > Hubs,view,1,2026-02-22 03:18:00
SES-11924,USR-196,PROD-107,Wireless Vertical Mouse,Computers > Accessories > Mice,purchase,5,2026-03-06 01:09:00
SES-11930,USR-196,PROD-104,4K Ultra HD Smart TV,Electronics > Video > Televisions,view,1,2026-04-05 14:57:00
SES-11939,USR-196,PROD-104,4K Ultra HD Smart TV,Electronics > Video > Televisions,add_to_cart,3,2026-04-17 14:07:00
SES-11925,USR-196,PROD-106,Ergonomic Mechanical Keyboard,Computers > Accessories > Keyboards,view,1,2026-05-04 09:59:00
SES-11927,USR-196,PROD-104,4K Ultra HD Smart TV,Electronics > Video > Televisions,purchase,5,2026-05-24 09:30:00
SES-11937,USR-196,PROD-105,OLED Gaming Monitor,Electronics > Video > Monitors,add_to_cart,3,2026-06-02 01:38:00
SES-11924,USR-196,PROD-101,Wireless Noise-Canceling Headphones,Electronics > Audio > Headphones,view,1,2026-06-16 02:40:00
SES-11935,USR-196,PROD-105,OLED Gaming Monitor,Electronics > Video > Monitors,purchase,5,2026-06-28 01:48:00
SES-11944,USR-197,PROD-111,Stainless Steel Travel Mug,Grocery > Drinkware > Mugs,view,1,2026-01-04 14:49:00
SES-11953,USR-197,PROD-115,Water-Resistant Gym Duffel,Apparel > Accessories > Bags,view,1,2026-01-12 20:27:00
SES-11951,USR-197,PROD-114,Moisture-Wicking Sports Tee,Apparel > Clothing > Activewear,view,1,2026-01-15 22:34:00
SES-11940,USR-197,PROD-108,USB-C Multi-Port Hub,Computers > Accessories > Hubs,add_to_cart,3,2026-01-22 10:02:00
SES-11954,USR-197,PROD-114,Moisture-Wicking Sports Tee,Apparel > Clothing > Activewear,purchase,5,2026-01-23 14:55:00
SES-11959,USR-197,PROD-114,Moisture-Wicking Sports Tee,Apparel > Clothing > Activewear,view,1,2026-02-04 17:20:00
SES-11943,USR-197,PROD-114,Moisture-Wicking Sports Tee,Apparel > Clothing > Activewear,purchase,5,2026-02-05 10:34:00
SES-11955,USR-197,PROD-114,Moisture-Wicking Sports Tee,Apparel > Clothing > Activewear,add_to_cart,3,2026-02-22 23:43:00
SES-11953,USR-197,PROD-114,Moisture-Wicking Sports Tee,Apparel > Clothing > Activewear,add_to_cart,3,2026-02-25 00:30:00
SES-11943,USR-197,PROD-113,Running Shoes Ultra Light,Apparel > Footwear > Shoes,view,1,2026-02-25 22:02:00
SES-11957,USR-197,PROD-113,Running Shoes Ultra Light,Apparel > Footwear > Shoes,view,1,2026-03-03 04:34:00
SES-11957,USR-197,PROD-115,Water-Resistant Gym Duffel,Apparel > Accessories > Bags,purchase,5,2026-03-10 15:51:00
SES-11946,USR-197,PROD-115,Water-Resistant Gym Duffel,Apparel > Accessories > Bags,purchase,5,2026-04-05 18:09:00
SES-11955,USR-197,PROD-113,Running Shoes Ultra Light,Apparel > Footwear > Shoes,view,1,2026-04-12 03:24:00
SES-11951,USR-197,PROD-113,Running Shoes Ultra Light,Apparel > Footwear > Shoes,purchase,5,2026-04-13 21:39:00
SES-11948,USR-197,PROD-113,Running Shoes Ultra Light,Apparel > Footwear > Shoes,view,1,2026-05-14 23:13:00
SES-11943,USR-197,PROD-114,Moisture-Wicking Sports Tee,Apparel > Clothing > Activewear,purchase,5,2026-05-18 17:33:00
SES-11940,USR-197,PROD-114,Moisture-Wicking Sports Tee,Apparel > Clothing > Activewear,add_to_cart,3,2026-05-25 08:19:00
SES-11957,USR-197,PROD-114,Moisture-Wicking Sports Tee,Apparel > Clothing > Activewear,purchase,5,2026-06-10 00:25:00
SES-11943,USR-197,PROD-113,Running Shoes Ultra Light,Apparel > Footwear > Shoes,purchase,5,2026-06-11 21:23:00
SES-11942,USR-197,PROD-115,Water-Resistant Gym Duffel,Apparel > Accessories > Bags,view,1,2026-06-13 10:18:00
SES-11958,USR-197,PROD-114,Moisture-Wicking Sports Tee,Apparel > Clothing > Activewear,purchase,5,2026-06-18 04:50:00
SES-11978,USR-198,PROD-108,USB-C Multi-Port Hub,Computers > Accessories > Hubs,purchase,5,2026-01-04 05:32:00
SES-11964,USR-198,PROD-113,Running Shoes Ultra Light,Apparel > Footwear > Shoes,view,1,2026-01-10 04:18:00
SES-11967,USR-198,PROD-103,Studio Wired Headphones,Electronics > Audio > Headphones,view,1,2026-01-22 00:44:00
SES-11963,USR-198,PROD-102,Bluetooth Sports Earbuds,Electronics > Audio > Headphones,add_to_cart,3,2026-02-18 14:11:00
SES-11969,USR-198,PROD-108,USB-C Multi-Port Hub,Computers > Accessories > Hubs,view,1,2026-02-22 00:02:00
SES-11962,USR-198,PROD-108,USB-C Multi-Port Hub,Computers > Accessories > Hubs,view,1,2026-02-24 03:24:00
SES-11973,USR-198,PROD-108,USB-C Multi-Port Hub,Computers > Accessories > Hubs,view,1,2026-03-04 04:37:00
SES-11962,USR-198,PROD-102,Bluetooth Sports Earbuds,Electronics > Audio > Headphones,view,1,2026-03-26 18:31:00
SES-11977,USR-198,PROD-101,Wireless Noise-Canceling Headphones,Electronics > Audio > Headphones,view,1,2026-04-14 15:36:00
SES-11960,USR-198,PROD-102,Bluetooth Sports Earbuds,Electronics > Audio > Headphones,view,1,2026-04-16 08:56:00
SES-11975,USR-198,PROD-103,Studio Wired Headphones,Electronics > Audio > Headphones,purchase,5,2026-04-18 19:30:00
SES-11968,USR-198,PROD-104,4K Ultra HD Smart TV,Electronics > Video > Televisions,view,1,2026-04-22 00:03:00
SES-11971,USR-198,PROD-103,Studio Wired Headphones,Electronics > Audio > Headphones,view,1,2026-04-25 19:08:00
SES-11963,USR-198,PROD-108,USB-C Multi-Port Hub,Computers > Accessories > Hubs,purchase,5,2026-06-14 21:22:00
SES-11961,USR-198,PROD-103,Studio Wired Headphones,Electronics > Audio > Headphones,add_to_cart,3,2026-06-17 14:18:00
SES-11975,USR-198,PROD-101,Wireless Noise-Canceling Headphones,Electronics > Audio > Headphones,purchase,5,2026-06-18 13:09:00
SES-11970,USR-198,PROD-102,Bluetooth Sports Earbuds,Electronics > Audio > Headphones,view,1,2026-06-19 04:49:00
SES-11966,USR-198,PROD-101,Wireless Noise-Canceling Headphones,Electronics > Audio > Headphones,view,1,2026-06-28 06:52:00
SES-11972,USR-198,PROD-108,USB-C Multi-Port Hub,Computers > Accessories > Hubs,purchase,5,2026-06-30 12:10:00
SES-11990,USR-199,PROD-115,Water-Resistant Gym Duffel,Apparel > Accessories > Bags,purchase,5,2026-01-14 00:26:00
SES-11990,USR-199,PROD-115,Water-Resistant Gym Duffel,Apparel > Accessories > Bags,view,1,2026-01-22 18:41:00
SES-11984,USR-199,PROD-114,Moisture-Wicking Sports Tee,Apparel > Clothing > Activewear,purchase,5,2026-01-25 12:32:00
SES-11994,USR-199,PROD-113,Running Shoes Ultra Light,Apparel > Footwear > Shoes,purchase,5,2026-02-10 14:51:00
SES-11998,USR-199,PROD-113,Running Shoes Ultra Light,Apparel > Footwear > Shoes,view,1,2026-02-21 04:02:00
SES-11990,USR-199,PROD-114,Moisture-Wicking Sports Tee,Apparel > Clothing > Activewear,purchase,5,2026-02-22 04:57:00
SES-11986,USR-199,PROD-115,Water-Resistant Gym Duffel,Apparel > Accessories > Bags,view,1,2026-02-24 14:26:00
SES-11988,USR-199,PROD-114,Moisture-Wicking Sports Tee,Apparel > Clothing > Activewear,view,1,2026-03-02 10:09:00
SES-11995,USR-199,PROD-114,Moisture-Wicking Sports Tee,Apparel > Clothing > Activewear,view,1,2026-03-04 07:16:00
SES-11998,USR-199,PROD-115,Water-Resistant Gym Duffel,Apparel > Accessories > Bags,view,1,2026-03-04 19:40:00
SES-11990,USR-199,PROD-111,Stainless Steel Travel Mug,Grocery > Drinkware > Mugs,add_to_cart,3,2026-03-07 20:59:00
SES-11993,USR-199,PROD-113,Running Shoes Ultra Light,Apparel > Footwear > Shoes,purchase,5,2026-03-08 12:49:00
SES-11989,USR-199,PROD-113,Running Shoes Ultra Light,Apparel > Footwear > Shoes,view,1,2026-03-10 23:13:00
SES-11996,USR-199,PROD-114,Moisture-Wicking Sports Tee,Apparel > Clothing > Activewear,view,1,2026-03-14 11:16:00
SES-11988,USR-199,PROD-115,Water-Resistant Gym Duffel,Apparel > Accessories > Bags,add_to_cart,3,2026-03-27 12:31:00
SES-11988,USR-199,PROD-115,Water-Resistant Gym Duffel,Apparel > Accessories > Bags,purchase,5,2026-03-28 05:42:00
SES-11998,USR-199,PROD-115,Water-Resistant Gym Duffel,Apparel > Accessories > Bags,purchase,5,2026-03-29 07:35:00
SES-11981,USR-199,PROD-115,Water-Resistant Gym Duffel,Apparel > Accessories > Bags,purchase,5,2026-04-08 17:58:00
SES-11993,USR-199,PROD-114,Moisture-Wicking Sports Tee,Apparel > Clothing > Activewear,view,1,2026-04-10 22:58:00
SES-11994,USR-199,PROD-114,Moisture-Wicking Sports Tee,Apparel > Clothing > Activewear,add_to_cart,3,2026-04-12 11:02:00
SES-11993,USR-199,PROD-114,Moisture-Wicking Sports Tee,Apparel > Clothing > Activewear,add_to_cart,3,2026-05-03 21:40:00
SES-11984,USR-199,PROD-115,Water-Resistant Gym Duffel,Apparel > Accessories > Bags,purchase,5,2026-05-06 22:43:00
SES-11990,USR-199,PROD-115,Water-Resistant Gym Duffel,Apparel > Accessories > Bags,purchase,5,2026-05-14 15:38:00
SES-11980,USR-199,PROD-114,Moisture-Wicking Sports Tee,Apparel > Clothing > Activewear,view,1,2026-05-22 19:04:00
SES-11984,USR-199,PROD-113,Running Shoes Ultra Light,Apparel > Footwear > Shoes,view,1,2026-05-25 11:34:00
SES-11998,USR-199,PROD-115,Water-Resistant Gym Duffel,Apparel > Accessories > Bags,purchase,5,2026-06-03 07:32:00
SES-11990,USR-199,PROD-113,Running Shoes Ultra Light,Apparel > Footwear > Shoes,purchase,5,2026-06-11 15:22:00
SES-11995,USR-199,PROD-113,Running Shoes Ultra Light,Apparel > Footwear > Shoes,view,1,2026-06-22 07:01:00
SES-12001,USR-200,PROD-115,Water-Resistant Gym Duffel,Apparel > Accessories > Bags,view,1,2026-01-05 08:11:00
SES-12010,USR-200,PROD-113,Running Shoes Ultra Light,Apparel > Footwear > Shoes,view,1,2026-01-21 15:42:00
SES-12009,USR-200,PROD-115,Water-Resistant Gym Duffel,Apparel > Accessories > Bags,view,1,2026-02-09 00:30:00
SES-12009,USR-200,PROD-113,Running Shoes Ultra Light,Apparel > Footwear > Shoes,view,1,2026-02-17 08:01:00
SES-12015,USR-200,PROD-115,Water-Resistant Gym Duffel,Apparel > Accessories > Bags,view,1,2026-02-26 03:50:00
SES-12011,USR-200,PROD-114,Moisture-Wicking Sports Tee,Apparel > Clothing > Activewear,view,1,2026-03-31 14:16:00
SES-12016,USR-200,PROD-115,Water-Resistant Gym Duffel,Apparel > Accessories > Bags,add_to_cart,3,2026-04-01 00:21:00
SES-12019,USR-200,PROD-115,Water-Resistant Gym Duffel,Apparel > Accessories > Bags,add_to_cart,3,2026-04-08 02:10:00
SES-12019,USR-200,PROD-114,Moisture-Wicking Sports Tee,Apparel > Clothing > Activewear,view,1,2026-04-16 08:52:00
SES-12019,USR-200,PROD-113,Running Shoes Ultra Light,Apparel > Footwear > Shoes,purchase,5,2026-04-27 20:56:00
SES-12009,USR-200,PROD-115,Water-Resistant Gym Duffel,Apparel > Accessories > Bags,view,1,2026-05-09 17:25:00
SES-12016,USR-200,PROD-114,Moisture-Wicking Sports Tee,Apparel > Clothing > Activewear,purchase,5,2026-05-23 07:17:00
SES-12018,USR-200,PROD-113,Running Shoes Ultra Light,Apparel > Footwear > Shoes,view,1,2026-06-02 15:17:00
SES-12019,USR-200,PROD-114,Moisture-Wicking Sports Tee,Apparel > Clothing > Activewear,purchase,5,2026-06-05 15:59:00
SES-12006,USR-200,PROD-114,Moisture-Wicking Sports Tee,Apparel > Clothing > Activewear,view,1,2026-06-06 10:02:00
SES-12016,USR-200,PROD-115,Water-Resistant Gym Duffel,Apparel > Accessories > Bags,purchase,5,2026-06-07 06:58:00
SES-12016,USR-200,PROD-113,Running Shoes Ultra Light,Apparel > Footwear > Shoes,purchase,5,2026-06-12 19:31:00
SES-12016,USR-200,PROD-114,Moisture-Wicking Sports Tee,Apparel > Clothing > Activewear,add_to_cart,3,2026-06-14 02:02:00
SES-12018,USR-200,PROD-115,Water-Resistant Gym Duffel,Apparel > Accessories > Bags,add_to_cart,3,2026-06-26 23:52:00
SES-12037,USR-201,PROD-113,Running Shoes Ultra Light,Apparel > Footwear > Shoes,purchase,5,2026-01-12 17:27:00
SES-12028,USR-201,PROD-115,Water-Resistant Gym Duffel,Apparel > Accessories > Bags,view,1,2026-01-15 19:31:00
SES-12037,USR-201,PROD-114,Moisture-Wicking Sports Tee,Apparel > Clothing > Activewear,view,1,2026-01-21 05:54:00
SES-12026,USR-201,PROD-115,Water-Resistant Gym Duffel,Apparel > Accessories > Bags,purchase,5,2026-01-21 23:40:00
SES-12029,USR-201,PROD-114,Moisture-Wicking Sports Tee,Apparel > Clothing > Activewear,view,1,2026-02-10 14:54:00
SES-12021,USR-201,PROD-113,Running Shoes Ultra Light,Apparel > Footwear > Shoes,view,1,2026-03-07 16:15:00
SES-12022,USR-201,PROD-113,Running Shoes Ultra Light,Apparel > Footwear > Shoes,purchase,5,2026-03-12 18:16:00
SES-12039,USR-201,PROD-113,Running Shoes Ultra Light,Apparel > Footwear > Shoes,add_to_cart,3,2026-03-25 12:03:00
SES-12022,USR-201,PROD-113,Running Shoes Ultra Light,Apparel > Footwear > Shoes,add_to_cart,3,2026-03-25 19:38:00
SES-12031,USR-201,PROD-115,Water-Resistant Gym Duffel,Apparel > Accessories > Bags,purchase,5,2026-04-03 02:45:00
SES-12038,USR-201,PROD-115,Water-Resistant Gym Duffel,Apparel > Accessories > Bags,purchase,5,2026-04-03 10:59:00
SES-12026,USR-201,PROD-113,Running Shoes Ultra Light,Apparel > Footwear > Shoes,purchase,5,2026-04-06 00:46:00
SES-12023,USR-201,PROD-114,Moisture-Wicking Sports Tee,Apparel > Clothing > Activewear,purchase,5,2026-04-06 19:51:00
SES-12027,USR-201,PROD-115,Water-Resistant Gym Duffel,Apparel > Accessories > Bags,view,1,2026-04-26 08:09:00
SES-12020,USR-201,PROD-113,Running Shoes Ultra Light,Apparel > Footwear > Shoes,view,1,2026-05-06 20:16:00
SES-12027,USR-201,PROD-115,Water-Resistant Gym Duffel,Apparel > Accessories > Bags,add_to_cart,3,2026-05-14 14:33:00
SES-12023,USR-201,PROD-114,Moisture-Wicking Sports Tee,Apparel > Clothing > Activewear,purchase,5,2026-05-20 01:25:00
SES-12028,USR-201,PROD-115,Water-Resistant Gym Duffel,Apparel > Accessories > Bags,purchase,5,2026-05-29 21:36:00
SES-12025,USR-201,PROD-114,Moisture-Wicking Sports Tee,Apparel > Clothing > Activewear,view,1,2026-05-31 09:12:00
SES-12021,USR-201,PROD-113,Running Shoes Ultra Light,Apparel > Footwear > Shoes,view,1,2026-06-01 04:26:00
SES-12020,USR-201,PROD-115,Water-Resistant Gym Duffel,Apparel > Accessories > Bags,add_to_cart,3,2026-06-02 15:36:00
SES-12035,USR-201,PROD-109,Premium Arabica Coffee Beans,Grocery > Beverages > Coffee,view,1,2026-06-15 06:31:00
SES-12050,USR-202,PROD-109,Premium Arabica Coffee Beans,Grocery > Beverages > Coffee,purchase,5,2026-01-03 13:31:00
SES-12059,USR-202,PROD-109,Premium Arabica Coffee Beans,Grocery > Beverages > Coffee,purchase,5,2026-01-05 00:17:00
SES-12049,USR-202,PROD-112,Organic Green Tea Bags,Grocery > Beverages > Tea,add_to_cart,3,2026-01-31 20:20:00
SES-12052,USR-202,PROD-109,Premium Arabica Coffee Beans,Grocery > Beverages > Coffee,view,1,2026-04-12 13:30:00
SES-12049,USR-202,PROD-111,Stainless Steel Travel Mug,Grocery > Drinkware > Mugs,view,1,2026-04-19 03:10:00
SES-12050,USR-202,PROD-110,Electric Pour-Over Kettle,Grocery > Appliances > Coffee,purchase,5,2026-04-22 14:49:00
SES-12041,USR-202,PROD-110,Electric Pour-Over Kettle,Grocery > Appliances > Coffee,add_to_cart,3,2026-04-24 12:24:00
SES-12053,USR-202,PROD-111,Stainless Steel Travel Mug,Grocery > Drinkware > Mugs,add_to_cart,3,2026-05-17 02:26:00
SES-12055,USR-202,PROD-111,Stainless Steel Travel Mug,Grocery > Drinkware > Mugs,purchase,5,2026-05-26 19:41:00
SES-12045,USR-202,PROD-110,Electric Pour-Over Kettle,Grocery > Appliances > Coffee,view,1,2026-05-27 00:51:00
SES-12055,USR-202,PROD-109,Premium Arabica Coffee Beans,Grocery > Beverages > Coffee,view,1,2026-05-29 19:50:00
SES-12059,USR-202,PROD-111,Stainless Steel Travel Mug,Grocery > Drinkware > Mugs,view,1,2026-05-31 14:37:00
SES-12043,USR-202,PROD-110,Electric Pour-Over Kettle,Grocery > Appliances > Coffee,purchase,5,2026-06-20 20:34:00
SES-12053,USR-202,PROD-109,Premium Arabica Coffee Beans,Grocery > Beverages > Coffee,purchase,5,2026-06-23 09:15:00
SES-12056,USR-202,PROD-112,Organic Green Tea Bags,Grocery > Beverages > Tea,view,1,2026-06-28 04:27:00
SES-12067,USR-203,PROD-108,USB-C Multi-Port Hub,Computers > Accessories > Hubs,purchase,5,2026-01-03 01:42:00
SES-12069,USR-203,PROD-101,Wireless Noise-Canceling Headphones,Electronics > Audio > Headphones,purchase,5,2026-01-26 07:46:00
SES-12069,USR-203,PROD-103,Studio Wired Headphones,Electronics > Audio > Headphones,purchase,5,2026-02-07 16:01:00
SES-12062,USR-203,PROD-102,Bluetooth Sports Earbuds,Electronics > Audio > Headphones,view,1,2026-02-28 10:42:00
SES-12079,USR-203,PROD-103,Studio Wired Headphones,Electronics > Audio > Headphones,purchase,5,2026-03-01 18:00:00
SES-12074,USR-203,PROD-108,USB-C Multi-Port Hub,Computers > Accessories > Hubs,view,1,2026-03-06 03:13:00
SES-12071,USR-203,PROD-107,Wireless Vertical Mouse,Computers > Accessories > Mice,view,1,2026-03-20 21:52:00
SES-12069,USR-203,PROD-101,Wireless Noise-Canceling Headphones,Electronics > Audio > Headphones,purchase,5,2026-04-08 05:45:00
SES-12070,USR-203,PROD-101,Wireless Noise-Canceling Headphones,Electronics > Audio > Headphones,purchase,5,2026-04-13 08:15:00
SES-12062,USR-203,PROD-102,Bluetooth Sports Earbuds,Electronics > Audio > Headphones,view,1,2026-05-16 03:04:00
SES-12071,USR-203,PROD-102,Bluetooth Sports Earbuds,Electronics > Audio > Headphones,add_to_cart,3,2026-05-31 17:06:00
SES-12091,USR-204,PROD-101,Wireless Noise-Canceling Headphones,Electronics > Audio > Headphones,purchase,5,2026-01-10 06:26:00
SES-12096,USR-204,PROD-102,Bluetooth Sports Earbuds,Electronics > Audio > Headphones,view,1,2026-01-11 05:49:00
SES-12089,USR-204,PROD-102,Bluetooth Sports Earbuds,Electronics > Audio > Headphones,view,1,2026-01-12 07:31:00
SES-12083,USR-204,PROD-101,Wireless Noise-Canceling Headphones,Electronics > Audio > Headphones,view,1,2026-01-18 01:29:00
SES-12091,USR-204,PROD-102,Bluetooth Sports Earbuds,Electronics > Audio > Headphones,add_to_cart,3,2026-02-01 01:49:00
SES-12087,USR-204,PROD-101,Wireless Noise-Canceling Headphones,Electronics > Audio > Headphones,purchase,5,2026-02-03 12:34:00
SES-12083,USR-204,PROD-108,USB-C Multi-Port Hub,Computers > Accessories > Hubs,add_to_cart,3,2026-02-04 02:32:00
SES-12080,USR-204,PROD-103,Studio Wired Headphones,Electronics > Audio > Headphones,purchase,5,2026-02-21 18:59:00
SES-12090,USR-204,PROD-101,Wireless Noise-Canceling Headphones,Electronics > Audio > Headphones,view,1,2026-03-23 20:05:00
SES-12093,USR-204,PROD-103,Studio Wired Headphones,Electronics > Audio > Headphones,purchase,5,2026-04-03 14:51:00
SES-12085,USR-204,PROD-101,Wireless Noise-Canceling Headphones,Electronics > Audio > Headphones,add_to_cart,3,2026-04-04 12:01:00
SES-12080,USR-204,PROD-108,USB-C Multi-Port Hub,Computers > Accessories > Hubs,purchase,5,2026-04-21 19:56:00
SES-12080,USR-204,PROD-110,Electric Pour-Over Kettle,Grocery > Appliances > Coffee,view,1,2026-04-30 16:14:00
SES-12090,USR-204,PROD-102,Bluetooth Sports Earbuds,Electronics > Audio > Headphones,add_to_cart,3,2026-05-04 17:28:00
SES-12091,USR-204,PROD-102,Bluetooth Sports Earbuds,Electronics > Audio > Headphones,view,1,2026-05-07 10:11:00
SES-12088,USR-204,PROD-101,Wireless Noise-Canceling Headphones,Electronics > Audio > Headphones,purchase,5,2026-05-22 10:43:00
SES-12080,USR-204,PROD-108,USB-C Multi-Port Hub,Computers > Accessories > Hubs,purchase,5,2026-05-25 11:52:00
SES-12080,USR-204,PROD-103,Studio Wired Headphones,Electronics > Audio > Headphones,purchase,5,2026-05-29 04:25:00
SES-12087,USR-204,PROD-108,USB-C Multi-Port Hub,Computers > Accessories > Hubs,purchase,5,2026-06-02 20:36:00
SES-12090,USR-204,PROD-108,USB-C Multi-Port Hub,Computers > Accessories > Hubs,view,1,2026-06-21 15:07:00
SES-12085,USR-204,PROD-101,Wireless Noise-Canceling Headphones,Electronics > Audio > Headphones,view,1,2026-06-27 16:54:00
SES-12101,USR-205,PROD-112,Organic Green Tea Bags,Grocery > Beverages > Tea,view,1,2026-01-10 07:46:00
SES-12115,USR-205,PROD-109,Premium Arabica Coffee Beans,Grocery > Beverages > Coffee,view,1,2026-01-16 17:54:00
SES-12103,USR-205,PROD-109,Premium Arabica Coffee Beans,Grocery > Beverages > Coffee,purchase,5,2026-01-20 03:35:00
SES-12118,USR-205,PROD-112,Organic Green Tea Bags,Grocery > Beverages > Tea,view,1,2026-01-21 08:16:00
SES-12114,USR-205,PROD-111,Stainless Steel Travel Mug,Grocery > Drinkware > Mugs,purchase,5,2026-01-22 19:49:00
SES-12105,USR-205,PROD-109,Premium Arabica Coffee Beans,Grocery > Beverages > Coffee,view,1,2026-01-29 21:44:00
SES-12101,USR-205,PROD-110,Electric Pour-Over Kettle,Grocery > Appliances > Coffee,purchase,5,2026-02-08 03:06:00
SES-12102,USR-205,PROD-109,Premium Arabica Coffee Beans,Grocery > Beverages > Coffee,add_to_cart,3,2026-02-24 17:56:00
SES-12116,USR-205,PROD-109,Premium Arabica Coffee Beans,Grocery > Beverages > Coffee,view,1,2026-03-04 08:42:00
SES-12117,USR-205,PROD-109,Premium Arabica Coffee Beans,Grocery > Beverages > Coffee,purchase,5,2026-03-04 19:31:00
SES-12106,USR-205,PROD-110,Electric Pour-Over Kettle,Grocery > Appliances > Coffee,purchase,5,2026-04-08 22:55:00
SES-12106,USR-205,PROD-108,USB-C Multi-Port Hub,Computers > Accessories > Hubs,add_to_cart,3,2026-04-29 09:31:00
SES-12119,USR-205,PROD-109,Premium Arabica Coffee Beans,Grocery > Beverages > Coffee,purchase,5,2026-04-29 11:02:00
SES-12102,USR-205,PROD-109,Premium Arabica Coffee Beans,Grocery > Beverages > Coffee,purchase,5,2026-05-12 16:44:00
SES-12107,USR-205,PROD-111,Stainless Steel Travel Mug,Grocery > Drinkware > Mugs,view,1,2026-05-14 08:56:00
SES-12100,USR-205,PROD-109,Premium Arabica Coffee Beans,Grocery > Beverages > Coffee,view,1,2026-05-21 02:38:00
SES-12104,USR-205,PROD-110,Electric Pour-Over Kettle,Grocery > Appliances > Coffee,view,1,2026-05-22 19:56:00
SES-12117,USR-205,PROD-111,Stainless Steel Travel Mug,Grocery > Drinkware > Mugs,purchase,5,2026-05-22 21:35:00
SES-12102,USR-205,PROD-111,Stainless Steel Travel Mug,Grocery > Drinkware > Mugs,add_to_cart,3,2026-05-27 21:07:00
SES-12103,USR-205,PROD-102,Bluetooth Sports Earbuds,Electronics > Audio > Headphones,view,1,2026-05-28 16:08:00
SES-12114,USR-205,PROD-110,Electric Pour-Over Kettle,Grocery > Appliances > Coffee,view,1,2026-06-15 04:12:00
SES-12130,USR-206,PROD-112,Organic Green Tea Bags,Grocery > Beverages > Tea,add_to_cart,3,2026-01-05 03:20:00
SES-12127,USR-206,PROD-113,Running Shoes Ultra Light,Apparel > Footwear > Shoes,view,1,2026-01-17 00:10:00
SES-12124,USR-206,PROD-112,Organic Green Tea Bags,Grocery > Beverages > Tea,view,1,2026-01-23 07:04:00
SES-12123,USR-206,PROD-109,Premium Arabica Coffee Beans,Grocery > Beverages > Coffee,add_to_cart,3,2026-01-26 09:45:00
SES-12132,USR-206,PROD-111,Stainless Steel Travel Mug,Grocery > Drinkware > Mugs,purchase,5,2026-02-22 06:20:00
SES-12126,USR-206,PROD-109,Premium Arabica Coffee Beans,Grocery > Beverages > Coffee,add_to_cart,3,2026-02-23 07:50:00
SES-12137,USR-206,PROD-112,Organic Green Tea Bags,Grocery > Beverages > Tea,purchase,5,2026-02-25 08:26:00
SES-12129,USR-206,PROD-109,Premium Arabica Coffee Beans,Grocery > Beverages > Coffee,purchase,5,2026-03-10 19:15:00
SES-12135,USR-206,PROD-112,Organic Green Tea Bags,Grocery > Beverages > Tea,view,1,2026-04-11 09:53:00
SES-12134,USR-206,PROD-110,Electric Pour-Over Kettle,Grocery > Appliances > Coffee,purchase,5,2026-05-02 10:53:00
SES-12121,USR-206,PROD-111,Stainless Steel Travel Mug,Grocery > Drinkware > Mugs,view,1,2026-05-09 05:02:00
SES-12129,USR-206,PROD-110,Electric Pour-Over Kettle,Grocery > Appliances > Coffee,purchase,5,2026-05-10 15:25:00
SES-12132,USR-206,PROD-111,Stainless Steel Travel Mug,Grocery > Drinkware > Mugs,view,1,2026-05-18 16:09:00
SES-12132,USR-206,PROD-110,Electric Pour-Over Kettle,Grocery > Appliances > Coffee,purchase,5,2026-06-18 15:44:00
SES-12129,USR-206,PROD-103,Studio Wired Headphones,Electronics > Audio > Headphones,add_to_cart,3,2026-06-27 23:53:00
SES-12159,USR-207,PROD-101,Wireless Noise-Canceling Headphones,Electronics > Audio > Headphones,purchase,5,2026-01-03 10:19:00
SES-12158,USR-207,PROD-108,USB-C Multi-Port Hub,Computers > Accessories > Hubs,add_to_cart,3,2026-01-21 20:58:00
SES-12145,USR-207,PROD-102,Bluetooth Sports Earbuds,Electronics > Audio > Headphones,view,1,2026-01-29 05:32:00
SES-12149,USR-207,PROD-102,Bluetooth Sports Earbuds,Electronics > Audio > Headphones,add_to_cart,3,2026-02-23 08:12:00
SES-12151,USR-207,PROD-103,Studio Wired Headphones,Electronics > Audio > Headphones,purchase,5,2026-03-13 15:23:00
SES-12143,USR-207,PROD-103,Studio Wired Headphones,Electronics > Audio > Headphones,view,1,2026-04-02 10:27:00
SES-12151,USR-207,PROD-101,Wireless Noise-Canceling Headphones,Electronics > Audio > Headphones,view,1,2026-04-05 14:15:00
SES-12154,USR-207,PROD-103,Studio Wired Headphones,Electronics > Audio > Headphones,add_to_cart,3,2026-04-15 09:28:00
SES-12155,USR-207,PROD-102,Bluetooth Sports Earbuds,Electronics > Audio > Headphones,view,1,2026-04-17 18:19:00
SES-12149,USR-207,PROD-103,Studio Wired Headphones,Electronics > Audio > Headphones,view,1,2026-05-06 00:04:00
SES-12142,USR-207,PROD-108,USB-C Multi-Port Hub,Computers > Accessories > Hubs,view,1,2026-05-08 20:22:00
SES-12141,USR-207,PROD-103,Studio Wired Headphones,Electronics > Audio > Headphones,view,1,2026-05-21 11:15:00
SES-12159,USR-207,PROD-102,Bluetooth Sports Earbuds,Electronics > Audio > Headphones,purchase,5,2026-05-21 17:43:00
SES-12154,USR-207,PROD-103,Studio Wired Headphones,Electronics > Audio > Headphones,purchase,5,2026-05-23 19:29:00
SES-12155,USR-207,PROD-102,Bluetooth Sports Earbuds,Electronics > Audio > Headphones,view,1,2026-05-30 14:29:00
SES-12159,USR-207,PROD-108,USB-C Multi-Port Hub,Computers > Accessories > Hubs,view,1,2026-06-07 11:36:00
SES-12147,USR-207,PROD-113,Running Shoes Ultra Light,Apparel > Footwear > Shoes,view,1,2026-06-07 17:59:00
SES-12154,USR-207,PROD-108,USB-C Multi-Port Hub,Computers > Accessories > Hubs,purchase,5,2026-06-10 23:34:00
SES-12150,USR-207,PROD-105,OLED Gaming Monitor,Electronics > Video > Monitors,add_to_cart,3,2026-06-11 03:36:00
SES-12153,USR-207,PROD-101,Wireless Noise-Canceling Headphones,Electronics > Audio > Headphones,view,1,2026-06-17 05:43:00
SES-12143,USR-207,PROD-103,Studio Wired Headphones,Electronics > Audio > Headphones,view,1,2026-06-23 04:31:00
SES-12159,USR-207,PROD-103,Studio Wired Headphones,Electronics > Audio > Headphones,add_to_cart,3,2026-06-27 00:07:00
SES-12149,USR-207,PROD-103,Studio Wired Headphones,Electronics > Audio > Headphones,view,1,2026-06-27 20:23:00
SES-12160,USR-208,PROD-111,Stainless Steel Travel Mug,Grocery > Drinkware > Mugs,view,1,2026-01-12 17:43:00
SES-12172,USR-208,PROD-111,Stainless Steel Travel Mug,Grocery > Drinkware > Mugs,view,1,2026-01-13 00:47:00
SES-12167,USR-208,PROD-111,Stainless Steel Travel Mug,Grocery > Drinkware > Mugs,view,1,2026-01-13 08:08:00
SES-12164,USR-208,PROD-112,Organic Green Tea Bags,Grocery > Beverages > Tea,view,1,2026-01-17 15:04:00
SES-12168,USR-208,PROD-110,Electric Pour-Over Kettle,Grocery > Appliances > Coffee,add_to_cart,3,2026-01-21 14:47:00
SES-12178,USR-208,PROD-112,Organic Green Tea Bags,Grocery > Beverages > Tea,view,1,2026-02-03 06:07:00
SES-12162,USR-208,PROD-110,Electric Pour-Over Kettle,Grocery > Appliances > Coffee,view,1,2026-03-12 13:49:00
SES-12176,USR-208,PROD-110,Electric Pour-Over Kettle,Grocery > Appliances > Coffee,purchase,5,2026-04-02 20:57:00
SES-12176,USR-208,PROD-111,Stainless Steel Travel Mug,Grocery > Drinkware > Mugs,purchase,5,2026-04-03 21:30:00
SES-12160,USR-208,PROD-109,Premium Arabica Coffee Beans,Grocery > Beverages > Coffee,purchase,5,2026-04-11 12:39:00
SES-12166,USR-208,PROD-112,Organic Green Tea Bags,Grocery > Beverages > Tea,purchase,5,2026-04-17 09:59:00
SES-12168,USR-208,PROD-109,Premium Arabica Coffee Beans,Grocery > Beverages > Coffee,purchase,5,2026-04-17 16:09:00
SES-12166,USR-208,PROD-109,Premium Arabica Coffee Beans,Grocery > Beverages > Coffee,purchase,5,2026-05-07 03:18:00
SES-12175,USR-208,PROD-110,Electric Pour-Over Kettle,Grocery > Appliances > Coffee,view,1,2026-05-07 09:29:00
SES-12176,USR-208,PROD-110,Electric Pour-Over Kettle,Grocery > Appliances > Coffee,purchase,5,2026-05-14 03:34:00
SES-12173,USR-208,PROD-109,Premium Arabica Coffee Beans,Grocery > Beverages > Coffee,view,1,2026-05-26 19:29:00
SES-12163,USR-208,PROD-109,Premium Arabica Coffee Beans,Grocery > Beverages > Coffee,view,1,2026-06-04 11:27:00
SES-12164,USR-208,PROD-111,Stainless Steel Travel Mug,Grocery > Drinkware > Mugs,view,1,2026-06-04 20:09:00
SES-12177,USR-208,PROD-103,Studio Wired Headphones,Electronics > Audio > Headphones,view,1,2026-06-11 09:11:00
SES-12173,USR-208,PROD-111,Stainless Steel Travel Mug,Grocery > Drinkware > Mugs,view,1,2026-06-12 03:57:00
SES-12178,USR-208,PROD-111,Stainless Steel Travel Mug,Grocery > Drinkware > Mugs,view,1,2026-06-12 18:22:00
SES-12170,USR-208,PROD-110,Electric Pour-Over Kettle,Grocery > Appliances > Coffee,view,1,2026-06-17 00:49:00
SES-12167,USR-208,PROD-111,Stainless Steel Travel Mug,Grocery > Drinkware > Mugs,purchase,5,2026-06-27 04:12:00
SES-12188,USR-209,PROD-113,Running Shoes Ultra Light,Apparel > Footwear > Shoes,purchase,5,2026-01-09 00:47:00
SES-12183,USR-209,PROD-114,Moisture-Wicking Sports Tee,Apparel > Clothing > Activewear,view,1,2026-01-15 10:03:00
SES-12181,USR-209,PROD-113,Running Shoes Ultra Light,Apparel > Footwear > Shoes,purchase,5,2026-01-15 17:45:00
SES-12197,USR-209,PROD-115,Water-Resistant Gym Duffel,Apparel > Accessories > Bags,purchase,5,2026-01-28 00:29:00
SES-12193,USR-209,PROD-101,Wireless Noise-Canceling Headphones,Electronics > Audio > Headphones,view,1,2026-02-02 09:36:00
SES-12188,USR-209,PROD-113,Running Shoes Ultra Light,Apparel > Footwear > Shoes,purchase,5,2026-02-13 23:11:00
SES-12187,USR-209,PROD-114,Moisture-Wicking Sports Tee,Apparel > Clothing > Activewear,add_to_cart,3,2026-02-17 22:40:00
SES-12193,USR-209,PROD-113,Running Shoes Ultra Light,Apparel > Footwear > Shoes,view,1,2026-02-26 12:35:00
SES-12197,USR-209,PROD-114,Moisture-Wicking Sports Tee,Apparel > Clothing > Activewear,purchase,5,2026-03-15 11:56:00
SES-12198,USR-209,PROD-113,Running Shoes Ultra Light,Apparel > Footwear > Shoes,add_to_cart,3,2026-04-13 01:15:00
SES-12181,USR-209,PROD-104,4K Ultra HD Smart TV,Electronics > Video > Televisions,view,1,2026-04-18 00:21:00
SES-12198,USR-209,PROD-114,Moisture-Wicking Sports Tee,Apparel > Clothing > Activewear,view,1,2026-04-28 23:48:00
SES-12185,USR-209,PROD-113,Running Shoes Ultra Light,Apparel > Footwear > Shoes,view,1,2026-05-10 00:13:00
SES-12188,USR-209,PROD-113,Running Shoes Ultra Light,Apparel > Footwear > Shoes,purchase,5,2026-05-28 10:14:00
SES-12185,USR-209,PROD-113,Running Shoes Ultra Light,Apparel > Footwear > Shoes,purchase,5,2026-06-03 10:48:00
SES-12196,USR-209,PROD-115,Water-Resistant Gym Duffel,Apparel > Accessories > Bags,view,1,2026-06-07 16:02:00
SES-12188,USR-209,PROD-114,Moisture-Wicking Sports Tee,Apparel > Clothing > Activewear,view,1,2026-06-09 12:04:00
SES-12182,USR-209,PROD-102,Bluetooth Sports Earbuds,Electronics > Audio > Headphones,purchase,5,2026-06-22 04:23:00
SES-12186,USR-209,PROD-114,Moisture-Wicking Sports Tee,Apparel > Clothing > Activewear,purchase,5,2026-06-26 07:58:00
SES-12205,USR-210,PROD-104,4K Ultra HD Smart TV,Electronics > Video > Televisions,view,1,2026-01-02 05:50:00
SES-12200,USR-210,PROD-105,OLED Gaming Monitor,Electronics > Video > Monitors,purchase,5,2026-01-07 06:41:00
SES-12210,USR-210,PROD-108,USB-C Multi-Port Hub,Computers > Accessories > Hubs,purchase,5,2026-02-03 17:06:00
SES-12206,USR-210,PROD-105,OLED Gaming Monitor,Electronics > Video > Monitors,purchase,5,2026-02-06 23:33:00
SES-12213,USR-210,PROD-106,Ergonomic Mechanical Keyboard,Computers > Accessories > Keyboards,purchase,5,2026-03-30 02:59:00
SES-12214,USR-210,PROD-107,Wireless Vertical Mouse,Computers > Accessories > Mice,purchase,5,2026-04-24 03:05:00
SES-12213,USR-210,PROD-108,USB-C Multi-Port Hub,Computers > Accessories > Hubs,purchase,5,2026-05-22 06:31:00
SES-12210,USR-210,PROD-106,Ergonomic Mechanical Keyboard,Computers > Accessories > Keyboards,purchase,5,2026-05-27 01:01:00
SES-12204,USR-210,PROD-107,Wireless Vertical Mouse,Computers > Accessories > Mice,add_to_cart,3,2026-06-16 21:54:00
SES-12224,USR-211,PROD-114,Moisture-Wicking Sports Tee,Apparel > Clothing > Activewear,view,1,2026-01-11 22:37:00
SES-12230,USR-211,PROD-114,Moisture-Wicking Sports Tee,Apparel > Clothing > Activewear,add_to_cart,3,2026-01-21 20:05:00
SES-12232,USR-211,PROD-103,Studio Wired Headphones,Electronics > Audio > Headphones,purchase,5,2026-01-29 18:45:00
SES-12222,USR-211,PROD-114,Moisture-Wicking Sports Tee,Apparel > Clothing > Activewear,purchase,5,2026-01-30 13:12:00
SES-12237,USR-211,PROD-113,Running Shoes Ultra Light,Apparel > Footwear > Shoes,view,1,2026-01-31 17:33:00
SES-12234,USR-211,PROD-113,Running Shoes Ultra Light,Apparel > Footwear > Shoes,purchase,5,2026-02-05 22:09:00
SES-12220,USR-211,PROD-113,Running Shoes Ultra Light,Apparel > Footwear > Shoes,purchase,5,2026-02-06 04:18:00
SES-12225,USR-211,PROD-115,Water-Resistant Gym Duffel,Apparel > Accessories > Bags,purchase,5,2026-02-08 08:10:00
SES-12220,USR-211,PROD-113,Running Shoes Ultra Light,Apparel > Footwear > Shoes,purchase,5,2026-02-18 05:17:00
SES-12236,USR-211,PROD-115,Water-Resistant Gym Duffel,Apparel > Accessories > Bags,purchase,5,2026-02-24 17:10:00
SES-12236,USR-211,PROD-113,Running Shoes Ultra Light,Apparel > Footwear > Shoes,view,1,2026-02-27 19:35:00
SES-12234,USR-211,PROD-113,Running Shoes Ultra Light,Apparel > Footwear > Shoes,purchase,5,2026-03-09 12:06:00
SES-12234,USR-211,PROD-115,Water-Resistant Gym Duffel,Apparel > Accessories > Bags,purchase,5,2026-03-12 08:22:00
SES-12222,USR-211,PROD-115,Water-Resistant Gym Duffel,Apparel > Accessories > Bags,view,1,2026-03-21 11:35:00
SES-12225,USR-211,PROD-113,Running Shoes Ultra Light,Apparel > Footwear > Shoes,purchase,5,2026-03-24 01:58:00
SES-12220,USR-211,PROD-114,Moisture-Wicking Sports Tee,Apparel > Clothing > Activewear,view,1,2026-03-24 19:09:00
SES-12237,USR-211,PROD-115,Water-Resistant Gym Duffel,Apparel > Accessories > Bags,view,1,2026-03-30 16:26:00
SES-12227,USR-211,PROD-113,Running Shoes Ultra Light,Apparel > Footwear > Shoes,add_to_cart,3,2026-04-04 23:47:00
SES-12224,USR-211,PROD-101,Wireless Noise-Canceling Headphones,Electronics > Audio > Headphones,purchase,5,2026-04-11 08:12:00
SES-12222,USR-211,PROD-113,Running Shoes Ultra Light,Apparel > Footwear > Shoes,add_to_cart,3,2026-04-14 12:24:00
SES-12229,USR-211,PROD-115,Water-Resistant Gym Duffel,Apparel > Accessories > Bags,purchase,5,2026-04-14 19:49:00
SES-12221,USR-211,PROD-114,Moisture-Wicking Sports Tee,Apparel > Clothing > Activewear,view,1,2026-04-22 08:56:00
SES-12236,USR-211,PROD-113,Running Shoes Ultra Light,Apparel > Footwear > Shoes,view,1,2026-05-11 06:39:00
SES-12234,USR-211,PROD-114,Moisture-Wicking Sports Tee,Apparel > Clothing > Activewear,view,1,2026-05-21 07:28:00
SES-12239,USR-211,PROD-115,Water-Resistant Gym Duffel,Apparel > Accessories > Bags,view,1,2026-05-22 07:32:00
SES-12232,USR-211,PROD-115,Water-Resistant Gym Duffel,Apparel > Accessories > Bags,view,1,2026-06-20 23:48:00
SES-12245,USR-212,PROD-109,Premium Arabica Coffee Beans,Grocery > Beverages > Coffee,view,1,2026-01-07 08:51:00
SES-12258,USR-212,PROD-108,USB-C Multi-Port Hub,Computers > Accessories > Hubs,view,1,2026-01-24 11:10:00
SES-12253,USR-212,PROD-101,Wireless Noise-Canceling Headphones,Electronics > Audio > Headphones,add_to_cart,3,2026-02-05 21:37:00
SES-12259,USR-212,PROD-101,Wireless Noise-Canceling Headphones,Electronics > Audio > Headphones,add_to_cart,3,2026-02-17 11:00:00
SES-12245,USR-212,PROD-101,Wireless Noise-Canceling Headphones,Electronics > Audio > Headphones,purchase,5,2026-02-25 09:34:00
SES-12251,USR-212,PROD-103,Studio Wired Headphones,Electronics > Audio > Headphones,purchase,5,2026-03-06 18:02:00
SES-12249,USR-212,PROD-101,Wireless Noise-Canceling Headphones,Electronics > Audio > Headphones,view,1,2026-03-07 04:22:00
SES-12246,USR-212,PROD-107,Wireless Vertical Mouse,Computers > Accessories > Mice,view,1,2026-03-17 22:01:00
SES-12244,USR-212,PROD-103,Studio Wired Headphones,Electronics > Audio > Headphones,add_to_cart,3,2026-04-08 07:36:00
SES-12251,USR-212,PROD-101,Wireless Noise-Canceling Headphones,Electronics > Audio > Headphones,purchase,5,2026-04-14 20:18:00
SES-12244,USR-212,PROD-108,USB-C Multi-Port Hub,Computers > Accessories > Hubs,purchase,5,2026-05-04 00:40:00
SES-12256,USR-212,PROD-103,Studio Wired Headphones,Electronics > Audio > Headphones,view,1,2026-05-05 03:33:00
SES-12244,USR-212,PROD-102,Bluetooth Sports Earbuds,Electronics > Audio > Headphones,purchase,5,2026-06-07 23:26:00
SES-12259,USR-212,PROD-103,Studio Wired Headphones,Electronics > Audio > Headphones,purchase,5,2026-06-13 05:38:00
SES-12258,USR-212,PROD-101,Wireless Noise-Canceling Headphones,Electronics > Audio > Headphones,purchase,5,2026-06-15 20:11:00
SES-12258,USR-212,PROD-108,USB-C Multi-Port Hub,Computers > Accessories > Hubs,purchase,5,2026-06-22 13:18:00
SES-12272,USR-213,PROD-110,Electric Pour-Over Kettle,Grocery > Appliances > Coffee,view,1,2026-01-01 17:20:00
SES-12266,USR-213,PROD-112,Organic Green Tea Bags,Grocery > Beverages > Tea,purchase,5,2026-01-22 01:15:00
SES-12276,USR-213,PROD-109,Premium Arabica Coffee Beans,Grocery > Beverages > Coffee,purchase,5,2026-01-22 11:32:00
SES-12263,USR-213,PROD-102,Bluetooth Sports Earbuds,Electronics > Audio > Headphones,view,1,2026-02-01 20:07:00
SES-12263,USR-213,PROD-111,Stainless Steel Travel Mug,Grocery > Drinkware > Mugs,purchase,5,2026-02-17 03:29:00
SES-12263,USR-213,PROD-111,Stainless Steel Travel Mug,Grocery > Drinkware > Mugs,view,1,2026-02-17 14:42:00
SES-12266,USR-213,PROD-110,Electric Pour-Over Kettle,Grocery > Appliances > Coffee,view,1,2026-02-18 22:43:00
SES-12269,USR-213,PROD-110,Electric Pour-Over Kettle,Grocery > Appliances > Coffee,add_to_cart,3,2026-02-28 17:44:00
SES-12276,USR-213,PROD-111,Stainless Steel Travel Mug,Grocery > Drinkware > Mugs,view,1,2026-03-01 07:19:00
SES-12270,USR-213,PROD-109,Premium Arabica Coffee Beans,Grocery > Beverages > Coffee,purchase,5,2026-03-21 14:19:00
SES-12276,USR-213,PROD-112,Organic Green Tea Bags,Grocery > Beverages > Tea,view,1,2026-03-29 16:30:00
SES-12267,USR-213,PROD-109,Premium Arabica Coffee Beans,Grocery > Beverages > Coffee,view,1,2026-04-02 18:12:00
SES-12263,USR-213,PROD-111,Stainless Steel Travel Mug,Grocery > Drinkware > Mugs,purchase,5,2026-04-19 23:41:00
SES-12271,USR-213,PROD-110,Electric Pour-Over Kettle,Grocery > Appliances > Coffee,purchase,5,2026-04-20 16:36:00
SES-12272,USR-213,PROD-102,Bluetooth Sports Earbuds,Electronics > Audio > Headphones,view,1,2026-04-24 14:08:00
SES-12262,USR-213,PROD-112,Organic Green Tea Bags,Grocery > Beverages > Tea,purchase,5,2026-04-25 10:47:00
SES-12279,USR-213,PROD-111,Stainless Steel Travel Mug,Grocery > Drinkware > Mugs,view,1,2026-04-30 02:44:00
SES-12270,USR-213,PROD-109,Premium Arabica Coffee Beans,Grocery > Beverages > Coffee,view,1,2026-05-20 09:28:00
SES-12271,USR-213,PROD-112,Organic Green Tea Bags,Grocery > Beverages > Tea,view,1,2026-06-07 21:16:00
SES-12263,USR-213,PROD-109,Premium Arabica Coffee Beans,Grocery > Beverages > Coffee,add_to_cart,3,2026-06-08 16:49:00
SES-12270,USR-213,PROD-110,Electric Pour-Over Kettle,Grocery > Appliances > Coffee,purchase,5,2026-06-09 09:55:00
SES-12271,USR-213,PROD-108,USB-C Multi-Port Hub,Computers > Accessories > Hubs,view,1,2026-06-20 13:36:00
SES-12263,USR-213,PROD-109,Premium Arabica Coffee Beans,Grocery > Beverages > Coffee,purchase,5,2026-06-25 12:08:00
SES-12283,USR-214,PROD-107,Wireless Vertical Mouse,Computers > Accessories > Mice,purchase,5,2026-01-10 00:40:00
SES-12293,USR-214,PROD-108,USB-C Multi-Port Hub,Computers > Accessories > Hubs,view,1,2026-01-23 12:04:00
SES-12298,USR-214,PROD-105,OLED Gaming Monitor,Electronics > Video > Monitors,purchase,5,2026-02-02 18:21:00
SES-12288,USR-214,PROD-111,Stainless Steel Travel Mug,Grocery > Drinkware > Mugs,view,1,2026-02-08 02:29:00
SES-12281,USR-214,PROD-106,Ergonomic Mechanical Keyboard,Computers > Accessories > Keyboards,add_to_cart,3,2026-02-19 19:54:00
SES-12280,USR-214,PROD-107,Wireless Vertical Mouse,Computers > Accessories > Mice,purchase,5,2026-03-18 20:03:00
SES-12283,USR-214,PROD-107,Wireless Vertical Mouse,Computers > Accessories > Mice,view,1,2026-03-20 20:46:00
SES-12298,USR-214,PROD-107,Wireless Vertical Mouse,Computers > Accessories > Mice,add_to_cart,3,2026-03-30 05:34:00
SES-12295,USR-214,PROD-106,Ergonomic Mechanical Keyboard,Computers > Accessories > Keyboards,view,1,2026-04-04 21:47:00
SES-12282,USR-214,PROD-106,Ergonomic Mechanical Keyboard,Computers > Accessories > Keyboards,view,1,2026-04-12 05:26:00
SES-12288,USR-214,PROD-107,Wireless Vertical Mouse,Computers > Accessories > Mice,purchase,5,2026-04-23 09:25:00
SES-12283,USR-214,PROD-115,Water-Resistant Gym Duffel,Apparel > Accessories > Bags,view,1,2026-04-24 00:45:00
SES-12288,USR-214,PROD-108,USB-C Multi-Port Hub,Computers > Accessories > Hubs,purchase,5,2026-04-28 14:41:00
SES-12296,USR-214,PROD-108,USB-C Multi-Port Hub,Computers > Accessories > Hubs,view,1,2026-05-03 22:34:00
SES-12286,USR-214,PROD-107,Wireless Vertical Mouse,Computers > Accessories > Mice,view,1,2026-05-27 00:51:00
SES-12284,USR-214,PROD-107,Wireless Vertical Mouse,Computers > Accessories > Mice,purchase,5,2026-06-01 10:44:00
SES-12288,USR-214,PROD-107,Wireless Vertical Mouse,Computers > Accessories > Mice,purchase,5,2026-06-13 14:30:00
SES-12287,USR-214,PROD-106,Ergonomic Mechanical Keyboard,Computers > Accessories > Keyboards,view,1,2026-06-15 23:19:00
SES-12290,USR-214,PROD-106,Ergonomic Mechanical Keyboard,Computers > Accessories > Keyboards,purchase,5,2026-06-21 18:12:00
SES-12289,USR-214,PROD-104,4K Ultra HD Smart TV,Electronics > Video > Televisions,view,1,2026-06-27 08:18:00
SES-12305,USR-215,PROD-101,Wireless Noise-Canceling Headphones,Electronics > Audio > Headphones,view,1,2026-01-22 02:56:00
SES-12313,USR-215,PROD-103,Studio Wired Headphones,Electronics > Audio > Headphones,view,1,2026-02-01 08:25:00
SES-12309,USR-215,PROD-101,Wireless Noise-Canceling Headphones,Electronics > Audio > Headphones,purchase,5,2026-02-01 10:42:00
SES-12319,USR-215,PROD-108,USB-C Multi-Port Hub,Computers > Accessories > Hubs,view,1,2026-02-12 00:01:00
SES-12305,USR-215,PROD-103,Studio Wired Headphones,Electronics > Audio > Headphones,view,1,2026-02-12 18:52:00
SES-12313,USR-215,PROD-103,Studio Wired Headphones,Electronics > Audio > Headphones,view,1,2026-02-26 15:23:00
SES-12301,USR-215,PROD-101,Wireless Noise-Canceling Headphones,Electronics > Audio > Headphones,purchase,5,2026-03-02 19:36:00
SES-12313,USR-215,PROD-103,Studio Wired Headphones,Electronics > Audio > Headphones,view,1,2026-03-12 01:37:00
SES-12317,USR-215,PROD-103,Studio Wired Headphones,Electronics > Audio > Headphones,purchase,5,2026-04-15 17:09:00
SES-12319,USR-215,PROD-108,USB-C Multi-Port Hub,Computers > Accessories > Hubs,view,1,2026-04-23 04:01:00
SES-12313,USR-215,PROD-101,Wireless Noise-Canceling Headphones,Electronics > Audio > Headphones,add_to_cart,3,2026-05-21 07:39:00
SES-12313,USR-215,PROD-103,Studio Wired Headphones,Electronics > Audio > Headphones,add_to_cart,3,2026-05-26 23:53:00
SES-12313,USR-215,PROD-102,Bluetooth Sports Earbuds,Electronics > Audio > Headphones,view,1,2026-06-09 10:10:00
SES-12301,USR-215,PROD-102,Bluetooth Sports Earbuds,Electronics > Audio > Headphones,view,1,2026-06-10 04:57:00
SES-12310,USR-215,PROD-102,Bluetooth Sports Earbuds,Electronics > Audio > Headphones,view,1,2026-06-17 18:03:00
SES-12317,USR-215,PROD-108,USB-C Multi-Port Hub,Computers > Accessories > Hubs,purchase,5,2026-06-29 02:23:00
SES-12337,USR-216,PROD-110,Electric Pour-Over Kettle,Grocery > Appliances > Coffee,view,1,2026-01-06 23:59:00
SES-12328,USR-216,PROD-111,Stainless Steel Travel Mug,Grocery > Drinkware > Mugs,purchase,5,2026-01-11 13:01:00
SES-12335,USR-216,PROD-111,Stainless Steel Travel Mug,Grocery > Drinkware > Mugs,view,1,2026-01-13 00:02:00
SES-12323,USR-216,PROD-112,Organic Green Tea Bags,Grocery > Beverages > Tea,add_to_cart,3,2026-01-30 22:20:00
SES-12332,USR-216,PROD-110,Electric Pour-Over Kettle,Grocery > Appliances > Coffee,view,1,2026-01-31 03:01:00
SES-12328,USR-216,PROD-112,Organic Green Tea Bags,Grocery > Beverages > Tea,view,1,2026-02-05 02:57:00
SES-12326,USR-216,PROD-111,Stainless Steel Travel Mug,Grocery > Drinkware > Mugs,view,1,2026-02-14 12:29:00
SES-12323,USR-216,PROD-112,Organic Green Tea Bags,Grocery > Beverages > Tea,purchase,5,2026-02-27 17:35:00
SES-12320,USR-216,PROD-112,Organic Green Tea Bags,Grocery > Beverages > Tea,view,1,2026-03-02 12:24:00
SES-12326,USR-216,PROD-115,Water-Resistant Gym Duffel,Apparel > Accessories > Bags,view,1,2026-03-15 17:19:00
SES-12334,USR-216,PROD-110,Electric Pour-Over Kettle,Grocery > Appliances > Coffee,view,1,2026-04-03 07:38:00
SES-12326,USR-216,PROD-110,Electric Pour-Over Kettle,Grocery > Appliances > Coffee,purchase,5,2026-04-06 04:28:00
SES-12334,USR-216,PROD-111,Stainless Steel Travel Mug,Grocery > Drinkware > Mugs,view,1,2026-04-15 09:55:00
SES-12327,USR-216,PROD-109,Premium Arabica Coffee Beans,Grocery > Beverages > Coffee,view,1,2026-04-15 12:21:00
SES-12325,USR-216,PROD-110,Electric Pour-Over Kettle,Grocery > Appliances > Coffee,purchase,5,2026-05-04 06:35:00
SES-12338,USR-216,PROD-111,Stainless Steel Travel Mug,Grocery > Drinkware > Mugs,view,1,2026-05-06 10:26:00
SES-12326,USR-216,PROD-109,Premium Arabica Coffee Beans,Grocery > Beverages > Coffee,purchase,5,2026-05-20 14:11:00
SES-12334,USR-216,PROD-112,Organic Green Tea Bags,Grocery > Beverages > Tea,add_to_cart,3,2026-05-24 15:46:00
SES-12325,USR-216,PROD-109,Premium Arabica Coffee Beans,Grocery > Beverages > Coffee,purchase,5,2026-05-31 11:33:00
SES-12333,USR-216,PROD-105,OLED Gaming Monitor,Electronics > Video > Monitors,add_to_cart,3,2026-06-20 11:02:00
SES-12347,USR-217,PROD-105,OLED Gaming Monitor,Electronics > Video > Monitors,view,1,2026-01-01 08:09:00
SES-12343,USR-217,PROD-108,USB-C Multi-Port Hub,Computers > Accessories > Hubs,purchase,5,2026-01-08 02:20:00
SES-12358,USR-217,PROD-104,4K Ultra HD Smart TV,Electronics > Video > Televisions,view,1,2026-01-13 09:36:00
SES-12346,USR-217,PROD-106,Ergonomic Mechanical Keyboard,Computers > Accessories > Keyboards,purchase,5,2026-01-29 01:05:00
SES-12347,USR-217,PROD-108,USB-C Multi-Port Hub,Computers > Accessories > Hubs,purchase,5,2026-02-02 21:23:00
SES-12343,USR-217,PROD-106,Ergonomic Mechanical Keyboard,Computers > Accessories > Keyboards,purchase,5,2026-02-17 10:02:00
SES-12340,USR-217,PROD-107,Wireless Vertical Mouse,Computers > Accessories > Mice,add_to_cart,3,2026-02-21 05:52:00
SES-12343,USR-217,PROD-108,USB-C Multi-Port Hub,Computers > Accessories > Hubs,view,1,2026-02-24 17:16:00
SES-12350,USR-217,PROD-105,OLED Gaming Monitor,Electronics > Video > Monitors,view,1,2026-02-25 05:29:00
SES-12340,USR-217,PROD-104,4K Ultra HD Smart TV,Electronics > Video > Televisions,view,1,2026-03-09 12:04:00
SES-12345,USR-217,PROD-104,4K Ultra HD Smart TV,Electronics > Video > Televisions,add_to_cart,3,2026-03-10 19:27:00
SES-12357,USR-217,PROD-105,OLED Gaming Monitor,Electronics > Video > Monitors,add_to_cart,3,2026-03-19 05:36:00
SES-12343,USR-217,PROD-108,USB-C Multi-Port Hub,Computers > Accessories > Hubs,purchase,5,2026-04-06 19:04:00
SES-12340,USR-217,PROD-104,4K Ultra HD Smart TV,Electronics > Video > Televisions,add_to_cart,3,2026-04-08 19:49:00
SES-12358,USR-217,PROD-107,Wireless Vertical Mouse,Computers > Accessories > Mice,view,1,2026-04-18 09:06:00
SES-12342,USR-217,PROD-104,4K Ultra HD Smart TV,Electronics > Video > Televisions,view,1,2026-04-27 11:50:00
SES-12350,USR-217,PROD-105,OLED Gaming Monitor,Electronics > Video > Monitors,view,1,2026-05-05 23:47:00
SES-12343,USR-217,PROD-106,Ergonomic Mechanical Keyboard,Computers > Accessories > Keyboards,purchase,5,2026-05-19 03:09:00
SES-12342,USR-217,PROD-104,4K Ultra HD Smart TV,Electronics > Video > Televisions,purchase,5,2026-06-03 10:04:00
SES-12342,USR-217,PROD-105,OLED Gaming Monitor,Electronics > Video > Monitors,purchase,5,2026-06-05 19:23:00
SES-12349,USR-217,PROD-107,Wireless Vertical Mouse,Computers > Accessories > Mice,add_to_cart,3,2026-06-09 13:33:00
SES-12348,USR-217,PROD-105,OLED Gaming Monitor,Electronics > Video > Monitors,add_to_cart,3,2026-06-18 10:20:00
SES-12361,USR-218,PROD-106,Ergonomic Mechanical Keyboard,Computers > Accessories > Keyboards,view,1,2026-01-19 03:45:00
SES-12377,USR-218,PROD-108,USB-C Multi-Port Hub,Computers > Accessories > Hubs,purchase,5,2026-01-21 03:35:00
SES-12370,USR-218,PROD-104,4K Ultra HD Smart TV,Electronics > Video > Televisions,view,1,2026-02-07 01:54:00
SES-12361,USR-218,PROD-104,4K Ultra HD Smart TV,Electronics > Video > Televisions,view,1,2026-03-13 05:52:00
SES-12361,USR-218,PROD-107,Wireless Vertical Mouse,Computers > Accessories > Mice,view,1,2026-03-13 07:39:00
SES-12366,USR-218,PROD-106,Ergonomic Mechanical Keyboard,Computers > Accessories > Keyboards,purchase,5,2026-04-06 01:14:00
SES-12370,USR-218,PROD-104,4K Ultra HD Smart TV,Electronics > Video > Televisions,view,1,2026-04-13 03:47:00
SES-12366,USR-218,PROD-108,USB-C Multi-Port Hub,Computers > Accessories > Hubs,purchase,5,2026-04-13 21:20:00
SES-12367,USR-218,PROD-108,USB-C Multi-Port Hub,Computers > Accessories > Hubs,add_to_cart,3,2026-04-23 04:47:00
SES-12363,USR-218,PROD-105,OLED Gaming Monitor,Electronics > Video > Monitors,view,1,2026-04-29 22:47:00
SES-12364,USR-218,PROD-106,Ergonomic Mechanical Keyboard,Computers > Accessories > Keyboards,view,1,2026-05-02 00:20:00
SES-12363,USR-218,PROD-115,Water-Resistant Gym Duffel,Apparel > Accessories > Bags,add_to_cart,3,2026-05-10 12:23:00
SES-12361,USR-218,PROD-104,4K Ultra HD Smart TV,Electronics > Video > Televisions,purchase,5,2026-05-11 21:33:00
SES-12371,USR-218,PROD-103,Studio Wired Headphones,Electronics > Audio > Headphones,view,1,2026-05-14 09:56:00
SES-12373,USR-218,PROD-105,OLED Gaming Monitor,Electronics > Video > Monitors,purchase,5,2026-05-17 14:57:00
SES-12374,USR-218,PROD-104,4K Ultra HD Smart TV,Electronics > Video > Televisions,purchase,5,2026-05-27 22:14:00
SES-12363,USR-218,PROD-106,Ergonomic Mechanical Keyboard,Computers > Accessories > Keyboards,purchase,5,2026-05-28 03:14:00
SES-12361,USR-218,PROD-105,OLED Gaming Monitor,Electronics > Video > Monitors,view,1,2026-05-31 04:01:00
SES-12369,USR-218,PROD-106,Ergonomic Mechanical Keyboard,Computers > Accessories > Keyboards,purchase,5,2026-06-04 11:09:00
SES-12362,USR-218,PROD-104,4K Ultra HD Smart TV,Electronics > Video > Televisions,view,1,2026-06-26 11:21:00
SES-12388,USR-219,PROD-112,Organic Green Tea Bags,Grocery > Beverages > Tea,view,1,2026-01-04 00:06:00
SES-12392,USR-219,PROD-110,Electric Pour-Over Kettle,Grocery > Appliances > Coffee,view,1,2026-01-11 06:55:00
SES-12383,USR-219,PROD-111,Stainless Steel Travel Mug,Grocery > Drinkware > Mugs,purchase,5,2026-01-22 05:14:00
SES-12384,USR-219,PROD-111,Stainless Steel Travel Mug,Grocery > Drinkware > Mugs,view,1,2026-01-25 19:14:00
SES-12388,USR-219,PROD-108,USB-C Multi-Port Hub,Computers > Accessories > Hubs,view,1,2026-02-10 12:12:00
SES-12395,USR-219,PROD-111,Stainless Steel Travel Mug,Grocery > Drinkware > Mugs,view,1,2026-02-17 01:34:00
SES-12399,USR-219,PROD-111,Stainless Steel Travel Mug,Grocery > Drinkware > Mugs,purchase,5,2026-02-22 05:33:00
SES-12383,USR-219,PROD-109,Premium Arabica Coffee Beans,Grocery > Beverages > Coffee,add_to_cart,3,2026-03-16 20:09:00
SES-12390,USR-219,PROD-112,Organic Green Tea Bags,Grocery > Beverages > Tea,purchase,5,2026-04-05 10:40:00
SES-12389,USR-219,PROD-110,Electric Pour-Over Kettle,Grocery > Appliances > Coffee,add_to_cart,3,2026-04-08 12:20:00
SES-12395,USR-219,PROD-111,Stainless Steel Travel Mug,Grocery > Drinkware > Mugs,view,1,2026-04-11 17:15:00
SES-12382,USR-219,PROD-112,Organic Green Tea Bags,Grocery > Beverages > Tea,purchase,5,2026-05-04 00:15:00
SES-12389,USR-219,PROD-111,Stainless Steel Travel Mug,Grocery > Drinkware > Mugs,view,1,2026-05-12 16:58:00
SES-12382,USR-219,PROD-111,Stainless Steel Travel Mug,Grocery > Drinkware > Mugs,purchase,5,2026-05-18 00:23:00
SES-12399,USR-219,PROD-109,Premium Arabica Coffee Beans,Grocery > Beverages > Coffee,purchase,5,2026-05-23 12:28:00
SES-12383,USR-219,PROD-109,Premium Arabica Coffee Beans,Grocery > Beverages > Coffee,purchase,5,2026-06-03 14:25:00
SES-12387,USR-219,PROD-109,Premium Arabica Coffee Beans,Grocery > Beverages > Coffee,view,1,2026-06-19 22:49:00
SES-12398,USR-219,PROD-111,Stainless Steel Travel Mug,Grocery > Drinkware > Mugs,view,1,2026-06-28 22:46:00
SES-12395,USR-219,PROD-110,Electric Pour-Over Kettle,Grocery > Appliances > Coffee,add_to_cart,3,2026-06-30 09:50:00
SES-12405,USR-220,PROD-114,Moisture-Wicking Sports Tee,Apparel > Clothing > Activewear,view,1,2026-01-05 20:43:00
SES-12406,USR-220,PROD-105,OLED Gaming Monitor,Electronics > Video > Monitors,purchase,5,2026-01-19 16:04:00
SES-12403,USR-220,PROD-101,Wireless Noise-Canceling Headphones,Electronics > Audio > Headphones,view,1,2026-01-23 14:33:00
SES-12405,USR-220,PROD-108,USB-C Multi-Port Hub,Computers > Accessories > Hubs,purchase,5,2026-02-04 01:26:00
SES-12401,USR-220,PROD-108,USB-C Multi-Port Hub,Computers > Accessories > Hubs,purchase,5,2026-02-10 19:52:00
SES-12402,USR-220,PROD-106,Ergonomic Mechanical Keyboard,Computers > Accessories > Keyboards,add_to_cart,3,2026-02-15 17:59:00
SES-12406,USR-220,PROD-106,Ergonomic Mechanical Keyboard,Computers > Accessories > Keyboards,purchase,5,2026-02-19 09:32:00
SES-12402,USR-220,PROD-105,OLED Gaming Monitor,Electronics > Video > Monitors,purchase,5,2026-03-17 13:42:00
SES-12402,USR-220,PROD-106,Ergonomic Mechanical Keyboard,Computers > Accessories > Keyboards,add_to_cart,3,2026-04-10 06:18:00
SES-12410,USR-220,PROD-104,4K Ultra HD Smart TV,Electronics > Video > Televisions,purchase,5,2026-05-25 05:57:00
SES-12405,USR-220,PROD-107,Wireless Vertical Mouse,Computers > Accessories > Mice,purchase,5,2026-05-25 09:03:00
SES-12402,USR-220,PROD-107,Wireless Vertical Mouse,Computers > Accessories > Mice,view,1,2026-05-28 05:27:00
SES-12408,USR-220,PROD-107,Wireless Vertical Mouse,Computers > Accessories > Mice,add_to_cart,3,2026-06-02 04:05:00
SES-12404,USR-220,PROD-108,USB-C Multi-Port Hub,Computers > Accessories > Hubs,view,1,2026-06-03 17:20:00
SES-12412,USR-220,PROD-108,USB-C Multi-Port Hub,Computers > Accessories > Hubs,view,1,2026-06-06 08:41:00
SES-12406,USR-220,PROD-107,Wireless Vertical Mouse,Computers > Accessories > Mice,purchase,5,2026-06-21 12:50:00
SES-12413,USR-220,PROD-108,USB-C Multi-Port Hub,Computers > Accessories > Hubs,view,1,2026-06-24 05:46:00
SES-12435,USR-221,PROD-101,Wireless Noise-Canceling Headphones,Electronics > Audio > Headphones,add_to_cart,3,2026-01-02 03:15:00
SES-12425,USR-221,PROD-111,Stainless Steel Travel Mug,Grocery > Drinkware > Mugs,add_to_cart,3,2026-01-03 07:38:00
SES-12427,USR-221,PROD-102,Bluetooth Sports Earbuds,Electronics > Audio > Headphones,view,1,2026-01-04 09:12:00
SES-12432,USR-221,PROD-101,Wireless Noise-Canceling Headphones,Electronics > Audio > Headphones,purchase,5,2026-01-28 02:19:00
SES-12425,USR-221,PROD-102,Bluetooth Sports Earbuds,Electronics > Audio > Headphones,purchase,5,2026-02-07 04:18:00
SES-12424,USR-221,PROD-102,Bluetooth Sports Earbuds,Electronics > Audio > Headphones,view,1,2026-02-11 02:56:00
SES-12429,USR-221,PROD-108,USB-C Multi-Port Hub,Computers > Accessories > Hubs,view,1,2026-03-04 07:53:00
SES-12430,USR-221,PROD-108,USB-C Multi-Port Hub,Computers > Accessories > Hubs,view,1,2026-03-29 10:45:00
SES-12420,USR-221,PROD-108,USB-C Multi-Port Hub,Computers > Accessories > Hubs,view,1,2026-04-25 13:02:00
SES-12424,USR-221,PROD-103,Studio Wired Headphones,Electronics > Audio > Headphones,view,1,2026-05-03 14:22:00
SES-12421,USR-221,PROD-103,Studio Wired Headphones,Electronics > Audio > Headphones,view,1,2026-05-07 09:13:00
SES-12424,USR-221,PROD-102,Bluetooth Sports Earbuds,Electronics > Audio > Headphones,add_to_cart,3,2026-05-20 10:04:00
SES-12421,USR-221,PROD-101,Wireless Noise-Canceling Headphones,Electronics > Audio > Headphones,view,1,2026-06-06 05:13:00
SES-12434,USR-221,PROD-103,Studio Wired Headphones,Electronics > Audio > Headphones,view,1,2026-06-18 07:34:00
SES-12431,USR-221,PROD-103,Studio Wired Headphones,Electronics > Audio > Headphones,add_to_cart,3,2026-06-18 20:05:00
SES-12432,USR-221,PROD-103,Studio Wired Headphones,Electronics > Audio > Headphones,purchase,5,2026-06-26 06:11:00
SES-12449,USR-222,PROD-111,Stainless Steel Travel Mug,Grocery > Drinkware > Mugs,purchase,5,2026-01-04 07:13:00
SES-12454,USR-222,PROD-109,Premium Arabica Coffee Beans,Grocery > Beverages > Coffee,view,1,2026-01-22 19:03:00
SES-12450,USR-222,PROD-111,Stainless Steel Travel Mug,Grocery > Drinkware > Mugs,purchase,5,2026-01-24 05:44:00
SES-12448,USR-222,PROD-112,Organic Green Tea Bags,Grocery > Beverages > Tea,view,1,2026-02-23 07:23:00
SES-12444,USR-222,PROD-110,Electric Pour-Over Kettle,Grocery > Appliances > Coffee,purchase,5,2026-02-28 23:11:00
SES-12458,USR-222,PROD-109,Premium Arabica Coffee Beans,Grocery > Beverages > Coffee,add_to_cart,3,2026-03-07 14:52:00
SES-12452,USR-222,PROD-112,Organic Green Tea Bags,Grocery > Beverages > Tea,view,1,2026-04-06 22:04:00
SES-12453,USR-222,PROD-112,Organic Green Tea Bags,Grocery > Beverages > Tea,add_to_cart,3,2026-04-19 20:28:00
SES-12445,USR-222,PROD-112,Organic Green Tea Bags,Grocery > Beverages > Tea,view,1,2026-05-14 09:49:00
SES-12448,USR-222,PROD-112,Organic Green Tea Bags,Grocery > Beverages > Tea,add_to_cart,3,2026-05-28 16:12:00
SES-12448,USR-222,PROD-103,Studio Wired Headphones,Electronics > Audio > Headphones,view,1,2026-06-01 11:10:00
SES-12453,USR-222,PROD-110,Electric Pour-Over Kettle,Grocery > Appliances > Coffee,view,1,2026-06-04 16:55:00
SES-12452,USR-222,PROD-111,Stainless Steel Travel Mug,Grocery > Drinkware > Mugs,add_to_cart,3,2026-06-10 14:49:00
SES-12457,USR-222,PROD-110,Electric Pour-Over Kettle,Grocery > Appliances > Coffee,purchase,5,2026-06-14 02:09:00
SES-12440,USR-222,PROD-111,Stainless Steel Travel Mug,Grocery > Drinkware > Mugs,add_to_cart,3,2026-06-15 05:02:00
SES-12444,USR-222,PROD-109,Premium Arabica Coffee Beans,Grocery > Beverages > Coffee,purchase,5,2026-06-21 22:01:00
SES-12466,USR-223,PROD-115,Water-Resistant Gym Duffel,Apparel > Accessories > Bags,purchase,5,2026-01-16 06:12:00
SES-12478,USR-223,PROD-115,Water-Resistant Gym Duffel,Apparel > Accessories > Bags,purchase,5,2026-02-04 02:01:00
SES-12462,USR-223,PROD-115,Water-Resistant Gym Duffel,Apparel > Accessories > Bags,purchase,5,2026-02-28 22:25:00
SES-12462,USR-223,PROD-114,Moisture-Wicking Sports Tee,Apparel > Clothing > Activewear,view,1,2026-03-10 23:33:00
SES-12475,USR-223,PROD-114,Moisture-Wicking Sports Tee,Apparel > Clothing > Activewear,purchase,5,2026-03-15 23:20:00
SES-12466,USR-223,PROD-113,Running Shoes Ultra Light,Apparel > Footwear > Shoes,view,1,2026-03-23 10:28:00
SES-12471,USR-223,PROD-113,Running Shoes Ultra Light,Apparel > Footwear > Shoes,purchase,5,2026-04-05 03:55:00
SES-12477,USR-223,PROD-115,Water-Resistant Gym Duffel,Apparel > Accessories > Bags,view,1,2026-04-08 00:35:00
SES-12478,USR-223,PROD-114,Moisture-Wicking Sports Tee,Apparel > Clothing > Activewear,purchase,5,2026-04-20 05:08:00
SES-12462,USR-223,PROD-114,Moisture-Wicking Sports Tee,Apparel > Clothing > Activewear,view,1,2026-05-13 13:17:00
SES-12477,USR-223,PROD-110,Electric Pour-Over Kettle,Grocery > Appliances > Coffee,view,1,2026-05-14 08:41:00
SES-12472,USR-223,PROD-115,Water-Resistant Gym Duffel,Apparel > Accessories > Bags,view,1,2026-05-23 20:55:00
SES-12465,USR-223,PROD-115,Water-Resistant Gym Duffel,Apparel > Accessories > Bags,purchase,5,2026-06-01 11:50:00
SES-12472,USR-223,PROD-113,Running Shoes Ultra Light,Apparel > Footwear > Shoes,add_to_cart,3,2026-06-17 06:01:00
SES-12469,USR-223,PROD-113,Running Shoes Ultra Light,Apparel > Footwear > Shoes,purchase,5,2026-06-19 11:38:00
SES-12490,USR-224,PROD-102,Bluetooth Sports Earbuds,Electronics > Audio > Headphones,add_to_cart,3,2026-01-02 15:25:00
SES-12481,USR-224,PROD-102,Bluetooth Sports Earbuds,Electronics > Audio > Headphones,purchase,5,2026-01-02 17:42:00
SES-12493,USR-224,PROD-108,USB-C Multi-Port Hub,Computers > Accessories > Hubs,add_to_cart,3,2026-01-10 06:53:00
SES-12491,USR-224,PROD-106,Ergonomic Mechanical Keyboard,Computers > Accessories > Keyboards,purchase,5,2026-02-11 03:02:00
SES-12480,USR-224,PROD-102,Bluetooth Sports Earbuds,Electronics > Audio > Headphones,view,1,2026-02-13 06:33:00
SES-12481,USR-224,PROD-101,Wireless Noise-Canceling Headphones,Electronics > Audio > Headphones,purchase,5,2026-02-25 14:24:00
SES-12487,USR-224,PROD-113,Running Shoes Ultra Light,Apparel > Footwear > Shoes,add_to_cart,3,2026-03-22 19:35:00
SES-12488,USR-224,PROD-108,USB-C Multi-Port Hub,Computers > Accessories > Hubs,view,1,2026-05-12 03:53:00
SES-12484,USR-224,PROD-102,Bluetooth Sports Earbuds,Electronics > Audio > Headphones,purchase,5,2026-05-14 07:52:00
SES-12498,USR-224,PROD-101,Wireless Noise-Canceling Headphones,Electronics > Audio > Headphones,purchase,5,2026-06-30 13:12:00
SES-12513,USR-225,PROD-106,Ergonomic Mechanical Keyboard,Computers > Accessories > Keyboards,add_to_cart,3,2026-01-04 00:23:00
SES-12503,USR-225,PROD-108,USB-C Multi-Port Hub,Computers > Accessories > Hubs,view,1,2026-01-05 19:21:00
SES-12517,USR-225,PROD-103,Studio Wired Headphones,Electronics > Audio > Headphones,view,1,2026-01-09 14:41:00
SES-12513,USR-225,PROD-103,Studio Wired Headphones,Electronics > Audio > Headphones,purchase,5,2026-01-11 18:28:00
SES-12507,USR-225,PROD-108,USB-C Multi-Port Hub,Computers > Accessories > Hubs,view,1,2026-01-11 20:45:00
SES-12508,USR-225,PROD-101,Wireless Noise-Canceling Headphones,Electronics > Audio > Headphones,purchase,5,2026-01-27 23:31:00
SES-12512,USR-225,PROD-103,Studio Wired Headphones,Electronics > Audio > Headphones,view,1,2026-01-29 19:25:00
SES-12513,USR-225,PROD-108,USB-C Multi-Port Hub,Computers > Accessories > Hubs,view,1,2026-01-31 04:46:00
SES-12506,USR-225,PROD-101,Wireless Noise-Canceling Headphones,Electronics > Audio > Headphones,purchase,5,2026-01-31 06:10:00
SES-12507,USR-225,PROD-103,Studio Wired Headphones,Electronics > Audio > Headphones,view,1,2026-02-11 14:48:00
SES-12515,USR-225,PROD-108,USB-C Multi-Port Hub,Computers > Accessories > Hubs,view,1,2026-02-23 19:00:00
SES-12508,USR-225,PROD-103,Studio Wired Headphones,Electronics > Audio > Headphones,view,1,2026-03-01 17:44:00
SES-12506,USR-225,PROD-108,USB-C Multi-Port Hub,Computers > Accessories > Hubs,add_to_cart,3,2026-03-03 18:54:00
SES-12510,USR-225,PROD-102,Bluetooth Sports Earbuds,Electronics > Audio > Headphones,purchase,5,2026-03-20 13:27:00
SES-12505,USR-225,PROD-103,Studio Wired Headphones,Electronics > Audio > Headphones,view,1,2026-03-21 23:20:00
SES-12508,USR-225,PROD-102,Bluetooth Sports Earbuds,Electronics > Audio > Headphones,purchase,5,2026-03-25 08:59:00
SES-12517,USR-225,PROD-103,Studio Wired Headphones,Electronics > Audio > Headphones,purchase,5,2026-03-27 14:15:00
SES-12502,USR-225,PROD-102,Bluetooth Sports Earbuds,Electronics > Audio > Headphones,view,1,2026-03-31 02:07:00
SES-12515,USR-225,PROD-103,Studio Wired Headphones,Electronics > Audio > Headphones,purchase,5,2026-04-06 20:55:00
SES-12508,USR-225,PROD-108,USB-C Multi-Port Hub,Computers > Accessories > Hubs,purchase,5,2026-04-19 19:14:00
SES-12508,USR-225,PROD-103,Studio Wired Headphones,Electronics > Audio > Headphones,purchase,5,2026-05-23 00:27:00
SES-12512,USR-225,PROD-103,Studio Wired Headphones,Electronics > Audio > Headphones,view,1,2026-05-28 04:22:00
SES-12513,USR-225,PROD-108,USB-C Multi-Port Hub,Computers > Accessories > Hubs,purchase,5,2026-06-29 02:34:00
SES-12501,USR-225,PROD-102,Bluetooth Sports Earbuds,Electronics > Audio > Headphones,add_to_cart,3,2026-06-29 10:27:00
SES-12529,USR-226,PROD-110,Electric Pour-Over Kettle,Grocery > Appliances > Coffee,purchase,5,2026-01-01 04:02:00
SES-12536,USR-226,PROD-110,Electric Pour-Over Kettle,Grocery > Appliances > Coffee,view,1,2026-01-09 20:27:00
SES-12521,USR-226,PROD-109,Premium Arabica Coffee Beans,Grocery > Beverages > Coffee,add_to_cart,3,2026-01-29 07:29:00
SES-12524,USR-226,PROD-110,Electric Pour-Over Kettle,Grocery > Appliances > Coffee,view,1,2026-02-03 04:52:00
SES-12530,USR-226,PROD-111,Stainless Steel Travel Mug,Grocery > Drinkware > Mugs,view,1,2026-02-03 19:19:00
SES-12533,USR-226,PROD-111,Stainless Steel Travel Mug,Grocery > Drinkware > Mugs,purchase,5,2026-02-03 23:37:00
SES-12533,USR-226,PROD-110,Electric Pour-Over Kettle,Grocery > Appliances > Coffee,purchase,5,2026-02-26 23:21:00
SES-12532,USR-226,PROD-112,Organic Green Tea Bags,Grocery > Beverages > Tea,view,1,2026-02-27 07:01:00
SES-12533,USR-226,PROD-110,Electric Pour-Over Kettle,Grocery > Appliances > Coffee,view,1,2026-03-18 16:31:00
SES-12532,USR-226,PROD-111,Stainless Steel Travel Mug,Grocery > Drinkware > Mugs,add_to_cart,3,2026-03-23 23:46:00
SES-12539,USR-226,PROD-112,Organic Green Tea Bags,Grocery > Beverages > Tea,add_to_cart,3,2026-03-27 04:43:00
SES-12530,USR-226,PROD-112,Organic Green Tea Bags,Grocery > Beverages > Tea,add_to_cart,3,2026-04-06 16:00:00
SES-12520,USR-226,PROD-111,Stainless Steel Travel Mug,Grocery > Drinkware > Mugs,purchase,5,2026-04-14 00:23:00
SES-12523,USR-226,PROD-109,Premium Arabica Coffee Beans,Grocery > Beverages > Coffee,add_to_cart,3,2026-04-25 20:13:00
SES-12529,USR-226,PROD-112,Organic Green Tea Bags,Grocery > Beverages > Tea,add_to_cart,3,2026-05-08 12:40:00
SES-12526,USR-226,PROD-109,Premium Arabica Coffee Beans,Grocery > Beverages > Coffee,view,1,2026-05-15 16:18:00
SES-12533,USR-226,PROD-111,Stainless Steel Travel Mug,Grocery > Drinkware > Mugs,purchase,5,2026-06-02 19:01:00
SES-12533,USR-226,PROD-110,Electric Pour-Over Kettle,Grocery > Appliances > Coffee,view,1,2026-06-22 07:40:00
SES-12523,USR-226,PROD-111,Stainless Steel Travel Mug,Grocery > Drinkware > Mugs,view,1,2026-06-23 08:31:00
SES-12552,USR-227,PROD-110,Electric Pour-Over Kettle,Grocery > Appliances > Coffee,view,1,2026-01-10 08:07:00
SES-12559,USR-227,PROD-112,Organic Green Tea Bags,Grocery > Beverages > Tea,view,1,2026-01-17 19:10:00
SES-12551,USR-227,PROD-112,Organic Green Tea Bags,Grocery > Beverages > Tea,view,1,2026-01-23 06:36:00
SES-12550,USR-227,PROD-112,Organic Green Tea Bags,Grocery > Beverages > Tea,view,1,2026-02-18 07:47:00
SES-12557,USR-227,PROD-111,Stainless Steel Travel Mug,Grocery > Drinkware > Mugs,view,1,2026-02-18 16:36:00
SES-12547,USR-227,PROD-110,Electric Pour-Over Kettle,Grocery > Appliances > Coffee,purchase,5,2026-02-22 07:49:00
SES-12540,USR-227,PROD-109,Premium Arabica Coffee Beans,Grocery > Beverages > Coffee,add_to_cart,3,2026-02-28 15:51:00
SES-12555,USR-227,PROD-111,Stainless Steel Travel Mug,Grocery > Drinkware > Mugs,purchase,5,2026-03-08 04:50:00
SES-12551,USR-227,PROD-111,Stainless Steel Travel Mug,Grocery > Drinkware > Mugs,view,1,2026-04-07 21:49:00
SES-12554,USR-227,PROD-110,Electric Pour-Over Kettle,Grocery > Appliances > Coffee,purchase,5,2026-04-21 06:06:00
SES-12557,USR-227,PROD-111,Stainless Steel Travel Mug,Grocery > Drinkware > Mugs,add_to_cart,3,2026-04-26 07:38:00
SES-12552,USR-227,PROD-111,Stainless Steel Travel Mug,Grocery > Drinkware > Mugs,view,1,2026-05-09 13:53:00
SES-12544,USR-227,PROD-109,Premium Arabica Coffee Beans,Grocery > Beverages > Coffee,view,1,2026-05-14 05:34:00
SES-12540,USR-227,PROD-109,Premium Arabica Coffee Beans,Grocery > Beverages > Coffee,view,1,2026-05-26 07:51:00
SES-12555,USR-227,PROD-109,Premium Arabica Coffee Beans,Grocery > Beverages > Coffee,purchase,5,2026-06-05 09:21:00
SES-12541,USR-227,PROD-111,Stainless Steel Travel Mug,Grocery > Drinkware > Mugs,view,1,2026-06-15 05:15:00
SES-12554,USR-227,PROD-111,Stainless Steel Travel Mug,Grocery > Drinkware > Mugs,purchase,5,2026-06-16 15:07:00
SES-12544,USR-227,PROD-111,Stainless Steel Travel Mug,Grocery > Drinkware > Mugs,purchase,5,2026-06-18 00:32:00
SES-12544,USR-227,PROD-109,Premium Arabica Coffee Beans,Grocery > Beverages > Coffee,purchase,5,2026-06-20 21:07:00
SES-12548,USR-227,PROD-111,Stainless Steel Travel Mug,Grocery > Drinkware > Mugs,view,1,2026-06-25 21:55:00
SES-12568,USR-228,PROD-110,Electric Pour-Over Kettle,Grocery > Appliances > Coffee,view,1,2026-01-03 05:38:00
SES-12579,USR-228,PROD-106,Ergonomic Mechanical Keyboard,Computers > Accessories > Keyboards,purchase,5,2026-01-12 03:16:00
SES-12575,USR-228,PROD-108,USB-C Multi-Port Hub,Computers > Accessories > Hubs,add_to_cart,3,2026-02-25 19:38:00
SES-12576,USR-228,PROD-107,Wireless Vertical Mouse,Computers > Accessories > Mice,purchase,5,2026-02-28 10:25:00
SES-12561,USR-228,PROD-106,Ergonomic Mechanical Keyboard,Computers > Accessories > Keyboards,view,1,2026-03-01 02:35:00
SES-12570,USR-228,PROD-115,Water-Resistant Gym Duffel,Apparel > Accessories > Bags,view,1,2026-03-08 05:19:00
SES-12579,USR-228,PROD-108,USB-C Multi-Port Hub,Computers > Accessories > Hubs,view,1,2026-03-13 00:10:00
SES-12574,USR-228,PROD-108,USB-C Multi-Port Hub,Computers > Accessories > Hubs,add_to_cart,3,2026-03-13 23:11:00
SES-12577,USR-228,PROD-106,Ergonomic Mechanical Keyboard,Computers > Accessories > Keyboards,purchase,5,2026-03-15 15:30:00
SES-12566,USR-228,PROD-104,4K Ultra HD Smart TV,Electronics > Video > Televisions,purchase,5,2026-03-27 00:52:00
SES-12579,USR-228,PROD-108,USB-C Multi-Port Hub,Computers > Accessories > Hubs,purchase,5,2026-03-30 06:39:00
SES-12574,USR-228,PROD-112,Organic Green Tea Bags,Grocery > Beverages > Tea,add_to_cart,3,2026-04-09 01:42:00
SES-12571,USR-228,PROD-108,USB-C Multi-Port Hub,Computers > Accessories > Hubs,view,1,2026-04-10 16:46:00
SES-12561,USR-228,PROD-105,OLED Gaming Monitor,Electronics > Video > Monitors,add_to_cart,3,2026-04-11 15:12:00
SES-12576,USR-228,PROD-110,Electric Pour-Over Kettle,Grocery > Appliances > Coffee,view,1,2026-04-11 23:28:00
SES-12563,USR-228,PROD-106,Ergonomic Mechanical Keyboard,Computers > Accessories > Keyboards,purchase,5,2026-04-23 03:24:00
SES-12576,USR-228,PROD-104,4K Ultra HD Smart TV,Electronics > Video > Televisions,purchase,5,2026-05-18 19:37:00
SES-12576,USR-228,PROD-106,Ergonomic Mechanical Keyboard,Computers > Accessories > Keyboards,view,1,2026-05-19 05:51:00
SES-12576,USR-228,PROD-104,4K Ultra HD Smart TV,Electronics > Video > Televisions,view,1,2026-05-21 16:02:00
SES-12568,USR-228,PROD-107,Wireless Vertical Mouse,Computers > Accessories > Mice,view,1,2026-05-22 07:28:00
SES-12575,USR-228,PROD-106,Ergonomic Mechanical Keyboard,Computers > Accessories > Keyboards,purchase,5,2026-06-03 06:22:00
SES-12571,USR-228,PROD-104,4K Ultra HD Smart TV,Electronics > Video > Televisions,purchase,5,2026-06-18 05:30:00
SES-12567,USR-228,PROD-108,USB-C Multi-Port Hub,Computers > Accessories > Hubs,view,1,2026-06-21 05:31:00
SES-12575,USR-228,PROD-104,4K Ultra HD Smart TV,Electronics > Video > Televisions,add_to_cart,3,2026-06-23 18:11:00
SES-12571,USR-228,PROD-107,Wireless Vertical Mouse,Computers > Accessories > Mice,purchase,5,2026-06-29 23:01:00
SES-12566,USR-228,PROD-109,Premium Arabica Coffee Beans,Grocery > Beverages > Coffee,view,1,2026-06-30 17:55:00
SES-12593,USR-229,PROD-108,USB-C Multi-Port Hub,Computers > Accessories > Hubs,view,1,2026-01-06 05:18:00
SES-12592,USR-229,PROD-108,USB-C Multi-Port Hub,Computers > Accessories > Hubs,purchase,5,2026-01-21 15:40:00
SES-12599,USR-229,PROD-101,Wireless Noise-Canceling Headphones,Electronics > Audio > Headphones,add_to_cart,3,2026-01-27 13:45:00
SES-12599,USR-229,PROD-103,Studio Wired Headphones,Electronics > Audio > Headphones,add_to_cart,3,2026-01-31 04:23:00
SES-12592,USR-229,PROD-101,Wireless Noise-Canceling Headphones,Electronics > Audio > Headphones,purchase,5,2026-02-03 20:46:00
SES-12591,USR-229,PROD-108,USB-C Multi-Port Hub,Computers > Accessories > Hubs,view,1,2026-02-09 19:32:00
SES-12588,USR-229,PROD-108,USB-C Multi-Port Hub,Computers > Accessories > Hubs,purchase,5,2026-02-10 11:00:00
SES-12596,USR-229,PROD-112,Organic Green Tea Bags,Grocery > Beverages > Tea,view,1,2026-02-23 04:06:00
SES-12593,USR-229,PROD-103,Studio Wired Headphones,Electronics > Audio > Headphones,view,1,2026-03-06 07:04:00
SES-12597,USR-229,PROD-108,USB-C Multi-Port Hub,Computers > Accessories > Hubs,view,1,2026-03-18 05:43:00
SES-12592,USR-229,PROD-101,Wireless Noise-Canceling Headphones,Electronics > Audio > Headphones,purchase,5,2026-04-10 04:40:00
SES-12589,USR-229,PROD-103,Studio Wired Headphones,Electronics > Audio > Headphones,purchase,5,2026-04-17 22:58:00
SES-12592,USR-229,PROD-102,Bluetooth Sports Earbuds,Electronics > Audio > Headphones,purchase,5,2026-04-25 13:14:00
SES-12590,USR-229,PROD-106,Ergonomic Mechanical Keyboard,Computers > Accessories > Keyboards,add_to_cart,3,2026-04-26 09:19:00
SES-12584,USR-229,PROD-107,Wireless Vertical Mouse,Computers > Accessories > Mice,view,1,2026-05-01 05:19:00
SES-12591,USR-229,PROD-101,Wireless Noise-Canceling Headphones,Electronics > Audio > Headphones,view,1,2026-05-10 12:05:00
SES-12589,USR-229,PROD-103,Studio Wired Headphones,Electronics > Audio > Headphones,purchase,5,2026-05-13 10:55:00
SES-12586,USR-229,PROD-102,Bluetooth Sports Earbuds,Electronics > Audio > Headphones,add_to_cart,3,2026-05-24 11:54:00
SES-12589,USR-229,PROD-101,Wireless Noise-Canceling Headphones,Electronics > Audio > Headphones,purchase,5,2026-06-22 12:48:00
SES-12582,USR-229,PROD-101,Wireless Noise-Canceling Headphones,Electronics > Audio > Headphones,add_to_cart,3,2026-06-22 15:45:00
SES-12606,USR-230,PROD-104,4K Ultra HD Smart TV,Electronics > Video > Televisions,view,1,2026-02-17 07:33:00
SES-12607,USR-230,PROD-108,USB-C Multi-Port Hub,Computers > Accessories > Hubs,view,1,2026-02-26 11:45:00
SES-12606,USR-230,PROD-107,Wireless Vertical Mouse,Computers > Accessories > Mice,purchase,5,2026-03-20 20:22:00
SES-12603,USR-230,PROD-106,Ergonomic Mechanical Keyboard,Computers > Accessories > Keyboards,purchase,5,2026-04-07 05:22:00
SES-12603,USR-230,PROD-107,Wireless Vertical Mouse,Computers > Accessories > Mice,purchase,5,2026-04-12 12:36:00
SES-12611,USR-230,PROD-104,4K Ultra HD Smart TV,Electronics > Video > Televisions,view,1,2026-04-22 18:32:00
SES-12603,USR-230,PROD-105,OLED Gaming Monitor,Electronics > Video > Monitors,view,1,2026-05-01 23:18:00
SES-12602,USR-230,PROD-104,4K Ultra HD Smart TV,Electronics > Video > Televisions,purchase,5,2026-05-07 21:09:00
SES-12612,USR-230,PROD-113,Running Shoes Ultra Light,Apparel > Footwear > Shoes,view,1,2026-05-21 07:10:00
SES-12614,USR-230,PROD-104,4K Ultra HD Smart TV,Electronics > Video > Televisions,view,1,2026-05-24 11:32:00
SES-12614,USR-230,PROD-104,4K Ultra HD Smart TV,Electronics > Video > Televisions,add_to_cart,3,2026-05-26 08:38:00
SES-12605,USR-230,PROD-106,Ergonomic Mechanical Keyboard,Computers > Accessories > Keyboards,add_to_cart,3,2026-06-02 04:52:00
SES-12617,USR-230,PROD-106,Ergonomic Mechanical Keyboard,Computers > Accessories > Keyboards,purchase,5,2026-06-02 21:32:00
SES-12611,USR-230,PROD-106,Ergonomic Mechanical Keyboard,Computers > Accessories > Keyboards,add_to_cart,3,2026-06-15 05:02:00
SES-12615,USR-230,PROD-103,Studio Wired Headphones,Electronics > Audio > Headphones,view,1,2026-06-25 23:06:00
SES-12629,USR-231,PROD-108,USB-C Multi-Port Hub,Computers > Accessories > Hubs,purchase,5,2026-01-12 05:23:00
SES-12629,USR-231,PROD-107,Wireless Vertical Mouse,Computers > Accessories > Mice,purchase,5,2026-01-17 12:25:00
SES-12634,USR-231,PROD-102,Bluetooth Sports Earbuds,Electronics > Audio > Headphones,add_to_cart,3,2026-01-22 13:29:00
SES-12631,USR-231,PROD-111,Stainless Steel Travel Mug,Grocery > Drinkware > Mugs,purchase,5,2026-01-29 13:04:00
SES-12637,USR-231,PROD-103,Studio Wired Headphones,Electronics > Audio > Headphones,add_to_cart,3,2026-02-02 04:23:00
SES-12630,USR-231,PROD-102,Bluetooth Sports Earbuds,Electronics > Audio > Headphones,purchase,5,2026-02-15 06:55:00
SES-12626,USR-231,PROD-115,Water-Resistant Gym Duffel,Apparel > Accessories > Bags,view,1,2026-02-20 23:27:00
SES-12634,USR-231,PROD-103,Studio Wired Headphones,Electronics > Audio > Headphones,purchase,5,2026-03-25 19:51:00
SES-12630,USR-231,PROD-103,Studio Wired Headphones,Electronics > Audio > Headphones,purchase,5,2026-04-10 01:09:00
SES-12625,USR-231,PROD-102,Bluetooth Sports Earbuds,Electronics > Audio > Headphones,view,1,2026-04-10 03:38:00
SES-12639,USR-231,PROD-108,USB-C Multi-Port Hub,Computers > Accessories > Hubs,view,1,2026-04-10 06:34:00
SES-12634,USR-231,PROD-101,Wireless Noise-Canceling Headphones,Electronics > Audio > Headphones,purchase,5,2026-05-05 01:57:00
SES-12631,USR-231,PROD-113,Running Shoes Ultra Light,Apparel > Footwear > Shoes,view,1,2026-05-19 04:58:00
SES-12631,USR-231,PROD-108,USB-C Multi-Port Hub,Computers > Accessories > Hubs,view,1,2026-05-24 11:31:00
SES-12620,USR-231,PROD-102,Bluetooth Sports Earbuds,Electronics > Audio > Headphones,view,1,2026-06-05 23:08:00
SES-12624,USR-231,PROD-101,Wireless Noise-Canceling Headphones,Electronics > Audio > Headphones,purchase,5,2026-06-22 21:40:00
SES-12628,USR-231,PROD-108,USB-C Multi-Port Hub,Computers > Accessories > Hubs,add_to_cart,3,2026-06-27 00:43:00
SES-12641,USR-232,PROD-103,Studio Wired Headphones,Electronics > Audio > Headphones,purchase,5,2026-01-03 21:21:00
SES-12647,USR-232,PROD-101,Wireless Noise-Canceling Headphones,Electronics > Audio > Headphones,view,1,2026-01-28 00:51:00
SES-12653,USR-232,PROD-103,Studio Wired Headphones,Electronics > Audio > Headphones,view,1,2026-01-29 04:24:00
SES-12650,USR-232,PROD-102,Bluetooth Sports Earbuds,Electronics > Audio > Headphones,view,1,2026-02-06 03:32:00
SES-12643,USR-232,PROD-103,Studio Wired Headphones,Electronics > Audio > Headphones,view,1,2026-02-12 04:02:00
SES-12650,USR-232,PROD-103,Studio Wired Headphones,Electronics > Audio > Headphones,purchase,5,2026-02-20 02:59:00
SES-12650,USR-232,PROD-102,Bluetooth Sports Earbuds,Electronics > Audio > Headphones,add_to_cart,3,2026-03-02 23:12:00
SES-12651,USR-232,PROD-108,USB-C Multi-Port Hub,Computers > Accessories > Hubs,view,1,2026-03-28 13:51:00
SES-12647,USR-232,PROD-103,Studio Wired Headphones,Electronics > Audio > Headphones,view,1,2026-04-13 22:59:00
SES-12654,USR-232,PROD-103,Studio Wired Headphones,Electronics > Audio > Headphones,view,1,2026-04-19 14:03:00
SES-12659,USR-232,PROD-108,USB-C Multi-Port Hub,Computers > Accessories > Hubs,purchase,5,2026-04-26 06:08:00
SES-12640,USR-232,PROD-102,Bluetooth Sports Earbuds,Electronics > Audio > Headphones,purchase,5,2026-04-28 16:08:00
SES-12646,USR-232,PROD-102,Bluetooth Sports Earbuds,Electronics > Audio > Headphones,purchase,5,2026-05-07 22:31:00
SES-12648,USR-232,PROD-101,Wireless Noise-Canceling Headphones,Electronics > Audio > Headphones,view,1,2026-05-13 21:28:00
SES-12649,USR-232,PROD-103,Studio Wired Headphones,Electronics > Audio > Headphones,add_to_cart,3,2026-05-17 09:10:00
SES-12657,USR-232,PROD-108,USB-C Multi-Port Hub,Computers > Accessories > Hubs,view,1,2026-06-06 10:56:00
SES-12648,USR-232,PROD-101,Wireless Noise-Canceling Headphones,Electronics > Audio > Headphones,add_to_cart,3,2026-06-30 15:13:00
SES-12665,USR-233,PROD-113,Running Shoes Ultra Light,Apparel > Footwear > Shoes,add_to_cart,3,2026-01-10 20:21:00
SES-12664,USR-233,PROD-114,Moisture-Wicking Sports Tee,Apparel > Clothing > Activewear,view,1,2026-01-15 06:49:00
SES-12666,USR-233,PROD-109,Premium Arabica Coffee Beans,Grocery > Beverages > Coffee,view,1,2026-01-18 22:40:00
SES-12668,USR-233,PROD-115,Water-Resistant Gym Duffel,Apparel > Accessories > Bags,view,1,2026-01-20 21:12:00
SES-12676,USR-233,PROD-115,Water-Resistant Gym Duffel,Apparel > Accessories > Bags,view,1,2026-01-24 08:07:00
SES-12676,USR-233,PROD-114,Moisture-Wicking Sports Tee,Apparel > Clothing > Activewear,purchase,5,2026-01-31 22:28:00
SES-12662,USR-233,PROD-113,Running Shoes Ultra Light,Apparel > Footwear > Shoes,purchase,5,2026-02-05 11:10:00
SES-12678,USR-233,PROD-114,Moisture-Wicking Sports Tee,Apparel > Clothing > Activewear,add_to_cart,3,2026-02-06 09:54:00
SES-12660,USR-233,PROD-114,Moisture-Wicking Sports Tee,Apparel > Clothing > Activewear,purchase,5,2026-02-07 19:45:00
SES-12673,USR-233,PROD-115,Water-Resistant Gym Duffel,Apparel > Accessories > Bags,add_to_cart,3,2026-02-16 23:16:00
SES-12679,USR-233,PROD-106,Ergonomic Mechanical Keyboard,Computers > Accessories > Keyboards,view,1,2026-02-23 23:28:00
SES-12671,USR-233,PROD-115,Water-Resistant Gym Duffel,Apparel > Accessories > Bags,view,1,2026-03-06 16:06:00
SES-12671,USR-233,PROD-114,Moisture-Wicking Sports Tee,Apparel > Clothing > Activewear,purchase,5,2026-03-26 20:54:00
SES-12675,USR-233,PROD-115,Water-Resistant Gym Duffel,Apparel > Accessories > Bags,add_to_cart,3,2026-04-01 03:01:00
SES-12665,USR-233,PROD-114,Moisture-Wicking Sports Tee,Apparel > Clothing > Activewear,add_to_cart,3,2026-04-10 09:27:00
SES-12671,USR-233,PROD-115,Water-Resistant Gym Duffel,Apparel > Accessories > Bags,purchase,5,2026-04-16 00:34:00
SES-12663,USR-233,PROD-115,Water-Resistant Gym Duffel,Apparel > Accessories > Bags,view,1,2026-04-27 19:20:00
SES-12663,USR-233,PROD-113,Running Shoes Ultra Light,Apparel > Footwear > Shoes,view,1,2026-05-10 15:08:00
SES-12677,USR-233,PROD-115,Water-Resistant Gym Duffel,Apparel > Accessories > Bags,view,1,2026-05-29 07:57:00
SES-12660,USR-233,PROD-113,Running Shoes Ultra Light,Apparel > Footwear > Shoes,purchase,5,2026-06-04 02:54:00
SES-12697,USR-234,PROD-101,Wireless Noise-Canceling Headphones,Electronics > Audio > Headphones,add_to_cart,3,2026-01-10 09:35:00
SES-12687,USR-234,PROD-103,Studio Wired Headphones,Electronics > Audio > Headphones,purchase,5,2026-01-28 09:27:00
SES-12696,USR-234,PROD-102,Bluetooth Sports Earbuds,Electronics > Audio > Headphones,view,1,2026-02-19 03:50:00
SES-12691,USR-234,PROD-101,Wireless Noise-Canceling Headphones,Electronics > Audio > Headphones,add_to_cart,3,2026-02-21 03:09:00
SES-12694,USR-234,PROD-103,Studio Wired Headphones,Electronics > Audio > Headphones,purchase,5,2026-05-04 20:11:00
SES-12680,USR-234,PROD-103,Studio Wired Headphones,Electronics > Audio > Headphones,purchase,5,2026-05-12 07:35:00
SES-12686,USR-234,PROD-103,Studio Wired Headphones,Electronics > Audio > Headphones,view,1,2026-05-18 15:12:00
SES-12680,USR-234,PROD-101,Wireless Noise-Canceling Headphones,Electronics > Audio > Headphones,purchase,5,2026-05-18 16:34:00
SES-12694,USR-234,PROD-101,Wireless Noise-Canceling Headphones,Electronics > Audio > Headphones,purchase,5,2026-05-20 05:09:00
SES-12689,USR-234,PROD-102,Bluetooth Sports Earbuds,Electronics > Audio > Headphones,add_to_cart,3,2026-06-03 05:42:00
SES-12684,USR-234,PROD-101,Wireless Noise-Canceling Headphones,Electronics > Audio > Headphones,view,1,2026-06-17 05:16:00
SES-12687,USR-234,PROD-108,USB-C Multi-Port Hub,Computers > Accessories > Hubs,purchase,5,2026-06-28 21:52:00
SES-12716,USR-235,PROD-106,Ergonomic Mechanical Keyboard,Computers > Accessories > Keyboards,purchase,5,2026-01-04 01:27:00
SES-12713,USR-235,PROD-106,Ergonomic Mechanical Keyboard,Computers > Accessories > Keyboards,purchase,5,2026-01-12 11:57:00
SES-12704,USR-235,PROD-106,Ergonomic Mechanical Keyboard,Computers > Accessories > Keyboards,purchase,5,2026-01-25 03:55:00
SES-12716,USR-235,PROD-108,USB-C Multi-Port Hub,Computers > Accessories > Hubs,purchase,5,2026-01-28 22:17:00
SES-12714,USR-235,PROD-108,USB-C Multi-Port Hub,Computers > Accessories > Hubs,view,1,2026-02-03 10:27:00
SES-12714,USR-235,PROD-106,Ergonomic Mechanical Keyboard,Computers > Accessories > Keyboards,add_to_cart,3,2026-02-06 08:17:00
SES-12710,USR-235,PROD-104,4K Ultra HD Smart TV,Electronics > Video > Televisions,view,1,2026-02-10 23:21:00
SES-12707,USR-235,PROD-111,Stainless Steel Travel Mug,Grocery > Drinkware > Mugs,add_to_cart,3,2026-02-20 15:48:00
SES-12701,USR-235,PROD-103,Studio Wired Headphones,Electronics > Audio > Headphones,view,1,2026-02-23 21:56:00
SES-12713,USR-235,PROD-106,Ergonomic Mechanical Keyboard,Computers > Accessories > Keyboards,view,1,2026-02-24 08:11:00
SES-12702,USR-235,PROD-105,OLED Gaming Monitor,Electronics > Video > Monitors,purchase,5,2026-02-25 16:47:00
SES-12711,USR-235,PROD-104,4K Ultra HD Smart TV,Electronics > Video > Televisions,purchase,5,2026-03-10 12:37:00
SES-12700,USR-235,PROD-105,OLED Gaming Monitor,Electronics > Video > Monitors,add_to_cart,3,2026-03-18 15:48:00
SES-12706,USR-235,PROD-107,Wireless Vertical Mouse,Computers > Accessories > Mice,view,1,2026-03-28 21:26:00
SES-12708,USR-235,PROD-105,OLED Gaming Monitor,Electronics > Video > Monitors,view,1,2026-04-09 02:58:00
SES-12704,USR-235,PROD-107,Wireless Vertical Mouse,Computers > Accessories > Mice,purchase,5,2026-04-20 18:07:00
SES-12713,USR-235,PROD-112,Organic Green Tea Bags,Grocery > Beverages > Tea,view,1,2026-04-22 12:56:00
SES-12716,USR-235,PROD-107,Wireless Vertical Mouse,Computers > Accessories > Mice,add_to_cart,3,2026-05-01 04:41:00
SES-12710,USR-235,PROD-105,OLED Gaming Monitor,Electronics > Video > Monitors,purchase,5,2026-05-03 07:17:00
SES-12714,USR-235,PROD-105,OLED Gaming Monitor,Electronics > Video > Monitors,view,1,2026-05-13 10:14:00
SES-12708,USR-235,PROD-107,Wireless Vertical Mouse,Computers > Accessories > Mice,add_to_cart,3,2026-06-06 18:30:00
SES-12706,USR-235,PROD-108,USB-C Multi-Port Hub,Computers > Accessories > Hubs,purchase,5,2026-06-12 09:28:00
SES-12710,USR-235,PROD-107,Wireless Vertical Mouse,Computers > Accessories > Mice,view,1,2026-06-19 05:05:00
SES-12714,USR-235,PROD-104,4K Ultra HD Smart TV,Electronics > Video > Televisions,view,1,2026-06-30 14:26:00
SES-12738,USR-236,PROD-107,Wireless Vertical Mouse,Computers > Accessories > Mice,add_to_cart,3,2026-01-07 02:51:00
SES-12720,USR-236,PROD-107,Wireless Vertical Mouse,Computers > Accessories > Mice,add_to_cart,3,2026-01-14 13:12:00
SES-12735,USR-236,PROD-107,Wireless Vertical Mouse,Computers > Accessories > Mice,purchase,5,2026-01-16 09:59:00
SES-12735,USR-236,PROD-104,4K Ultra HD Smart TV,Electronics > Video > Televisions,purchase,5,2026-02-05 09:48:00
SES-12720,USR-236,PROD-108,USB-C Multi-Port Hub,Computers > Accessories > Hubs,view,1,2026-02-17 23:17:00
SES-12726,USR-236,PROD-105,OLED Gaming Monitor,Electronics > Video > Monitors,view,1,2026-03-01 03:02:00
SES-12721,USR-236,PROD-104,4K Ultra HD Smart TV,Electronics > Video > Televisions,view,1,2026-03-13 10:18:00
SES-12724,USR-236,PROD-108,USB-C Multi-Port Hub,Computers > Accessories > Hubs,purchase,5,2026-03-21 05:33:00
SES-12729,USR-236,PROD-107,Wireless Vertical Mouse,Computers > Accessories > Mice,purchase,5,2026-03-30 04:21:00
SES-12722,USR-236,PROD-104,4K Ultra HD Smart TV,Electronics > Video > Televisions,view,1,2026-04-04 08:23:00
SES-12724,USR-236,PROD-107,Wireless Vertical Mouse,Computers > Accessories > Mice,purchase,5,2026-04-15 11:44:00
SES-12729,USR-236,PROD-108,USB-C Multi-Port Hub,Computers > Accessories > Hubs,purchase,5,2026-04-17 07:16:00
SES-12729,USR-236,PROD-104,4K Ultra HD Smart TV,Electronics > Video > Televisions,add_to_cart,3,2026-05-11 19:23:00
SES-12731,USR-236,PROD-108,USB-C Multi-Port Hub,Computers > Accessories > Hubs,purchase,5,2026-05-21 11:04:00
SES-12736,USR-236,PROD-105,OLED Gaming Monitor,Electronics > Video > Monitors,purchase,5,2026-05-24 00:44:00
SES-12729,USR-236,PROD-107,Wireless Vertical Mouse,Computers > Accessories > Mice,view,1,2026-05-26 01:37:00
SES-12734,USR-236,PROD-110,Electric Pour-Over Kettle,Grocery > Appliances > Coffee,add_to_cart,3,2026-06-08 01:31:00
SES-12731,USR-236,PROD-104,4K Ultra HD Smart TV,Electronics > Video > Televisions,view,1,2026-06-20 19:33:00
SES-12731,USR-236,PROD-111,Stainless Steel Travel Mug,Grocery > Drinkware > Mugs,view,1,2026-06-30 14:39:00
SES-12752,USR-237,PROD-114,Moisture-Wicking Sports Tee,Apparel > Clothing > Activewear,view,1,2026-01-05 11:51:00
SES-12746,USR-237,PROD-115,Water-Resistant Gym Duffel,Apparel > Accessories > Bags,purchase,5,2026-01-18 15:54:00
SES-12756,USR-237,PROD-114,Moisture-Wicking Sports Tee,Apparel > Clothing > Activewear,purchase,5,2026-02-06 06:40:00
SES-12758,USR-237,PROD-115,Water-Resistant Gym Duffel,Apparel > Accessories > Bags,view,1,2026-02-06 09:56:00
SES-12743,USR-237,PROD-114,Moisture-Wicking Sports Tee,Apparel > Clothing > Activewear,purchase,5,2026-02-09 20:28:00
SES-12757,USR-237,PROD-114,Moisture-Wicking Sports Tee,Apparel > Clothing > Activewear,view,1,2026-02-11 13:37:00
SES-12742,USR-237,PROD-115,Water-Resistant Gym Duffel,Apparel > Accessories > Bags,view,1,2026-02-22 04:26:00
SES-12749,USR-237,PROD-115,Water-Resistant Gym Duffel,Apparel > Accessories > Bags,view,1,2026-03-10 17:33:00
SES-12744,USR-237,PROD-115,Water-Resistant Gym Duffel,Apparel > Accessories > Bags,purchase,5,2026-03-22 10:36:00
SES-12746,USR-237,PROD-113,Running Shoes Ultra Light,Apparel > Footwear > Shoes,purchase,5,2026-03-25 03:59:00
SES-12749,USR-237,PROD-113,Running Shoes Ultra Light,Apparel > Footwear > Shoes,view,1,2026-03-30 07:13:00
SES-12742,USR-237,PROD-113,Running Shoes Ultra Light,Apparel > Footwear > Shoes,purchase,5,2026-04-01 00:25:00
SES-12757,USR-237,PROD-115,Water-Resistant Gym Duffel,Apparel > Accessories > Bags,purchase,5,2026-04-09 02:51:00
SES-12742,USR-237,PROD-115,Water-Resistant Gym Duffel,Apparel > Accessories > Bags,view,1,2026-04-22 08:08:00
SES-12741,USR-237,PROD-115,Water-Resistant Gym Duffel,Apparel > Accessories > Bags,view,1,2026-04-26 15:35:00
SES-12749,USR-237,PROD-113,Running Shoes Ultra Light,Apparel > Footwear > Shoes,view,1,2026-05-04 01:45:00
SES-12756,USR-237,PROD-115,Water-Resistant Gym Duffel,Apparel > Accessories > Bags,purchase,5,2026-05-14 18:11:00
SES-12744,USR-237,PROD-115,Water-Resistant Gym Duffel,Apparel > Accessories > Bags,view,1,2026-05-19 09:41:00
SES-12756,USR-237,PROD-113,Running Shoes Ultra Light,Apparel > Footwear > Shoes,add_to_cart,3,2026-05-22 20:39:00
SES-12752,USR-237,PROD-115,Water-Resistant Gym Duffel,Apparel > Accessories > Bags,add_to_cart,3,2026-05-26 08:28:00
SES-12742,USR-237,PROD-113,Running Shoes Ultra Light,Apparel > Footwear > Shoes,view,1,2026-05-30 02:52:00
SES-12752,USR-237,PROD-105,OLED Gaming Monitor,Electronics > Video > Monitors,view,1,2026-06-23 11:04:00
SES-12747,USR-237,PROD-115,Water-Resistant Gym Duffel,Apparel > Accessories > Bags,add_to_cart,3,2026-06-29 22:00:00
SES-12777,USR-238,PROD-108,USB-C Multi-Port Hub,Computers > Accessories > Hubs,purchase,5,2026-01-07 11:18:00
SES-12777,USR-238,PROD-106,Ergonomic Mechanical Keyboard,Computers > Accessories > Keyboards,purchase,5,2026-01-12 08:31:00
SES-12770,USR-238,PROD-107,Wireless Vertical Mouse,Computers > Accessories > Mice,view,1,2026-01-24 06:08:00
SES-12774,USR-238,PROD-104,4K Ultra HD Smart TV,Electronics > Video > Televisions,view,1,2026-02-08 18:02:00
SES-12771,USR-238,PROD-106,Ergonomic Mechanical Keyboard,Computers > Accessories > Keyboards,purchase,5,2026-02-28 18:54:00
SES-12770,USR-238,PROD-104,4K Ultra HD Smart TV,Electronics > Video > Televisions,purchase,5,2026-02-28 22:27:00
SES-12778,USR-238,PROD-108,USB-C Multi-Port Hub,Computers > Accessories > Hubs,view,1,2026-03-03 15:17:00
SES-12763,USR-238,PROD-103,Studio Wired Headphones,Electronics > Audio > Headphones,view,1,2026-03-03 20:09:00
SES-12773,USR-238,PROD-108,USB-C Multi-Port Hub,Computers > Accessories > Hubs,purchase,5,2026-03-23 20:56:00
SES-12761,USR-238,PROD-108,USB-C Multi-Port Hub,Computers > Accessories > Hubs,add_to_cart,3,2026-03-25 08:52:00
SES-12779,USR-238,PROD-104,4K Ultra HD Smart TV,Electronics > Video > Televisions,add_to_cart,3,2026-03-28 08:57:00
SES-12768,USR-238,PROD-108,USB-C Multi-Port Hub,Computers > Accessories > Hubs,view,1,2026-04-02 14:32:00
SES-12774,USR-238,PROD-104,4K Ultra HD Smart TV,Electronics > Video > Televisions,view,1,2026-04-16 08:52:00
SES-12767,USR-238,PROD-113,Running Shoes Ultra Light,Apparel > Footwear > Shoes,view,1,2026-04-19 18:56:00
SES-12765,USR-238,PROD-107,Wireless Vertical Mouse,Computers > Accessories > Mice,purchase,5,2026-04-23 13:32:00
SES-12769,USR-238,PROD-105,OLED Gaming Monitor,Electronics > Video > Monitors,view,1,2026-04-24 00:37:00
SES-12779,USR-238,PROD-105,OLED Gaming Monitor,Electronics > Video > Monitors,add_to_cart,3,2026-04-24 08:50:00
SES-12764,USR-238,PROD-107,Wireless Vertical Mouse,Computers > Accessories > Mice,add_to_cart,3,2026-05-01 21:28:00
SES-12771,USR-238,PROD-108,USB-C Multi-Port Hub,Computers > Accessories > Hubs,purchase,5,2026-05-15 06:22:00
SES-12762,USR-238,PROD-105,OLED Gaming Monitor,Electronics > Video > Monitors,add_to_cart,3,2026-06-07 09:12:00
SES-12774,USR-238,PROD-108,USB-C Multi-Port Hub,Computers > Accessories > Hubs,add_to_cart,3,2026-06-12 19:15:00
SES-12760,USR-238,PROD-107,Wireless Vertical Mouse,Computers > Accessories > Mice,view,1,2026-06-13 05:15:00
SES-12775,USR-238,PROD-106,Ergonomic Mechanical Keyboard,Computers > Accessories > Keyboards,view,1,2026-06-22 00:34:00
SES-12778,USR-238,PROD-107,Wireless Vertical Mouse,Computers > Accessories > Mice,purchase,5,2026-06-29 07:09:00
SES-12771,USR-238,PROD-104,4K Ultra HD Smart TV,Electronics > Video > Televisions,purchase,5,2026-06-30 21:13:00
SES-12797,USR-239,PROD-111,Stainless Steel Travel Mug,Grocery > Drinkware > Mugs,add_to_cart,3,2026-01-22 03:43:00
SES-12792,USR-239,PROD-112,Organic Green Tea Bags,Grocery > Beverages > Tea,add_to_cart,3,2026-01-31 15:28:00
SES-12784,USR-239,PROD-112,Organic Green Tea Bags,Grocery > Beverages > Tea,view,1,2026-02-27 00:49:00
SES-12799,USR-239,PROD-111,Stainless Steel Travel Mug,Grocery > Drinkware > Mugs,view,1,2026-03-10 15:27:00
SES-12791,USR-239,PROD-111,Stainless Steel Travel Mug,Grocery > Drinkware > Mugs,view,1,2026-03-12 06:28:00
SES-12790,USR-239,PROD-109,Premium Arabica Coffee Beans,Grocery > Beverages > Coffee,add_to_cart,3,2026-03-16 02:18:00
SES-12792,USR-239,PROD-112,Organic Green Tea Bags,Grocery > Beverages > Tea,purchase,5,2026-04-07 01:30:00
SES-12798,USR-239,PROD-111,Stainless Steel Travel Mug,Grocery > Drinkware > Mugs,view,1,2026-04-10 09:13:00
SES-12789,USR-239,PROD-109,Premium Arabica Coffee Beans,Grocery > Beverages > Coffee,purchase,5,2026-04-22 06:16:00
SES-12784,USR-239,PROD-112,Organic Green Tea Bags,Grocery > Beverages > Tea,purchase,5,2026-05-01 10:41:00
SES-12790,USR-239,PROD-111,Stainless Steel Travel Mug,Grocery > Drinkware > Mugs,purchase,5,2026-05-09 15:14:00
SES-12787,USR-239,PROD-112,Organic Green Tea Bags,Grocery > Beverages > Tea,view,1,2026-05-11 23:52:00
SES-12792,USR-239,PROD-111,Stainless Steel Travel Mug,Grocery > Drinkware > Mugs,purchase,5,2026-05-17 04:23:00
SES-12781,USR-239,PROD-112,Organic Green Tea Bags,Grocery > Beverages > Tea,view,1,2026-05-23 23:57:00
SES-12780,USR-239,PROD-112,Organic Green Tea Bags,Grocery > Beverages > Tea,purchase,5,2026-06-08 02:56:00
SES-12783,USR-239,PROD-112,Organic Green Tea Bags,Grocery > Beverages > Tea,add_to_cart,3,2026-06-17 08:26:00
SES-12796,USR-239,PROD-108,USB-C Multi-Port Hub,Computers > Accessories > Hubs,view,1,2026-06-23 11:54:00
SES-12790,USR-239,PROD-112,Organic Green Tea Bags,Grocery > Beverages > Tea,purchase,5,2026-06-30 23:46:00
SES-12804,USR-240,PROD-113,Running Shoes Ultra Light,Apparel > Footwear > Shoes,purchase,5,2026-01-01 08:10:00
SES-12815,USR-240,PROD-113,Running Shoes Ultra Light,Apparel > Footwear > Shoes,add_to_cart,3,2026-01-15 02:51:00
SES-12811,USR-240,PROD-114,Moisture-Wicking Sports Tee,Apparel > Clothing > Activewear,purchase,5,2026-02-02 03:15:00
SES-12812,USR-240,PROD-114,Moisture-Wicking Sports Tee,Apparel > Clothing > Activewear,view,1,2026-02-03 07:14:00
SES-12809,USR-240,PROD-113,Running Shoes Ultra Light,Apparel > Footwear > Shoes,add_to_cart,3,2026-02-13 02:25:00
SES-12802,USR-240,PROD-107,Wireless Vertical Mouse,Computers > Accessories > Mice,view,1,2026-02-15 08:11:00
SES-12815,USR-240,PROD-113,Running Shoes Ultra Light,Apparel > Footwear > Shoes,purchase,5,2026-03-07 08:59:00
SES-12815,USR-240,PROD-115,Water-Resistant Gym Duffel,Apparel > Accessories > Bags,purchase,5,2026-03-17 02:48:00
SES-12806,USR-240,PROD-114,Moisture-Wicking Sports Tee,Apparel > Clothing > Activewear,purchase,5,2026-04-03 20:37:00
SES-12819,USR-240,PROD-112,Organic Green Tea Bags,Grocery > Beverages > Tea,view,1,2026-04-06 04:32:00
SES-12810,USR-240,PROD-113,Running Shoes Ultra Light,Apparel > Footwear > Shoes,purchase,5,2026-04-08 21:31:00
SES-12806,USR-240,PROD-114,Moisture-Wicking Sports Tee,Apparel > Clothing > Activewear,add_to_cart,3,2026-04-10 06:34:00
SES-12806,USR-240,PROD-113,Running Shoes Ultra Light,Apparel > Footwear > Shoes,purchase,5,2026-04-10 18:57:00
SES-12815,USR-240,PROD-114,Moisture-Wicking Sports Tee,Apparel > Clothing > Activewear,view,1,2026-04-24 18:14:00
SES-12819,USR-240,PROD-113,Running Shoes Ultra Light,Apparel > Footwear > Shoes,view,1,2026-04-29 22:25:00
SES-12811,USR-240,PROD-114,Moisture-Wicking Sports Tee,Apparel > Clothing > Activewear,add_to_cart,3,2026-05-12 00:21:00
SES-12803,USR-240,PROD-115,Water-Resistant Gym Duffel,Apparel > Accessories > Bags,purchase,5,2026-05-16 01:45:00
SES-12801,USR-240,PROD-113,Running Shoes Ultra Light,Apparel > Footwear > Shoes,view,1,2026-05-22 16:41:00
SES-12809,USR-240,PROD-105,OLED Gaming Monitor,Electronics > Video > Monitors,view,1,2026-05-29 20:42:00
SES-12819,USR-240,PROD-113,Running Shoes Ultra Light,Apparel > Footwear > Shoes,add_to_cart,3,2026-06-11 17:54:00
SES-12803,USR-240,PROD-113,Running Shoes Ultra Light,Apparel > Footwear > Shoes,purchase,5,2026-06-25 14:26:00
SES-12810,USR-240,PROD-113,Running Shoes Ultra Light,Apparel > Footwear > Shoes,add_to_cart,3,2026-06-29 08:20:00
SES-12821,USR-241,PROD-105,OLED Gaming Monitor,Electronics > Video > Monitors,view,1,2026-01-11 12:12:00
SES-12835,USR-241,PROD-108,USB-C Multi-Port Hub,Computers > Accessories > Hubs,view,1,2026-01-28 18:53:00
SES-12822,USR-241,PROD-108,USB-C Multi-Port Hub,Computers > Accessories > Hubs,view,1,2026-02-02 17:24:00
SES-12822,USR-241,PROD-108,USB-C Multi-Port Hub,Computers > Accessories > Hubs,purchase,5,2026-02-05 18:23:00
SES-12829,USR-241,PROD-108,USB-C Multi-Port Hub,Computers > Accessories > Hubs,purchase,5,2026-02-24 02:21:00
SES-12838,USR-241,PROD-105,OLED Gaming Monitor,Electronics > Video > Monitors,view,1,2026-03-01 23:20:00
SES-12829,USR-241,PROD-106,Ergonomic Mechanical Keyboard,Computers > Accessories > Keyboards,purchase,5,2026-03-11 06:59:00
SES-12824,USR-241,PROD-108,USB-C Multi-Port Hub,Computers > Accessories > Hubs,purchase,5,2026-04-08 10:26:00
SES-12821,USR-241,PROD-104,4K Ultra HD Smart TV,Electronics > Video > Televisions,view,1,2026-04-10 06:10:00
SES-12835,USR-241,PROD-106,Ergonomic Mechanical Keyboard,Computers > Accessories > Keyboards,view,1,2026-04-15 22:36:00
SES-12837,USR-241,PROD-104,4K Ultra HD Smart TV,Electronics > Video > Televisions,view,1,2026-04-18 02:22:00
SES-12825,USR-241,PROD-104,4K Ultra HD Smart TV,Electronics > Video > Televisions,view,1,2026-04-22 22:00:00
SES-12832,USR-241,PROD-106,Ergonomic Mechanical Keyboard,Computers > Accessories > Keyboards,view,1,2026-04-28 19:49:00
SES-12828,USR-241,PROD-104,4K Ultra HD Smart TV,Electronics > Video > Televisions,view,1,2026-05-09 11:35:00
SES-12824,USR-241,PROD-106,Ergonomic Mechanical Keyboard,Computers > Accessories > Keyboards,purchase,5,2026-06-01 20:23:00
SES-12840,USR-242,PROD-108,USB-C Multi-Port Hub,Computers > Accessories > Hubs,purchase,5,2026-01-12 07:01:00
SES-12851,USR-242,PROD-107,Wireless Vertical Mouse,Computers > Accessories > Mice,add_to_cart,3,2026-01-15 21:03:00
SES-12840,USR-242,PROD-107,Wireless Vertical Mouse,Computers > Accessories > Mice,purchase,5,2026-01-24 00:51:00
SES-12845,USR-242,PROD-104,4K Ultra HD Smart TV,Electronics > Video > Televisions,add_to_cart,3,2026-01-30 19:06:00
SES-12857,USR-242,PROD-108,USB-C Multi-Port Hub,Computers > Accessories > Hubs,view,1,2026-02-01 14:01:00
SES-12843,USR-242,PROD-108,USB-C Multi-Port Hub,Computers > Accessories > Hubs,purchase,5,2026-02-01 23:19:00
SES-12855,USR-242,PROD-105,OLED Gaming Monitor,Electronics > Video > Monitors,view,1,2026-02-26 07:56:00
SES-12851,USR-242,PROD-105,OLED Gaming Monitor,Electronics > Video > Monitors,view,1,2026-03-11 17:58:00
SES-12845,USR-242,PROD-108,USB-C Multi-Port Hub,Computers > Accessories > Hubs,purchase,5,2026-03-12 11:19:00
SES-12855,USR-242,PROD-106,Ergonomic Mechanical Keyboard,Computers > Accessories > Keyboards,view,1,2026-03-17 00:31:00
SES-12846,USR-242,PROD-106,Ergonomic Mechanical Keyboard,Computers > Accessories > Keyboards,purchase,5,2026-03-24 21:35:00
SES-12843,USR-242,PROD-107,Wireless Vertical Mouse,Computers > Accessories > Mice,purchase,5,2026-04-03 07:44:00
SES-12850,USR-242,PROD-104,4K Ultra HD Smart TV,Electronics > Video > Televisions,view,1,2026-04-09 09:40:00
SES-12846,USR-242,PROD-104,4K Ultra HD Smart TV,Electronics > Video > Televisions,view,1,2026-04-12 10:23:00
SES-12848,USR-242,PROD-102,Bluetooth Sports Earbuds,Electronics > Audio > Headphones,purchase,5,2026-04-18 06:07:00
SES-12857,USR-242,PROD-107,Wireless Vertical Mouse,Computers > Accessories > Mice,view,1,2026-04-25 18:34:00
SES-12843,USR-242,PROD-106,Ergonomic Mechanical Keyboard,Computers > Accessories > Keyboards,view,1,2026-05-16 00:25:00
SES-12859,USR-242,PROD-104,4K Ultra HD Smart TV,Electronics > Video > Televisions,purchase,5,2026-06-13 10:23:00
SES-12844,USR-242,PROD-104,4K Ultra HD Smart TV,Electronics > Video > Televisions,view,1,2026-06-19 21:10:00
SES-12850,USR-242,PROD-104,4K Ultra HD Smart TV,Electronics > Video > Televisions,view,1,2026-06-20 18:27:00
SES-12859,USR-242,PROD-104,4K Ultra HD Smart TV,Electronics > Video > Televisions,view,1,2026-06-23 04:00:00
SES-12843,USR-242,PROD-108,USB-C Multi-Port Hub,Computers > Accessories > Hubs,view,1,2026-06-24 22:32:00
SES-12852,USR-242,PROD-107,Wireless Vertical Mouse,Computers > Accessories > Mice,view,1,2026-06-25 01:14:00
SES-12849,USR-242,PROD-106,Ergonomic Mechanical Keyboard,Computers > Accessories > Keyboards,add_to_cart,3,2026-06-26 16:41:00
SES-12877,USR-243,PROD-110,Electric Pour-Over Kettle,Grocery > Appliances > Coffee,purchase,5,2026-01-18 18:06:00
SES-12874,USR-243,PROD-110,Electric Pour-Over Kettle,Grocery > Appliances > Coffee,view,1,2026-01-23 05:59:00
SES-12876,USR-243,PROD-111,Stainless Steel Travel Mug,Grocery > Drinkware > Mugs,purchase,5,2026-02-03 03:56:00
SES-12878,USR-243,PROD-112,Organic Green Tea Bags,Grocery > Beverages > Tea,view,1,2026-02-06 13:45:00
SES-12876,USR-243,PROD-112,Organic Green Tea Bags,Grocery > Beverages > Tea,view,1,2026-02-14 15:41:00
SES-12863,USR-243,PROD-112,Organic Green Tea Bags,Grocery > Beverages > Tea,purchase,5,2026-02-16 16:38:00
SES-12865,USR-243,PROD-111,Stainless Steel Travel Mug,Grocery > Drinkware > Mugs,purchase,5,2026-02-28 07:44:00
SES-12869,USR-243,PROD-111,Stainless Steel Travel Mug,Grocery > Drinkware > Mugs,purchase,5,2026-03-19 20:28:00
SES-12877,USR-243,PROD-109,Premium Arabica Coffee Beans,Grocery > Beverages > Coffee,purchase,5,2026-03-24 03:33:00
SES-12876,USR-243,PROD-109,Premium Arabica Coffee Beans,Grocery > Beverages > Coffee,purchase,5,2026-04-14 01:49:00
SES-12877,USR-243,PROD-110,Electric Pour-Over Kettle,Grocery > Appliances > Coffee,view,1,2026-04-20 04:07:00
SES-12867,USR-243,PROD-112,Organic Green Tea Bags,Grocery > Beverages > Tea,purchase,5,2026-04-29 20:44:00
SES-12870,USR-243,PROD-109,Premium Arabica Coffee Beans,Grocery > Beverages > Coffee,view,1,2026-05-01 06:40:00
SES-12866,USR-243,PROD-112,Organic Green Tea Bags,Grocery > Beverages > Tea,add_to_cart,3,2026-05-20 11:52:00
SES-12871,USR-243,PROD-111,Stainless Steel Travel Mug,Grocery > Drinkware > Mugs,view,1,2026-06-15 16:42:00
SES-12879,USR-243,PROD-112,Organic Green Tea Bags,Grocery > Beverages > Tea,view,1,2026-06-20 13:03:00
SES-12863,USR-243,PROD-112,Organic Green Tea Bags,Grocery > Beverages > Tea,add_to_cart,3,2026-06-25 04:58:00
SES-12864,USR-243,PROD-111,Stainless Steel Travel Mug,Grocery > Drinkware > Mugs,add_to_cart,3,2026-06-25 17:58:00
SES-12886,USR-244,PROD-110,Electric Pour-Over Kettle,Grocery > Appliances > Coffee,add_to_cart,3,2026-01-02 17:57:00
SES-12884,USR-244,PROD-113,Running Shoes Ultra Light,Apparel > Footwear > Shoes,add_to_cart,3,2026-01-08 03:07:00
SES-12890,USR-244,PROD-113,Running Shoes Ultra Light,Apparel > Footwear > Shoes,view,1,2026-01-25 13:06:00
SES-12886,USR-244,PROD-113,Running Shoes Ultra Light,Apparel > Footwear > Shoes,purchase,5,2026-01-31 05:28:00
SES-12896,USR-244,PROD-114,Moisture-Wicking Sports Tee,Apparel > Clothing > Activewear,purchase,5,2026-02-02 16:45:00
SES-12884,USR-244,PROD-114,Moisture-Wicking Sports Tee,Apparel > Clothing > Activewear,view,1,2026-02-07 06:06:00
SES-12888,USR-244,PROD-108,USB-C Multi-Port Hub,Computers > Accessories > Hubs,add_to_cart,3,2026-02-12 20:40:00
SES-12889,USR-244,PROD-107,Wireless Vertical Mouse,Computers > Accessories > Mice,view,1,2026-02-17 19:08:00
SES-12893,USR-244,PROD-104,4K Ultra HD Smart TV,Electronics > Video > Televisions,purchase,5,2026-02-22 15:56:00
SES-12895,USR-244,PROD-113,Running Shoes Ultra Light,Apparel > Footwear > Shoes,purchase,5,2026-02-25 15:34:00
SES-12892,USR-244,PROD-113,Running Shoes Ultra Light,Apparel > Footwear > Shoes,view,1,2026-03-05 07:01:00
SES-12884,USR-244,PROD-115,Water-Resistant Gym Duffel,Apparel > Accessories > Bags,view,1,2026-04-12 23:08:00
SES-12898,USR-244,PROD-115,Water-Resistant Gym Duffel,Apparel > Accessories > Bags,view,1,2026-04-20 09:44:00
SES-12884,USR-244,PROD-115,Water-Resistant Gym Duffel,Apparel > Accessories > Bags,view,1,2026-05-01 01:19:00
SES-12886,USR-244,PROD-115,Water-Resistant Gym Duffel,Apparel > Accessories > Bags,add_to_cart,3,2026-05-07 13:42:00
SES-12884,USR-244,PROD-114,Moisture-Wicking Sports Tee,Apparel > Clothing > Activewear,add_to_cart,3,2026-05-11 07:46:00
SES-12893,USR-244,PROD-114,Moisture-Wicking Sports Tee,Apparel > Clothing > Activewear,purchase,5,2026-05-23 00:10:00
SES-12892,USR-244,PROD-114,Moisture-Wicking Sports Tee,Apparel > Clothing > Activewear,view,1,2026-06-05 04:31:00
SES-12918,USR-245,PROD-110,Electric Pour-Over Kettle,Grocery > Appliances > Coffee,view,1,2026-01-05 03:19:00
SES-12907,USR-245,PROD-111,Stainless Steel Travel Mug,Grocery > Drinkware > Mugs,add_to_cart,3,2026-01-16 00:14:00
SES-12910,USR-245,PROD-112,Organic Green Tea Bags,Grocery > Beverages > Tea,purchase,5,2026-01-23 18:41:00
SES-12905,USR-245,PROD-110,Electric Pour-Over Kettle,Grocery > Appliances > Coffee,purchase,5,2026-01-28 06:18:00
SES-12912,USR-245,PROD-111,Stainless Steel Travel Mug,Grocery > Drinkware > Mugs,purchase,5,2026-02-07 20:51:00
SES-12906,USR-245,PROD-110,Electric Pour-Over Kettle,Grocery > Appliances > Coffee,view,1,2026-02-16 06:32:00
SES-12917,USR-245,PROD-109,Premium Arabica Coffee Beans,Grocery > Beverages > Coffee,add_to_cart,3,2026-02-19 20:46:00
SES-12919,USR-245,PROD-111,Stainless Steel Travel Mug,Grocery > Drinkware > Mugs,view,1,2026-03-11 10:55:00
SES-12906,USR-245,PROD-110,Electric Pour-Over Kettle,Grocery > Appliances > Coffee,purchase,5,2026-03-21 17:55:00
SES-12909,USR-245,PROD-112,Organic Green Tea Bags,Grocery > Beverages > Tea,view,1,2026-03-24 20:30:00
SES-12904,USR-245,PROD-110,Electric Pour-Over Kettle,Grocery > Appliances > Coffee,purchase,5,2026-03-26 19:23:00
SES-12908,USR-245,PROD-112,Organic Green Tea Bags,Grocery > Beverages > Tea,add_to_cart,3,2026-04-04 07:17:00
SES-12909,USR-245,PROD-109,Premium Arabica Coffee Beans,Grocery > Beverages > Coffee,add_to_cart,3,2026-04-07 05:42:00
SES-12908,USR-245,PROD-111,Stainless Steel Travel Mug,Grocery > Drinkware > Mugs,purchase,5,2026-04-23 00:28:00
SES-12917,USR-245,PROD-111,Stainless Steel Travel Mug,Grocery > Drinkware > Mugs,purchase,5,2026-04-28 16:05:00
SES-12917,USR-245,PROD-110,Electric Pour-Over Kettle,Grocery > Appliances > Coffee,purchase,5,2026-04-29 10:34:00
SES-12904,USR-245,PROD-112,Organic Green Tea Bags,Grocery > Beverages > Tea,view,1,2026-05-08 15:59:00
SES-12915,USR-245,PROD-115,Water-Resistant Gym Duffel,Apparel > Accessories > Bags,view,1,2026-05-15 16:23:00
SES-12908,USR-245,PROD-110,Electric Pour-Over Kettle,Grocery > Appliances > Coffee,purchase,5,2026-05-23 01:23:00
SES-12919,USR-245,PROD-112,Organic Green Tea Bags,Grocery > Beverages > Tea,purchase,5,2026-05-23 20:09:00
SES-12907,USR-245,PROD-111,Stainless Steel Travel Mug,Grocery > Drinkware > Mugs,purchase,5,2026-05-28 22:09:00
SES-12905,USR-245,PROD-110,Electric Pour-Over Kettle,Grocery > Appliances > Coffee,view,1,2026-06-07 14:08:00
SES-12918,USR-245,PROD-111,Stainless Steel Travel Mug,Grocery > Drinkware > Mugs,add_to_cart,3,2026-06-14 13:43:00
SES-12928,USR-246,PROD-115,Water-Resistant Gym Duffel,Apparel > Accessories > Bags,purchase,5,2026-01-02 15:40:00
SES-12933,USR-246,PROD-115,Water-Resistant Gym Duffel,Apparel > Accessories > Bags,purchase,5,2026-01-04 00:07:00
SES-12922,USR-246,PROD-113,Running Shoes Ultra Light,Apparel > Footwear > Shoes,view,1,2026-01-04 11:38:00
SES-12930,USR-246,PROD-115,Water-Resistant Gym Duffel,Apparel > Accessories > Bags,purchase,5,2026-01-26 17:08:00
SES-12932,USR-246,PROD-115,Water-Resistant Gym Duffel,Apparel > Accessories > Bags,purchase,5,2026-02-05 05:31:00
SES-12938,USR-246,PROD-104,4K Ultra HD Smart TV,Electronics > Video > Televisions,add_to_cart,3,2026-03-05 16:40:00
SES-12926,USR-246,PROD-102,Bluetooth Sports Earbuds,Electronics > Audio > Headphones,view,1,2026-03-22 14:17:00
SES-12933,USR-246,PROD-107,Wireless Vertical Mouse,Computers > Accessories > Mice,view,1,2026-03-23 06:45:00
SES-12923,USR-246,PROD-103,Studio Wired Headphones,Electronics > Audio > Headphones,view,1,2026-04-02 05:19:00
SES-12934,USR-246,PROD-114,Moisture-Wicking Sports Tee,Apparel > Clothing > Activewear,view,1,2026-04-08 10:53:00
SES-12937,USR-246,PROD-114,Moisture-Wicking Sports Tee,Apparel > Clothing > Activewear,view,1,2026-04-11 15:51:00
SES-12930,USR-246,PROD-113,Running Shoes Ultra Light,Apparel > Footwear > Shoes,purchase,5,2026-04-24 03:58:00
SES-12922,USR-246,PROD-113,Running Shoes Ultra Light,Apparel > Footwear > Shoes,add_to_cart,3,2026-05-04 05:54:00
SES-12934,USR-246,PROD-113,Running Shoes Ultra Light,Apparel > Footwear > Shoes,add_to_cart,3,2026-05-20 12:44:00
SES-12926,USR-246,PROD-114,Moisture-Wicking Sports Tee,Apparel > Clothing > Activewear,add_to_cart,3,2026-05-28 13:50:00
SES-12923,USR-246,PROD-113,Running Shoes Ultra Light,Apparel > Footwear > Shoes,purchase,5,2026-06-18 05:43:00
SES-12926,USR-246,PROD-110,Electric Pour-Over Kettle,Grocery > Appliances > Coffee,add_to_cart,3,2026-06-25 14:42:00
SES-12924,USR-246,PROD-113,Running Shoes Ultra Light,Apparel > Footwear > Shoes,view,1,2026-06-28 05:41:00
SES-12948,USR-247,PROD-113,Running Shoes Ultra Light,Apparel > Footwear > Shoes,view,1,2026-01-05 22:02:00
SES-12956,USR-247,PROD-101,Wireless Noise-Canceling Headphones,Electronics > Audio > Headphones,view,1,2026-01-11 23:48:00
SES-12950,USR-247,PROD-105,OLED Gaming Monitor,Electronics > Video > Monitors,purchase,5,2026-01-13 03:43:00
SES-12952,USR-247,PROD-113,Running Shoes Ultra Light,Apparel > Footwear > Shoes,view,1,2026-01-21 18:53:00
SES-12952,USR-247,PROD-113,Running Shoes Ultra Light,Apparel > Footwear > Shoes,purchase,5,2026-01-28 11:07:00
SES-12957,USR-247,PROD-113,Running Shoes Ultra Light,Apparel > Footwear > Shoes,purchase,5,2026-02-02 04:07:00
SES-12952,USR-247,PROD-113,Running Shoes Ultra Light,Apparel > Footwear > Shoes,view,1,2026-02-14 06:00:00
SES-12941,USR-247,PROD-114,Moisture-Wicking Sports Tee,Apparel > Clothing > Activewear,add_to_cart,3,2026-02-18 13:14:00
SES-12953,USR-247,PROD-114,Moisture-Wicking Sports Tee,Apparel > Clothing > Activewear,purchase,5,2026-03-08 07:21:00
SES-12958,USR-247,PROD-114,Moisture-Wicking Sports Tee,Apparel > Clothing > Activewear,view,1,2026-03-18 03:55:00
SES-12942,USR-247,PROD-115,Water-Resistant Gym Duffel,Apparel > Accessories > Bags,add_to_cart,3,2026-03-27 01:52:00
SES-12953,USR-247,PROD-101,Wireless Noise-Canceling Headphones,Electronics > Audio > Headphones,add_to_cart,3,2026-04-21 19:20:00
SES-12952,USR-247,PROD-113,Running Shoes Ultra Light,Apparel > Footwear > Shoes,view,1,2026-04-28 09:01:00
SES-12958,USR-247,PROD-113,Running Shoes Ultra Light,Apparel > Footwear > Shoes,purchase,5,2026-04-29 09:42:00
SES-12944,USR-247,PROD-113,Running Shoes Ultra Light,Apparel > Footwear > Shoes,view,1,2026-04-30 08:23:00
SES-12947,USR-247,PROD-107,Wireless Vertical Mouse,Computers > Accessories > Mice,view,1,2026-05-03 19:13:00
SES-12955,USR-247,PROD-113,Running Shoes Ultra Light,Apparel > Footwear > Shoes,add_to_cart,3,2026-05-10 05:30:00
SES-12959,USR-247,PROD-109,Premium Arabica Coffee Beans,Grocery > Beverages > Coffee,view,1,2026-05-20 14:20:00
SES-12957,USR-247,PROD-114,Moisture-Wicking Sports Tee,Apparel > Clothing > Activewear,purchase,5,2026-05-23 08:55:00
SES-12953,USR-247,PROD-113,Running Shoes Ultra Light,Apparel > Footwear > Shoes,view,1,2026-05-24 02:28:00
SES-12953,USR-247,PROD-113,Running Shoes Ultra Light,Apparel > Footwear > Shoes,purchase,5,2026-06-03 07:01:00
SES-12950,USR-247,PROD-113,Running Shoes Ultra Light,Apparel > Footwear > Shoes,view,1,2026-06-23 10:23:00
SES-12950,USR-247,PROD-113,Running Shoes Ultra Light,Apparel > Footwear > Shoes,add_to_cart,3,2026-06-25 14:10:00
SES-12962,USR-248,PROD-102,Bluetooth Sports Earbuds,Electronics > Audio > Headphones,view,1,2026-01-01 06:56:00
SES-12972,USR-248,PROD-108,USB-C Multi-Port Hub,Computers > Accessories > Hubs,add_to_cart,3,2026-01-11 11:51:00
SES-12976,USR-248,PROD-115,Water-Resistant Gym Duffel,Apparel > Accessories > Bags,view,1,2026-02-08 00:57:00
SES-12967,USR-248,PROD-108,USB-C Multi-Port Hub,Computers > Accessories > Hubs,purchase,5,2026-02-21 08:36:00
SES-12969,USR-248,PROD-101,Wireless Noise-Canceling Headphones,Electronics > Audio > Headphones,add_to_cart,3,2026-02-22 20:24:00
SES-12964,USR-248,PROD-103,Studio Wired Headphones,Electronics > Audio > Headphones,view,1,2026-02-28 12:57:00
SES-12976,USR-248,PROD-102,Bluetooth Sports Earbuds,Electronics > Audio > Headphones,view,1,2026-03-28 15:58:00
SES-12969,USR-248,PROD-102,Bluetooth Sports Earbuds,Electronics > Audio > Headphones,purchase,5,2026-04-03 21:58:00
SES-12967,USR-248,PROD-103,Studio Wired Headphones,Electronics > Audio > Headphones,view,1,2026-04-11 16:45:00
SES-12972,USR-248,PROD-101,Wireless Noise-Canceling Headphones,Electronics > Audio > Headphones,purchase,5,2026-04-12 01:06:00
SES-12972,USR-248,PROD-102,Bluetooth Sports Earbuds,Electronics > Audio > Headphones,purchase,5,2026-04-13 22:31:00
SES-12964,USR-248,PROD-108,USB-C Multi-Port Hub,Computers > Accessories > Hubs,view,1,2026-05-04 11:46:00
SES-12975,USR-248,PROD-102,Bluetooth Sports Earbuds,Electronics > Audio > Headphones,purchase,5,2026-05-09 04:05:00
SES-12961,USR-248,PROD-102,Bluetooth Sports Earbuds,Electronics > Audio > Headphones,view,1,2026-05-18 07:54:00
SES-12971,USR-248,PROD-108,USB-C Multi-Port Hub,Computers > Accessories > Hubs,add_to_cart,3,2026-05-19 02:03:00
SES-12979,USR-248,PROD-102,Bluetooth Sports Earbuds,Electronics > Audio > Headphones,view,1,2026-05-25 10:00:00
SES-12969,USR-248,PROD-101,Wireless Noise-Canceling Headphones,Electronics > Audio > Headphones,purchase,5,2026-05-31 14:42:00
SES-12988,USR-249,PROD-105,OLED Gaming Monitor,Electronics > Video > Monitors,purchase,5,2026-01-08 13:16:00
SES-12994,USR-249,PROD-107,Wireless Vertical Mouse,Computers > Accessories > Mice,view,1,2026-01-14 10:53:00
SES-12986,USR-249,PROD-107,Wireless Vertical Mouse,Computers > Accessories > Mice,view,1,2026-01-14 19:54:00
SES-12995,USR-249,PROD-105,OLED Gaming Monitor,Electronics > Video > Monitors,purchase,5,2026-01-26 14:59:00
SES-12991,USR-249,PROD-105,OLED Gaming Monitor,Electronics > Video > Monitors,view,1,2026-01-30 03:27:00
SES-12993,USR-249,PROD-105,OLED Gaming Monitor,Electronics > Video > Monitors,view,1,2026-02-05 16:10:00
SES-12993,USR-249,PROD-105,OLED Gaming Monitor,Electronics > Video > Monitors,purchase,5,2026-02-16 08:39:00
SES-12982,USR-249,PROD-104,4K Ultra HD Smart TV,Electronics > Video > Televisions,view,1,2026-03-19 11:44:00
SES-12980,USR-249,PROD-108,USB-C Multi-Port Hub,Computers > Accessories > Hubs,view,1,2026-03-19 20:54:00
SES-12982,USR-249,PROD-106,Ergonomic Mechanical Keyboard,Computers > Accessories > Keyboards,add_to_cart,3,2026-04-05 17:22:00
SES-12996,USR-249,PROD-105,OLED Gaming Monitor,Electronics > Video > Monitors,purchase,5,2026-04-21 11:59:00
SES-12994,USR-249,PROD-107,Wireless Vertical Mouse,Computers > Accessories > Mice,add_to_cart,3,2026-05-06 14:13:00
SES-12991,USR-249,PROD-105,OLED Gaming Monitor,Electronics > Video > Monitors,view,1,2026-06-01 20:30:00
SES-12991,USR-249,PROD-108,USB-C Multi-Port Hub,Computers > Accessories > Hubs,add_to_cart,3,2026-06-02 20:47:00
SES-12996,USR-249,PROD-104,4K Ultra HD Smart TV,Electronics > Video > Televisions,purchase,5,2026-06-18 10:33:00
SES-13018,USR-250,PROD-107,Wireless Vertical Mouse,Computers > Accessories > Mice,purchase,5,2026-01-10 09:54:00
SES-13018,USR-250,PROD-108,USB-C Multi-Port Hub,Computers > Accessories > Hubs,view,1,2026-01-11 01:53:00
SES-13013,USR-250,PROD-105,OLED Gaming Monitor,Electronics > Video > Monitors,view,1,2026-01-15 04:14:00
SES-13018,USR-250,PROD-105,OLED Gaming Monitor,Electronics > Video > Monitors,view,1,2026-01-31 05:37:00
SES-13007,USR-250,PROD-104,4K Ultra HD Smart TV,Electronics > Video > Televisions,view,1,2026-02-01 10:32:00
SES-13012,USR-250,PROD-104,4K Ultra HD Smart TV,Electronics > Video > Televisions,add_to_cart,3,2026-02-06 03:29:00
SES-13013,USR-250,PROD-105,OLED Gaming Monitor,Electronics > Video > Monitors,view,1,2026-02-27 22:06:00
SES-13012,USR-250,PROD-106,Ergonomic Mechanical Keyboard,Computers > Accessories > Keyboards,purchase,5,2026-03-06 21:21:00
SES-13003,USR-250,PROD-108,USB-C Multi-Port Hub,Computers > Accessories > Hubs,view,1,2026-03-07 16:17:00
SES-13001,USR-250,PROD-108,USB-C Multi-Port Hub,Computers > Accessories > Hubs,view,1,2026-03-31 21:41:00
SES-13010,USR-250,PROD-105,OLED Gaming Monitor,Electronics > Video > Monitors,purchase,5,2026-04-03 18:51:00
SES-13015,USR-250,PROD-106,Ergonomic Mechanical Keyboard,Computers > Accessories > Keyboards,purchase,5,2026-04-08 01:19:00
SES-13013,USR-250,PROD-106,Ergonomic Mechanical Keyboard,Computers > Accessories > Keyboards,view,1,2026-04-29 11:04:00
SES-13017,USR-250,PROD-106,Ergonomic Mechanical Keyboard,Computers > Accessories > Keyboards,purchase,5,2026-05-02 00:38:00
SES-13007,USR-250,PROD-104,4K Ultra HD Smart TV,Electronics > Video > Televisions,purchase,5,2026-05-15 08:51:00
SES-13012,USR-250,PROD-107,Wireless Vertical Mouse,Computers > Accessories > Mice,purchase,5,2026-05-16 03:14:00
SES-13003,USR-250,PROD-104,4K Ultra HD Smart TV,Electronics > Video > Televisions,view,1,2026-05-25 05:32:00
SES-13007,USR-250,PROD-106,Ergonomic Mechanical Keyboard,Computers > Accessories > Keyboards,add_to_cart,3,2026-05-26 09:53:00
SES-13010,USR-250,PROD-104,4K Ultra HD Smart TV,Electronics > Video > Televisions,purchase,5,2026-05-29 11:56:00
SES-13007,USR-250,PROD-112,Organic Green Tea Bags,Grocery > Beverages > Tea,view,1,2026-06-03 21:50:00
SES-13007,USR-250,PROD-107,Wireless Vertical Mouse,Computers > Accessories > Mice,view,1,2026-06-06 05:37:00
SES-13019,USR-250,PROD-106,Ergonomic Mechanical Keyboard,Computers > Accessories > Keyboards,purchase,5,2026-06-18 15:59:00
SES-13017,USR-250,PROD-105,OLED Gaming Monitor,Electronics > Video > Monitors,purchase,5,2026-06-24 03:00:00
SES-13007,USR-250,PROD-106,Ergonomic Mechanical Keyboard,Computers > Accessories > Keyboards,view,1,2026-06-26 09:24:00
SES-13006,USR-250,PROD-108,USB-C Multi-Port Hub,Computers > Accessories > Hubs,purchase,5,2026-06-28 19:28:00
SES-13039,USR-251,PROD-101,Wireless Noise-Canceling Headphones,Electronics > Audio > Headphones,view,1,2026-01-04 02:17:00
SES-13038,USR-251,PROD-108,USB-C Multi-Port Hub,Computers > Accessories > Hubs,view,1,2026-01-05 12:34:00
SES-13033,USR-251,PROD-102,Bluetooth Sports Earbuds,Electronics > Audio > Headphones,add_to_cart,3,2026-01-11 15:31:00
SES-13039,USR-251,PROD-101,Wireless Noise-Canceling Headphones,Electronics > Audio > Headphones,add_to_cart,3,2026-02-03 16:18:00
SES-13032,USR-251,PROD-108,USB-C Multi-Port Hub,Computers > Accessories > Hubs,view,1,2026-02-15 17:21:00
SES-13032,USR-251,PROD-108,USB-C Multi-Port Hub,Computers > Accessories > Hubs,view,1,2026-03-04 08:37:00
SES-13025,USR-251,PROD-108,USB-C Multi-Port Hub,Computers > Accessories > Hubs,purchase,5,2026-03-05 17:03:00
SES-13037,USR-251,PROD-108,USB-C Multi-Port Hub,Computers > Accessories > Hubs,purchase,5,2026-03-29 04:05:00
SES-13021,USR-251,PROD-102,Bluetooth Sports Earbuds,Electronics > Audio > Headphones,add_to_cart,3,2026-04-05 08:01:00
SES-13024,USR-251,PROD-103,Studio Wired Headphones,Electronics > Audio > Headphones,view,1,2026-04-06 22:34:00
SES-13029,USR-251,PROD-102,Bluetooth Sports Earbuds,Electronics > Audio > Headphones,view,1,2026-04-13 22:30:00
SES-13026,USR-251,PROD-102,Bluetooth Sports Earbuds,Electronics > Audio > Headphones,purchase,5,2026-04-15 06:36:00
SES-13023,USR-251,PROD-101,Wireless Noise-Canceling Headphones,Electronics > Audio > Headphones,view,1,2026-04-17 05:44:00
SES-13037,USR-251,PROD-103,Studio Wired Headphones,Electronics > Audio > Headphones,view,1,2026-04-29 07:09:00
SES-13031,USR-251,PROD-113,Running Shoes Ultra Light,Apparel > Footwear > Shoes,view,1,2026-05-01 19:02:00
SES-13029,USR-251,PROD-101,Wireless Noise-Canceling Headphones,Electronics > Audio > Headphones,add_to_cart,3,2026-05-04 16:48:00
SES-13025,USR-251,PROD-103,Studio Wired Headphones,Electronics > Audio > Headphones,purchase,5,2026-05-06 13:38:00
SES-13033,USR-251,PROD-101,Wireless Noise-Canceling Headphones,Electronics > Audio > Headphones,view,1,2026-05-23 09:59:00
SES-13020,USR-251,PROD-102,Bluetooth Sports Earbuds,Electronics > Audio > Headphones,add_to_cart,3,2026-05-28 01:31:00
SES-13026,USR-251,PROD-101,Wireless Noise-Canceling Headphones,Electronics > Audio > Headphones,purchase,5,2026-06-26 13:26:00
SES-13046,USR-252,PROD-109,Premium Arabica Coffee Beans,Grocery > Beverages > Coffee,view,1,2026-01-02 11:23:00
SES-13044,USR-252,PROD-110,Electric Pour-Over Kettle,Grocery > Appliances > Coffee,view,1,2026-01-07 07:32:00
SES-13051,USR-252,PROD-112,Organic Green Tea Bags,Grocery > Beverages > Tea,purchase,5,2026-01-07 18:41:00
SES-13050,USR-252,PROD-101,Wireless Noise-Canceling Headphones,Electronics > Audio > Headphones,view,1,2026-02-02 19:16:00
SES-13055,USR-252,PROD-111,Stainless Steel Travel Mug,Grocery > Drinkware > Mugs,purchase,5,2026-02-23 12:19:00
SES-13051,USR-252,PROD-109,Premium Arabica Coffee Beans,Grocery > Beverages > Coffee,purchase,5,2026-02-26 18:57:00
SES-13053,USR-252,PROD-112,Organic Green Tea Bags,Grocery > Beverages > Tea,view,1,2026-03-05 10:04:00
SES-13058,USR-252,PROD-111,Stainless Steel Travel Mug,Grocery > Drinkware > Mugs,add_to_cart,3,2026-03-18 16:17:00
SES-13046,USR-252,PROD-112,Organic Green Tea Bags,Grocery > Beverages > Tea,purchase,5,2026-03-21 03:02:00
SES-13042,USR-252,PROD-109,Premium Arabica Coffee Beans,Grocery > Beverages > Coffee,view,1,2026-03-26 05:25:00
SES-13044,USR-252,PROD-112,Organic Green Tea Bags,Grocery > Beverages > Tea,purchase,5,2026-03-28 05:13:00
SES-13054,USR-252,PROD-110,Electric Pour-Over Kettle,Grocery > Appliances > Coffee,add_to_cart,3,2026-04-03 01:13:00
SES-13055,USR-252,PROD-112,Organic Green Tea Bags,Grocery > Beverages > Tea,purchase,5,2026-04-04 19:23:00
SES-13047,USR-252,PROD-109,Premium Arabica Coffee Beans,Grocery > Beverages > Coffee,add_to_cart,3,2026-04-13 14:58:00
SES-13044,USR-252,PROD-112,Organic Green Tea Bags,Grocery > Beverages > Tea,view,1,2026-04-19 06:05:00
SES-13047,USR-252,PROD-112,Organic Green Tea Bags,Grocery > Beverages > Tea,view,1,2026-05-18 02:27:00
SES-13052,USR-252,PROD-112,Organic Green Tea Bags,Grocery > Beverages > Tea,view,1,2026-05-21 02:51:00
SES-13053,USR-252,PROD-110,Electric Pour-Over Kettle,Grocery > Appliances > Coffee,purchase,5,2026-06-03 09:06:00
SES-13054,USR-252,PROD-111,Stainless Steel Travel Mug,Grocery > Drinkware > Mugs,view,1,2026-06-26 10:22:00
SES-13070,USR-253,PROD-108,USB-C Multi-Port Hub,Computers > Accessories > Hubs,add_to_cart,3,2026-01-07 03:07:00
SES-13061,USR-253,PROD-101,Wireless Noise-Canceling Headphones,Electronics > Audio > Headphones,purchase,5,2026-01-13 12:52:00
SES-13069,USR-253,PROD-108,USB-C Multi-Port Hub,Computers > Accessories > Hubs,view,1,2026-01-20 05:08:00
SES-13064,USR-253,PROD-101,Wireless Noise-Canceling Headphones,Electronics > Audio > Headphones,purchase,5,2026-01-20 06:47:00
SES-13062,USR-253,PROD-101,Wireless Noise-Canceling Headphones,Electronics > Audio > Headphones,purchase,5,2026-01-21 07:38:00
SES-13064,USR-253,PROD-103,Studio Wired Headphones,Electronics > Audio > Headphones,view,1,2026-01-26 18:27:00
SES-13077,USR-253,PROD-101,Wireless Noise-Canceling Headphones,Electronics > Audio > Headphones,view,1,2026-02-03 09:14:00
SES-13078,USR-253,PROD-101,Wireless Noise-Canceling Headphones,Electronics > Audio > Headphones,view,1,2026-02-09 22:24:00
SES-13078,USR-253,PROD-102,Bluetooth Sports Earbuds,Electronics > Audio > Headphones,view,1,2026-02-22 23:39:00
SES-13079,USR-253,PROD-103,Studio Wired Headphones,Electronics > Audio > Headphones,add_to_cart,3,2026-02-23 01:40:00
SES-13077,USR-253,PROD-101,Wireless Noise-Canceling Headphones,Electronics > Audio > Headphones,view,1,2026-02-28 23:40:00
SES-13066,USR-253,PROD-108,USB-C Multi-Port Hub,Computers > Accessories > Hubs,purchase,5,2026-04-06 08:08:00
SES-13075,USR-253,PROD-101,Wireless Noise-Canceling Headphones,Electronics > Audio > Headphones,purchase,5,2026-04-14 03:55:00
SES-13060,USR-253,PROD-102,Bluetooth Sports Earbuds,Electronics > Audio > Headphones,view,1,2026-04-15 15:50:00
SES-13075,USR-253,PROD-108,USB-C Multi-Port Hub,Computers > Accessories > Hubs,view,1,2026-04-23 15:13:00
SES-13061,USR-253,PROD-108,USB-C Multi-Port Hub,Computers > Accessories > Hubs,add_to_cart,3,2026-04-25 04:23:00
SES-13073,USR-253,PROD-103,Studio Wired Headphones,Electronics > Audio > Headphones,purchase,5,2026-05-06 04:26:00
SES-13079,USR-253,PROD-101,Wireless Noise-Canceling Headphones,Electronics > Audio > Headphones,view,1,2026-05-09 23:30:00
SES-13060,USR-253,PROD-102,Bluetooth Sports Earbuds,Electronics > Audio > Headphones,view,1,2026-05-10 07:20:00
SES-13070,USR-253,PROD-103,Studio Wired Headphones,Electronics > Audio > Headphones,view,1,2026-06-06 00:35:00
SES-13072,USR-253,PROD-101,Wireless Noise-Canceling Headphones,Electronics > Audio > Headphones,view,1,2026-06-20 11:42:00
SES-13096,USR-254,PROD-106,Ergonomic Mechanical Keyboard,Computers > Accessories > Keyboards,purchase,5,2026-01-01 10:30:00
SES-13082,USR-254,PROD-106,Ergonomic Mechanical Keyboard,Computers > Accessories > Keyboards,purchase,5,2026-01-01 17:54:00
SES-13080,USR-254,PROD-107,Wireless Vertical Mouse,Computers > Accessories > Mice,view,1,2026-01-04 21:59:00
SES-13081,USR-254,PROD-108,USB-C Multi-Port Hub,Computers > Accessories > Hubs,add_to_cart,3,2026-01-21 06:38:00
SES-13097,USR-254,PROD-112,Organic Green Tea Bags,Grocery > Beverages > Tea,view,1,2026-01-21 18:25:00
SES-13083,USR-254,PROD-104,4K Ultra HD Smart TV,Electronics > Video > Televisions,view,1,2026-02-04 11:23:00
SES-13088,USR-254,PROD-106,Ergonomic Mechanical Keyboard,Computers > Accessories > Keyboards,purchase,5,2026-02-10 02:32:00
SES-13084,USR-254,PROD-106,Ergonomic Mechanical Keyboard,Computers > Accessories > Keyboards,view,1,2026-02-21 08:48:00
SES-13097,USR-254,PROD-106,Ergonomic Mechanical Keyboard,Computers > Accessories > Keyboards,view,1,2026-03-02 05:10:00
SES-13087,USR-254,PROD-104,4K Ultra HD Smart TV,Electronics > Video > Televisions,view,1,2026-03-26 03:52:00
SES-13090,USR-254,PROD-105,OLED Gaming Monitor,Electronics > Video > Monitors,add_to_cart,3,2026-03-29 03:36:00
SES-13082,USR-254,PROD-107,Wireless Vertical Mouse,Computers > Accessories > Mice,purchase,5,2026-04-11 03:19:00
SES-13089,USR-254,PROD-105,OLED Gaming Monitor,Electronics > Video > Monitors,view,1,2026-04-15 07:04:00
SES-13085,USR-254,PROD-108,USB-C Multi-Port Hub,Computers > Accessories > Hubs,view,1,2026-04-19 23:12:00
SES-13091,USR-254,PROD-104,4K Ultra HD Smart TV,Electronics > Video > Televisions,view,1,2026-04-20 12:37:00
SES-13090,USR-254,PROD-105,OLED Gaming Monitor,Electronics > Video > Monitors,purchase,5,2026-04-22 12:56:00
SES-13096,USR-254,PROD-107,Wireless Vertical Mouse,Computers > Accessories > Mice,view,1,2026-05-02 11:26:00
SES-13093,USR-254,PROD-108,USB-C Multi-Port Hub,Computers > Accessories > Hubs,add_to_cart,3,2026-05-02 20:43:00
SES-13089,USR-254,PROD-104,4K Ultra HD Smart TV,Electronics > Video > Televisions,view,1,2026-05-02 23:35:00
SES-13088,USR-254,PROD-105,OLED Gaming Monitor,Electronics > Video > Monitors,purchase,5,2026-05-08 21:06:00
SES-13097,USR-254,PROD-101,Wireless Noise-Canceling Headphones,Electronics > Audio > Headphones,view,1,2026-05-17 08:37:00
SES-13096,USR-254,PROD-104,4K Ultra HD Smart TV,Electronics > Video > Televisions,add_to_cart,3,2026-05-28 09:47:00
SES-13080,USR-254,PROD-108,USB-C Multi-Port Hub,Computers > Accessories > Hubs,add_to_cart,3,2026-06-01 14:15:00
SES-13090,USR-254,PROD-105,OLED Gaming Monitor,Electronics > Video > Monitors,purchase,5,2026-06-15 15:55:00
SES-13090,USR-254,PROD-101,Wireless Noise-Canceling Headphones,Electronics > Audio > Headphones,view,1,2026-06-30 15:24:00
SES-13114,USR-255,PROD-108,USB-C Multi-Port Hub,Computers > Accessories > Hubs,purchase,5,2026-01-05 10:38:00
SES-13118,USR-255,PROD-101,Wireless Noise-Canceling Headphones,Electronics > Audio > Headphones,view,1,2026-01-22 21:39:00
SES-13113,USR-255,PROD-107,Wireless Vertical Mouse,Computers > Accessories > Mice,purchase,5,2026-02-10 16:38:00
SES-13103,USR-255,PROD-112,Organic Green Tea Bags,Grocery > Beverages > Tea,add_to_cart,3,2026-02-11 10:37:00
SES-13108,USR-255,PROD-105,OLED Gaming Monitor,Electronics > Video > Monitors,view,1,2026-02-22 18:50:00
SES-13116,USR-255,PROD-105,OLED Gaming Monitor,Electronics > Video > Monitors,purchase,5,2026-02-25 14:12:00
SES-13100,USR-255,PROD-105,OLED Gaming Monitor,Electronics > Video > Monitors,view,1,2026-02-25 20:12:00
SES-13114,USR-255,PROD-110,Electric Pour-Over Kettle,Grocery > Appliances > Coffee,add_to_cart,3,2026-03-03 01:46:00
SES-13116,USR-255,PROD-108,USB-C Multi-Port Hub,Computers > Accessories > Hubs,view,1,2026-03-10 06:39:00
SES-13102,USR-255,PROD-105,OLED Gaming Monitor,Electronics > Video > Monitors,view,1,2026-03-12 11:26:00
SES-13116,USR-255,PROD-106,Ergonomic Mechanical Keyboard,Computers > Accessories > Keyboards,purchase,5,2026-04-02 13:59:00
SES-13114,USR-255,PROD-105,OLED Gaming Monitor,Electronics > Video > Monitors,purchase,5,2026-04-08 15:45:00
SES-13112,USR-255,PROD-108,USB-C Multi-Port Hub,Computers > Accessories > Hubs,view,1,2026-04-10 03:55:00
SES-13116,USR-255,PROD-104,4K Ultra HD Smart TV,Electronics > Video > Televisions,view,1,2026-04-21 19:02:00
SES-13112,USR-255,PROD-104,4K Ultra HD Smart TV,Electronics > Video > Televisions,view,1,2026-04-22 20:29:00
SES-13110,USR-255,PROD-108,USB-C Multi-Port Hub,Computers > Accessories > Hubs,purchase,5,2026-05-04 07:39:00
SES-13108,USR-255,PROD-104,4K Ultra HD Smart TV,Electronics > Video > Televisions,purchase,5,2026-05-11 22:37:00
SES-13111,USR-255,PROD-108,USB-C Multi-Port Hub,Computers > Accessories > Hubs,add_to_cart,3,2026-05-14 04:43:00
SES-13110,USR-255,PROD-106,Ergonomic Mechanical Keyboard,Computers > Accessories > Keyboards,purchase,5,2026-05-16 22:34:00
SES-13116,USR-255,PROD-107,Wireless Vertical Mouse,Computers > Accessories > Mice,view,1,2026-05-26 14:57:00
SES-13112,USR-255,PROD-107,Wireless Vertical Mouse,Computers > Accessories > Mice,view,1,2026-06-19 01:03:00
SES-13100,USR-255,PROD-104,4K Ultra HD Smart TV,Electronics > Video > Televisions,add_to_cart,3,2026-06-22 14:31:00
SES-13106,USR-255,PROD-105,OLED Gaming Monitor,Electronics > Video > Monitors,add_to_cart,3,2026-06-23 22:30:00
SES-13114,USR-255,PROD-107,Wireless Vertical Mouse,Computers > Accessories > Mice,purchase,5,2026-06-30 20:40:00
SES-13124,USR-256,PROD-107,Wireless Vertical Mouse,Computers > Accessories > Mice,purchase,5,2026-01-16 12:36:00
SES-13137,USR-256,PROD-101,Wireless Noise-Canceling Headphones,Electronics > Audio > Headphones,purchase,5,2026-02-07 13:51:00
SES-13137,USR-256,PROD-107,Wireless Vertical Mouse,Computers > Accessories > Mice,view,1,2026-02-13 11:26:00
SES-13123,USR-256,PROD-101,Wireless Noise-Canceling Headphones,Electronics > Audio > Headphones,view,1,2026-03-13 03:24:00
SES-13137,USR-256,PROD-108,USB-C Multi-Port Hub,Computers > Accessories > Hubs,view,1,2026-03-28 19:40:00
SES-13121,USR-256,PROD-102,Bluetooth Sports Earbuds,Electronics > Audio > Headphones,purchase,5,2026-04-04 17:22:00
SES-13121,USR-256,PROD-101,Wireless Noise-Canceling Headphones,Electronics > Audio > Headphones,purchase,5,2026-04-10 19:22:00
SES-13123,USR-256,PROD-101,Wireless Noise-Canceling Headphones,Electronics > Audio > Headphones,view,1,2026-04-14 00:05:00
SES-13128,USR-256,PROD-115,Water-Resistant Gym Duffel,Apparel > Accessories > Bags,view,1,2026-04-22 05:37:00
SES-13126,USR-256,PROD-108,USB-C Multi-Port Hub,Computers > Accessories > Hubs,purchase,5,2026-04-28 06:11:00
SES-13128,USR-256,PROD-101,Wireless Noise-Canceling Headphones,Electronics > Audio > Headphones,add_to_cart,3,2026-05-22 10:11:00
SES-13134,USR-256,PROD-108,USB-C Multi-Port Hub,Computers > Accessories > Hubs,purchase,5,2026-05-30 23:03:00
SES-13134,USR-256,PROD-102,Bluetooth Sports Earbuds,Electronics > Audio > Headphones,view,1,2026-06-11 19:38:00
SES-13134,USR-256,PROD-103,Studio Wired Headphones,Electronics > Audio > Headphones,view,1,2026-06-14 04:08:00
SES-13136,USR-256,PROD-103,Studio Wired Headphones,Electronics > Audio > Headphones,purchase,5,2026-06-17 20:19:00
SES-13149,USR-257,PROD-102,Bluetooth Sports Earbuds,Electronics > Audio > Headphones,add_to_cart,3,2026-01-11 05:45:00
SES-13141,USR-257,PROD-108,USB-C Multi-Port Hub,Computers > Accessories > Hubs,view,1,2026-01-14 18:20:00
SES-13158,USR-257,PROD-109,Premium Arabica Coffee Beans,Grocery > Beverages > Coffee,add_to_cart,3,2026-01-16 16:50:00
SES-13149,USR-257,PROD-103,Studio Wired Headphones,Electronics > Audio > Headphones,purchase,5,2026-01-25 15:55:00
SES-13151,USR-257,PROD-106,Ergonomic Mechanical Keyboard,Computers > Accessories > Keyboards,purchase,5,2026-01-27 22:41:00
SES-13150,USR-257,PROD-101,Wireless Noise-Canceling Headphones,Electronics > Audio > Headphones,view,1,2026-02-04 03:38:00
SES-13154,USR-257,PROD-108,USB-C Multi-Port Hub,Computers > Accessories > Hubs,purchase,5,2026-02-10 16:41:00
SES-13156,USR-257,PROD-101,Wireless Noise-Canceling Headphones,Electronics > Audio > Headphones,add_to_cart,3,2026-02-10 22:40:00
SES-13159,USR-257,PROD-103,Studio Wired Headphones,Electronics > Audio > Headphones,view,1,2026-02-14 21:51:00
SES-13146,USR-257,PROD-101,Wireless Noise-Canceling Headphones,Electronics > Audio > Headphones,view,1,2026-03-07 17:47:00
SES-13147,USR-257,PROD-108,USB-C Multi-Port Hub,Computers > Accessories > Hubs,view,1,2026-03-19 00:24:00
SES-13155,USR-257,PROD-102,Bluetooth Sports Earbuds,Electronics > Audio > Headphones,add_to_cart,3,2026-03-30 21:43:00
SES-13141,USR-257,PROD-108,USB-C Multi-Port Hub,Computers > Accessories > Hubs,view,1,2026-03-31 01:03:00
SES-13144,USR-257,PROD-101,Wireless Noise-Canceling Headphones,Electronics > Audio > Headphones,view,1,2026-04-12 11:20:00
SES-13149,USR-257,PROD-102,Bluetooth Sports Earbuds,Electronics > Audio > Headphones,view,1,2026-05-21 16:21:00
SES-13150,USR-257,PROD-103,Studio Wired Headphones,Electronics > Audio > Headphones,view,1,2026-06-01 01:32:00
SES-13155,USR-257,PROD-102,Bluetooth Sports Earbuds,Electronics > Audio > Headphones,view,1,2026-06-05 12:45:00
SES-13154,USR-257,PROD-103,Studio Wired Headphones,Electronics > Audio > Headphones,purchase,5,2026-06-08 06:40:00
SES-13151,USR-257,PROD-108,USB-C Multi-Port Hub,Computers > Accessories > Hubs,purchase,5,2026-06-08 16:00:00
SES-13157,USR-257,PROD-112,Organic Green Tea Bags,Grocery > Beverages > Tea,purchase,5,2026-06-15 19:09:00
SES-13142,USR-257,PROD-104,4K Ultra HD Smart TV,Electronics > Video > Televisions,purchase,5,2026-06-18 08:57:00
SES-13146,USR-257,PROD-102,Bluetooth Sports Earbuds,Electronics > Audio > Headphones,view,1,2026-06-26 15:13:00
SES-13141,USR-257,PROD-103,Studio Wired Headphones,Electronics > Audio > Headphones,purchase,5,2026-06-28 09:52:00
SES-13177,USR-258,PROD-103,Studio Wired Headphones,Electronics > Audio > Headphones,add_to_cart,3,2026-01-09 19:57:00
SES-13175,USR-258,PROD-101,Wireless Noise-Canceling Headphones,Electronics > Audio > Headphones,view,1,2026-01-28 03:59:00
SES-13162,USR-258,PROD-108,USB-C Multi-Port Hub,Computers > Accessories > Hubs,purchase,5,2026-02-13 00:45:00
SES-13161,USR-258,PROD-101,Wireless Noise-Canceling Headphones,Electronics > Audio > Headphones,purchase,5,2026-03-10 13:51:00
SES-13179,USR-258,PROD-101,Wireless Noise-Canceling Headphones,Electronics > Audio > Headphones,view,1,2026-03-14 11:38:00
SES-13165,USR-258,PROD-108,USB-C Multi-Port Hub,Computers > Accessories > Hubs,view,1,2026-03-17 05:21:00
SES-13168,USR-258,PROD-101,Wireless Noise-Canceling Headphones,Electronics > Audio > Headphones,purchase,5,2026-03-19 15:11:00
SES-13164,USR-258,PROD-101,Wireless Noise-Canceling Headphones,Electronics > Audio > Headphones,view,1,2026-03-19 21:25:00
SES-13179,USR-258,PROD-103,Studio Wired Headphones,Electronics > Audio > Headphones,purchase,5,2026-03-30 17:05:00
SES-13165,USR-258,PROD-108,USB-C Multi-Port Hub,Computers > Accessories > Hubs,purchase,5,2026-04-16 00:09:00
SES-13173,USR-258,PROD-108,USB-C Multi-Port Hub,Computers > Accessories > Hubs,view,1,2026-04-27 19:25:00
SES-13179,USR-258,PROD-108,USB-C Multi-Port Hub,Computers > Accessories > Hubs,purchase,5,2026-05-02 06:50:00
SES-13173,USR-258,PROD-114,Moisture-Wicking Sports Tee,Apparel > Clothing > Activewear,view,1,2026-05-15 03:19:00
SES-13176,USR-258,PROD-103,Studio Wired Headphones,Electronics > Audio > Headphones,purchase,5,2026-05-22 23:28:00
SES-13171,USR-258,PROD-102,Bluetooth Sports Earbuds,Electronics > Audio > Headphones,add_to_cart,3,2026-06-15 15:38:00
SES-13170,USR-258,PROD-104,4K Ultra HD Smart TV,Electronics > Video > Televisions,view,1,2026-06-24 01:08:00
SES-13188,USR-259,PROD-108,USB-C Multi-Port Hub,Computers > Accessories > Hubs,purchase,5,2026-02-13 13:03:00
SES-13196,USR-259,PROD-105,OLED Gaming Monitor,Electronics > Video > Monitors,add_to_cart,3,2026-02-15 00:54:00
SES-13193,USR-259,PROD-106,Ergonomic Mechanical Keyboard,Computers > Accessories > Keyboards,view,1,2026-02-26 21:06:00
SES-13181,USR-259,PROD-104,4K Ultra HD Smart TV,Electronics > Video > Televisions,add_to_cart,3,2026-03-13 01:08:00
SES-13198,USR-259,PROD-107,Wireless Vertical Mouse,Computers > Accessories > Mice,purchase,5,2026-03-17 07:15:00
SES-13183,USR-259,PROD-108,USB-C Multi-Port Hub,Computers > Accessories > Hubs,purchase,5,2026-03-21 09:56:00
SES-13198,USR-259,PROD-102,Bluetooth Sports Earbuds,Electronics > Audio > Headphones,view,1,2026-04-12 15:14:00
SES-13195,USR-259,PROD-105,OLED Gaming Monitor,Electronics > Video > Monitors,purchase,5,2026-04-12 16:49:00
SES-13191,USR-259,PROD-108,USB-C Multi-Port Hub,Computers > Accessories > Hubs,add_to_cart,3,2026-04-17 00:47:00
SES-13187,USR-259,PROD-106,Ergonomic Mechanical Keyboard,Computers > Accessories > Keyboards,view,1,2026-04-19 10:00:00
SES-13198,USR-259,PROD-108,USB-C Multi-Port Hub,Computers > Accessories > Hubs,add_to_cart,3,2026-05-06 15:59:00
SES-13188,USR-259,PROD-107,Wireless Vertical Mouse,Computers > Accessories > Mice,purchase,5,2026-05-08 01:44:00
SES-13199,USR-259,PROD-104,4K Ultra HD Smart TV,Electronics > Video > Televisions,add_to_cart,3,2026-05-16 11:54:00
SES-13182,USR-259,PROD-104,4K Ultra HD Smart TV,Electronics > Video > Televisions,view,1,2026-06-04 04:07:00
SES-13198,USR-259,PROD-107,Wireless Vertical Mouse,Computers > Accessories > Mice,view,1,2026-06-04 14:43:00
SES-13198,USR-259,PROD-107,Wireless Vertical Mouse,Computers > Accessories > Mice,add_to_cart,3,2026-06-10 10:34:00
SES-13192,USR-259,PROD-105,OLED Gaming Monitor,Electronics > Video > Monitors,purchase,5,2026-06-20 02:24:00
SES-13187,USR-259,PROD-106,Ergonomic Mechanical Keyboard,Computers > Accessories > Keyboards,view,1,2026-06-24 02:22:00
SES-13198,USR-259,PROD-108,USB-C Multi-Port Hub,Computers > Accessories > Hubs,purchase,5,2026-06-28 06:38:00
SES-13201,USR-260,PROD-101,Wireless Noise-Canceling Headphones,Electronics > Audio > Headphones,view,1,2026-01-03 03:04:00
SES-13201,USR-260,PROD-103,Studio Wired Headphones,Electronics > Audio > Headphones,add_to_cart,3,2026-01-08 22:38:00
SES-13205,USR-260,PROD-102,Bluetooth Sports Earbuds,Electronics > Audio > Headphones,view,1,2026-01-12 22:01:00
SES-13207,USR-260,PROD-108,USB-C Multi-Port Hub,Computers > Accessories > Hubs,view,1,2026-01-24 11:25:00
SES-13219,USR-260,PROD-108,USB-C Multi-Port Hub,Computers > Accessories > Hubs,view,1,2026-01-26 17:57:00
SES-13217,USR-260,PROD-107,Wireless Vertical Mouse,Computers > Accessories > Mice,add_to_cart,3,2026-02-06 21:12:00
SES-13206,USR-260,PROD-102,Bluetooth Sports Earbuds,Electronics > Audio > Headphones,view,1,2026-03-06 00:25:00
SES-13207,USR-260,PROD-108,USB-C Multi-Port Hub,Computers > Accessories > Hubs,purchase,5,2026-03-06 10:54:00
SES-13207,USR-260,PROD-103,Studio Wired Headphones,Electronics > Audio > Headphones,purchase,5,2026-03-12 15:07:00
SES-13211,USR-260,PROD-103,Studio Wired Headphones,Electronics > Audio > Headphones,add_to_cart,3,2026-03-15 22:43:00
SES-13200,USR-260,PROD-102,Bluetooth Sports Earbuds,Electronics > Audio > Headphones,view,1,2026-03-21 18:40:00
SES-13219,USR-260,PROD-102,Bluetooth Sports Earbuds,Electronics > Audio > Headphones,view,1,2026-03-22 03:40:00
SES-13208,USR-260,PROD-103,Studio Wired Headphones,Electronics > Audio > Headphones,purchase,5,2026-03-27 17:41:00
SES-13200,USR-260,PROD-102,Bluetooth Sports Earbuds,Electronics > Audio > Headphones,view,1,2026-04-02 11:06:00
SES-13201,USR-260,PROD-101,Wireless Noise-Canceling Headphones,Electronics > Audio > Headphones,add_to_cart,3,2026-04-23 15:22:00
SES-13218,USR-260,PROD-107,Wireless Vertical Mouse,Computers > Accessories > Mice,purchase,5,2026-04-24 02:40:00
SES-13208,USR-260,PROD-108,USB-C Multi-Port Hub,Computers > Accessories > Hubs,purchase,5,2026-04-24 22:23:00
SES-13218,USR-260,PROD-101,Wireless Noise-Canceling Headphones,Electronics > Audio > Headphones,view,1,2026-05-13 10:10:00
SES-13212,USR-260,PROD-108,USB-C Multi-Port Hub,Computers > Accessories > Hubs,view,1,2026-05-20 07:12:00
SES-13205,USR-260,PROD-101,Wireless Noise-Canceling Headphones,Electronics > Audio > Headphones,view,1,2026-05-22 02:33:00
SES-13210,USR-260,PROD-108,USB-C Multi-Port Hub,Computers > Accessories > Hubs,purchase,5,2026-05-23 18:18:00
SES-13203,USR-260,PROD-101,Wireless Noise-Canceling Headphones,Electronics > Audio > Headphones,purchase,5,2026-06-03 16:31:00
SES-13213,USR-260,PROD-103,Studio Wired Headphones,Electronics > Audio > Headphones,view,1,2026-06-12 09:57:00
SES-13239,USR-261,PROD-107,Wireless Vertical Mouse,Computers > Accessories > Mice,purchase,5,2026-01-07 08:05:00
SES-13229,USR-261,PROD-102,Bluetooth Sports Earbuds,Electronics > Audio > Headphones,purchase,5,2026-01-08 15:35:00
SES-13238,USR-261,PROD-108,USB-C Multi-Port Hub,Computers > Accessories > Hubs,view,1,2026-01-10 18:49:00
SES-13224,USR-261,PROD-108,USB-C Multi-Port Hub,Computers > Accessories > Hubs,view,1,2026-01-25 13:22:00
SES-13232,USR-261,PROD-105,OLED Gaming Monitor,Electronics > Video > Monitors,view,1,2026-02-06 23:56:00
SES-13226,USR-261,PROD-111,Stainless Steel Travel Mug,Grocery > Drinkware > Mugs,view,1,2026-02-28 14:26:00
SES-13224,USR-261,PROD-101,Wireless Noise-Canceling Headphones,Electronics > Audio > Headphones,purchase,5,2026-03-06 00:48:00
SES-13239,USR-261,PROD-108,USB-C Multi-Port Hub,Computers > Accessories > Hubs,purchase,5,2026-03-08 11:21:00
SES-13237,USR-261,PROD-108,USB-C Multi-Port Hub,Computers > Accessories > Hubs,purchase,5,2026-03-11 23:11:00
SES-13224,USR-261,PROD-102,Bluetooth Sports Earbuds,Electronics > Audio > Headphones,purchase,5,2026-03-19 02:54:00
SES-13224,USR-261,PROD-108,USB-C Multi-Port Hub,Computers > Accessories > Hubs,purchase,5,2026-04-04 08:14:00
SES-13232,USR-261,PROD-108,USB-C Multi-Port Hub,Computers > Accessories > Hubs,view,1,2026-04-11 02:10:00
SES-13233,USR-261,PROD-101,Wireless Noise-Canceling Headphones,Electronics > Audio > Headphones,view,1,2026-04-19 20:13:00
SES-13227,USR-261,PROD-103,Studio Wired Headphones,Electronics > Audio > Headphones,add_to_cart,3,2026-04-22 03:21:00
SES-13224,USR-261,PROD-108,USB-C Multi-Port Hub,Computers > Accessories > Hubs,view,1,2026-04-22 12:34:00
SES-13221,USR-261,PROD-108,USB-C Multi-Port Hub,Computers > Accessories > Hubs,view,1,2026-05-12 21:28:00
SES-13237,USR-261,PROD-101,Wireless Noise-Canceling Headphones,Electronics > Audio > Headphones,purchase,5,2026-05-15 20:51:00
SES-13222,USR-261,PROD-103,Studio Wired Headphones,Electronics > Audio > Headphones,view,1,2026-05-16 12:36:00
SES-13239,USR-261,PROD-101,Wireless Noise-Canceling Headphones,Electronics > Audio > Headphones,purchase,5,2026-06-10 02:45:00
SES-13245,USR-262,PROD-113,Running Shoes Ultra Light,Apparel > Footwear > Shoes,view,1,2026-01-03 06:05:00
SES-13253,USR-262,PROD-105,OLED Gaming Monitor,Electronics > Video > Monitors,add_to_cart,3,2026-01-24 21:39:00
SES-13258,USR-262,PROD-111,Stainless Steel Travel Mug,Grocery > Drinkware > Mugs,purchase,5,2026-02-18 06:22:00
SES-13247,USR-262,PROD-111,Stainless Steel Travel Mug,Grocery > Drinkware > Mugs,purchase,5,2026-02-20 18:12:00
SES-13244,USR-262,PROD-111,Stainless Steel Travel Mug,Grocery > Drinkware > Mugs,view,1,2026-02-23 13:35:00
SES-13245,USR-262,PROD-111,Stainless Steel Travel Mug,Grocery > Drinkware > Mugs,view,1,2026-02-26 10:08:00
SES-13244,USR-262,PROD-111,Stainless Steel Travel Mug,Grocery > Drinkware > Mugs,purchase,5,2026-02-27 07:25:00
SES-13245,USR-262,PROD-108,USB-C Multi-Port Hub,Computers > Accessories > Hubs,view,1,2026-03-11 18:17:00
SES-13248,USR-262,PROD-111,Stainless Steel Travel Mug,Grocery > Drinkware > Mugs,purchase,5,2026-03-30 19:07:00
SES-13248,USR-262,PROD-111,Stainless Steel Travel Mug,Grocery > Drinkware > Mugs,add_to_cart,3,2026-04-02 02:18:00
SES-13242,USR-262,PROD-109,Premium Arabica Coffee Beans,Grocery > Beverages > Coffee,view,1,2026-04-08 10:41:00
SES-13242,USR-262,PROD-112,Organic Green Tea Bags,Grocery > Beverages > Tea,purchase,5,2026-04-30 19:55:00
SES-13242,USR-262,PROD-110,Electric Pour-Over Kettle,Grocery > Appliances > Coffee,add_to_cart,3,2026-05-01 08:04:00
SES-13248,USR-262,PROD-111,Stainless Steel Travel Mug,Grocery > Drinkware > Mugs,purchase,5,2026-05-04 17:55:00
SES-13248,USR-262,PROD-112,Organic Green Tea Bags,Grocery > Beverages > Tea,purchase,5,2026-05-22 01:06:00
SES-13255,USR-262,PROD-112,Organic Green Tea Bags,Grocery > Beverages > Tea,view,1,2026-05-22 12:48:00
SES-13244,USR-262,PROD-110,Electric Pour-Over Kettle,Grocery > Appliances > Coffee,view,1,2026-06-06 14:28:00
SES-13244,USR-262,PROD-105,OLED Gaming Monitor,Electronics > Video > Monitors,add_to_cart,3,2026-06-07 18:12:00
SES-13248,USR-262,PROD-111,Stainless Steel Travel Mug,Grocery > Drinkware > Mugs,view,1,2026-06-09 20:30:00
SES-13257,USR-262,PROD-106,Ergonomic Mechanical Keyboard,Computers > Accessories > Keyboards,purchase,5,2026-06-12 10:13:00
SES-13251,USR-262,PROD-110,Electric Pour-Over Kettle,Grocery > Appliances > Coffee,add_to_cart,3,2026-06-15 17:27:00
SES-13249,USR-262,PROD-112,Organic Green Tea Bags,Grocery > Beverages > Tea,view,1,2026-06-27 04:23:00
SES-13271,USR-263,PROD-103,Studio Wired Headphones,Electronics > Audio > Headphones,purchase,5,2026-01-01 13:11:00
SES-13279,USR-263,PROD-101,Wireless Noise-Canceling Headphones,Electronics > Audio > Headphones,add_to_cart,3,2026-01-16 12:20:00
SES-13271,USR-263,PROD-101,Wireless Noise-Canceling Headphones,Electronics > Audio > Headphones,purchase,5,2026-02-03 13:12:00
SES-13265,USR-263,PROD-108,USB-C Multi-Port Hub,Computers > Accessories > Hubs,add_to_cart,3,2026-02-21 09:02:00
SES-13275,USR-263,PROD-101,Wireless Noise-Canceling Headphones,Electronics > Audio > Headphones,purchase,5,2026-02-23 01:53:00
SES-13261,USR-263,PROD-103,Studio Wired Headphones,Electronics > Audio > Headphones,purchase,5,2026-02-25 03:51:00
SES-13271,USR-263,PROD-101,Wireless Noise-Canceling Headphones,Electronics > Audio > Headphones,purchase,5,2026-02-25 06:01:00
SES-13263,USR-263,PROD-106,Ergonomic Mechanical Keyboard,Computers > Accessories > Keyboards,view,1,2026-03-02 15:06:00
SES-13268,USR-263,PROD-112,Organic Green Tea Bags,Grocery > Beverages > Tea,view,1,2026-03-19 06:47:00
SES-13275,USR-263,PROD-101,Wireless Noise-Canceling Headphones,Electronics > Audio > Headphones,purchase,5,2026-03-20 13:34:00
SES-13260,USR-263,PROD-104,4K Ultra HD Smart TV,Electronics > Video > Televisions,purchase,5,2026-04-19 21:39:00
SES-13271,USR-263,PROD-103,Studio Wired Headphones,Electronics > Audio > Headphones,purchase,5,2026-05-14 20:44:00
SES-13279,USR-263,PROD-108,USB-C Multi-Port Hub,Computers > Accessories > Hubs,purchase,5,2026-05-15 01:27:00
SES-13263,USR-263,PROD-101,Wireless Noise-Canceling Headphones,Electronics > Audio > Headphones,view,1,2026-05-25 20:50:00
SES-13274,USR-263,PROD-103,Studio Wired Headphones,Electronics > Audio > Headphones,purchase,5,2026-05-29 11:01:00
SES-13292,USR-264,PROD-108,USB-C Multi-Port Hub,Computers > Accessories > Hubs,view,1,2026-01-15 11:24:00
SES-13287,USR-264,PROD-106,Ergonomic Mechanical Keyboard,Computers > Accessories > Keyboards,view,1,2026-01-19 12:17:00
SES-13288,USR-264,PROD-110,Electric Pour-Over Kettle,Grocery > Appliances > Coffee,view,1,2026-01-24 14:51:00
SES-13288,USR-264,PROD-106,Ergonomic Mechanical Keyboard,Computers > Accessories > Keyboards,view,1,2026-01-26 05:57:00
SES-13290,USR-264,PROD-106,Ergonomic Mechanical Keyboard,Computers > Accessories > Keyboards,purchase,5,2026-01-27 01:33:00
SES-13290,USR-264,PROD-107,Wireless Vertical Mouse,Computers > Accessories > Mice,purchase,5,2026-02-06 13:54:00
SES-13295,USR-264,PROD-105,OLED Gaming Monitor,Electronics > Video > Monitors,view,1,2026-02-19 18:56:00
SES-13284,USR-264,PROD-107,Wireless Vertical Mouse,Computers > Accessories > Mice,view,1,2026-02-21 21:26:00
SES-13295,USR-264,PROD-107,Wireless Vertical Mouse,Computers > Accessories > Mice,add_to_cart,3,2026-03-08 11:41:00
SES-13295,USR-264,PROD-108,USB-C Multi-Port Hub,Computers > Accessories > Hubs,add_to_cart,3,2026-03-21 03:22:00
SES-13282,USR-264,PROD-108,USB-C Multi-Port Hub,Computers > Accessories > Hubs,view,1,2026-04-05 20:11:00
SES-13289,USR-264,PROD-105,OLED Gaming Monitor,Electronics > Video > Monitors,purchase,5,2026-04-12 15:56:00
SES-13281,USR-264,PROD-104,4K Ultra HD Smart TV,Electronics > Video > Televisions,view,1,2026-04-13 16:15:00
SES-13291,USR-264,PROD-108,USB-C Multi-Port Hub,Computers > Accessories > Hubs,view,1,2026-04-23 05:07:00
SES-13288,USR-264,PROD-102,Bluetooth Sports Earbuds,Electronics > Audio > Headphones,add_to_cart,3,2026-05-14 08:41:00
SES-13295,USR-264,PROD-104,4K Ultra HD Smart TV,Electronics > Video > Televisions,view,1,2026-05-27 00:47:00
SES-13297,USR-264,PROD-107,Wireless Vertical Mouse,Computers > Accessories > Mice,purchase,5,2026-05-29 14:44:00
SES-13284,USR-264,PROD-104,4K Ultra HD Smart TV,Electronics > Video > Televisions,purchase,5,2026-05-29 22:24:00
SES-13293,USR-264,PROD-104,4K Ultra HD Smart TV,Electronics > Video > Televisions,view,1,2026-05-30 03:54:00
SES-13298,USR-264,PROD-105,OLED Gaming Monitor,Electronics > Video > Monitors,view,1,2026-06-09 21:23:00
SES-13310,USR-265,PROD-110,Electric Pour-Over Kettle,Grocery > Appliances > Coffee,add_to_cart,3,2026-01-09 21:58:00
SES-13318,USR-265,PROD-112,Organic Green Tea Bags,Grocery > Beverages > Tea,purchase,5,2026-01-10 13:36:00
SES-13313,USR-265,PROD-110,Electric Pour-Over Kettle,Grocery > Appliances > Coffee,purchase,5,2026-01-14 22:54:00
SES-13314,USR-265,PROD-112,Organic Green Tea Bags,Grocery > Beverages > Tea,purchase,5,2026-01-17 15:53:00
SES-13319,USR-265,PROD-112,Organic Green Tea Bags,Grocery > Beverages > Tea,view,1,2026-01-22 01:18:00
SES-13319,USR-265,PROD-110,Electric Pour-Over Kettle,Grocery > Appliances > Coffee,view,1,2026-01-22 19:37:00
SES-13318,USR-265,PROD-110,Electric Pour-Over Kettle,Grocery > Appliances > Coffee,view,1,2026-01-23 03:20:00
SES-13319,USR-265,PROD-109,Premium Arabica Coffee Beans,Grocery > Beverages > Coffee,purchase,5,2026-02-07 01:49:00
SES-13306,USR-265,PROD-112,Organic Green Tea Bags,Grocery > Beverages > Tea,view,1,2026-03-19 14:51:00
SES-13300,USR-265,PROD-112,Organic Green Tea Bags,Grocery > Beverages > Tea,view,1,2026-03-30 12:16:00
SES-13301,USR-265,PROD-112,Organic Green Tea Bags,Grocery > Beverages > Tea,purchase,5,2026-04-01 04:45:00
SES-13315,USR-265,PROD-111,Stainless Steel Travel Mug,Grocery > Drinkware > Mugs,view,1,2026-04-11 18:13:00
SES-13303,USR-265,PROD-106,Ergonomic Mechanical Keyboard,Computers > Accessories > Keyboards,view,1,2026-04-20 01:26:00
SES-13316,USR-265,PROD-112,Organic Green Tea Bags,Grocery > Beverages > Tea,add_to_cart,3,2026-04-21 00:43:00
SES-13312,USR-265,PROD-112,Organic Green Tea Bags,Grocery > Beverages > Tea,purchase,5,2026-04-21 01:16:00
SES-13310,USR-265,PROD-112,Organic Green Tea Bags,Grocery > Beverages > Tea,purchase,5,2026-04-21 03:36:00
SES-13303,USR-265,PROD-110,Electric Pour-Over Kettle,Grocery > Appliances > Coffee,purchase,5,2026-04-23 14:11:00
SES-13318,USR-265,PROD-109,Premium Arabica Coffee Beans,Grocery > Beverages > Coffee,purchase,5,2026-05-02 07:21:00
SES-13306,USR-265,PROD-111,Stainless Steel Travel Mug,Grocery > Drinkware > Mugs,purchase,5,2026-05-02 09:01:00
SES-13308,USR-265,PROD-111,Stainless Steel Travel Mug,Grocery > Drinkware > Mugs,view,1,2026-05-20 05:02:00
SES-13312,USR-265,PROD-111,Stainless Steel Travel Mug,Grocery > Drinkware > Mugs,view,1,2026-05-23 08:54:00
SES-13306,USR-265,PROD-110,Electric Pour-Over Kettle,Grocery > Appliances > Coffee,purchase,5,2026-05-27 21:08:00
SES-13319,USR-265,PROD-111,Stainless Steel Travel Mug,Grocery > Drinkware > Mugs,purchase,5,2026-05-28 09:40:00
SES-13300,USR-265,PROD-111,Stainless Steel Travel Mug,Grocery > Drinkware > Mugs,purchase,5,2026-06-18 10:17:00
SES-13310,USR-265,PROD-111,Stainless Steel Travel Mug,Grocery > Drinkware > Mugs,view,1,2026-06-20 23:47:00
SES-13322,USR-266,PROD-113,Running Shoes Ultra Light,Apparel > Footwear > Shoes,purchase,5,2026-01-06 06:06:00
SES-13333,USR-266,PROD-115,Water-Resistant Gym Duffel,Apparel > Accessories > Bags,add_to_cart,3,2026-01-08 16:59:00
SES-13325,USR-266,PROD-113,Running Shoes Ultra Light,Apparel > Footwear > Shoes,add_to_cart,3,2026-02-01 03:06:00
SES-13326,USR-266,PROD-109,Premium Arabica Coffee Beans,Grocery > Beverages > Coffee,view,1,2026-02-28 14:07:00
SES-13321,USR-266,PROD-115,Water-Resistant Gym Duffel,Apparel > Accessories > Bags,add_to_cart,3,2026-03-05 06:48:00
SES-13334,USR-266,PROD-107,Wireless Vertical Mouse,Computers > Accessories > Mice,view,1,2026-03-07 23:05:00
SES-13323,USR-266,PROD-113,Running Shoes Ultra Light,Apparel > Footwear > Shoes,view,1,2026-03-09 19:47:00
SES-13332,USR-266,PROD-113,Running Shoes Ultra Light,Apparel > Footwear > Shoes,purchase,5,2026-03-09 20:12:00
SES-13338,USR-266,PROD-108,USB-C Multi-Port Hub,Computers > Accessories > Hubs,add_to_cart,3,2026-03-14 23:24:00
SES-13332,USR-266,PROD-114,Moisture-Wicking Sports Tee,Apparel > Clothing > Activewear,purchase,5,2026-03-18 17:40:00
SES-13322,USR-266,PROD-113,Running Shoes Ultra Light,Apparel > Footwear > Shoes,purchase,5,2026-04-16 10:17:00
SES-13322,USR-266,PROD-115,Water-Resistant Gym Duffel,Apparel > Accessories > Bags,view,1,2026-05-11 02:11:00
SES-13335,USR-266,PROD-114,Moisture-Wicking Sports Tee,Apparel > Clothing > Activewear,purchase,5,2026-05-17 03:45:00
SES-13329,USR-266,PROD-109,Premium Arabica Coffee Beans,Grocery > Beverages > Coffee,view,1,2026-05-19 10:41:00
SES-13323,USR-266,PROD-114,Moisture-Wicking Sports Tee,Apparel > Clothing > Activewear,view,1,2026-06-09 18:35:00
SES-13322,USR-266,PROD-114,Moisture-Wicking Sports Tee,Apparel > Clothing > Activewear,purchase,5,2026-06-10 16:41:00
SES-13324,USR-266,PROD-102,Bluetooth Sports Earbuds,Electronics > Audio > Headphones,purchase,5,2026-06-15 11:00:00
SES-13335,USR-266,PROD-113,Running Shoes Ultra Light,Apparel > Footwear > Shoes,purchase,5,2026-06-24 20:21:00
SES-13322,USR-266,PROD-115,Water-Resistant Gym Duffel,Apparel > Accessories > Bags,view,1,2026-06-25 02:31:00
SES-13354,USR-267,PROD-104,4K Ultra HD Smart TV,Electronics > Video > Televisions,purchase,5,2026-01-16 12:19:00
SES-13349,USR-267,PROD-113,Running Shoes Ultra Light,Apparel > Footwear > Shoes,add_to_cart,3,2026-01-18 10:18:00
SES-13353,USR-267,PROD-104,4K Ultra HD Smart TV,Electronics > Video > Televisions,view,1,2026-01-25 17:01:00
SES-13344,USR-267,PROD-105,OLED Gaming Monitor,Electronics > Video > Monitors,add_to_cart,3,2026-01-30 02:26:00
SES-13355,USR-267,PROD-115,Water-Resistant Gym Duffel,Apparel > Accessories > Bags,view,1,2026-02-21 09:48:00
SES-13358,USR-267,PROD-108,USB-C Multi-Port Hub,Computers > Accessories > Hubs,purchase,5,2026-02-21 17:41:00
SES-13354,USR-267,PROD-105,OLED Gaming Monitor,Electronics > Video > Monitors,view,1,2026-02-26 21:38:00
SES-13359,USR-267,PROD-104,4K Ultra HD Smart TV,Electronics > Video > Televisions,add_to_cart,3,2026-03-05 01:25:00
SES-13340,USR-267,PROD-104,4K Ultra HD Smart TV,Electronics > Video > Televisions,purchase,5,2026-03-09 08:35:00
SES-13354,USR-267,PROD-106,Ergonomic Mechanical Keyboard,Computers > Accessories > Keyboards,purchase,5,2026-03-11 16:08:00
SES-13356,USR-267,PROD-104,4K Ultra HD Smart TV,Electronics > Video > Televisions,purchase,5,2026-03-12 00:16:00
SES-13341,USR-267,PROD-105,OLED Gaming Monitor,Electronics > Video > Monitors,view,1,2026-03-27 08:04:00
SES-13352,USR-267,PROD-104,4K Ultra HD Smart TV,Electronics > Video > Televisions,add_to_cart,3,2026-04-18 14:16:00
SES-13340,USR-267,PROD-105,OLED Gaming Monitor,Electronics > Video > Monitors,purchase,5,2026-04-20 02:58:00
SES-13354,USR-267,PROD-107,Wireless Vertical Mouse,Computers > Accessories > Mice,add_to_cart,3,2026-05-11 16:09:00
SES-13359,USR-267,PROD-107,Wireless Vertical Mouse,Computers > Accessories > Mice,view,1,2026-05-29 00:55:00
SES-13351,USR-267,PROD-104,4K Ultra HD Smart TV,Electronics > Video > Televisions,add_to_cart,3,2026-06-16 05:38:00
SES-13373,USR-268,PROD-109,Premium Arabica Coffee Beans,Grocery > Beverages > Coffee,add_to_cart,3,2026-01-01 21:46:00
SES-13364,USR-268,PROD-108,USB-C Multi-Port Hub,Computers > Accessories > Hubs,purchase,5,2026-01-02 18:06:00
SES-13370,USR-268,PROD-108,USB-C Multi-Port Hub,Computers > Accessories > Hubs,purchase,5,2026-01-06 11:44:00
SES-13375,USR-268,PROD-103,Studio Wired Headphones,Electronics > Audio > Headphones,purchase,5,2026-01-11 07:28:00
SES-13368,USR-268,PROD-106,Ergonomic Mechanical Keyboard,Computers > Accessories > Keyboards,view,1,2026-01-12 15:25:00
SES-13361,USR-268,PROD-105,OLED Gaming Monitor,Electronics > Video > Monitors,purchase,5,2026-02-17 15:57:00
SES-13371,USR-268,PROD-105,OLED Gaming Monitor,Electronics > Video > Monitors,view,1,2026-02-25 21:45:00
SES-13368,USR-268,PROD-105,OLED Gaming Monitor,Electronics > Video > Monitors,add_to_cart,3,2026-03-02 16:33:00
SES-13374,USR-268,PROD-108,USB-C Multi-Port Hub,Computers > Accessories > Hubs,add_to_cart,3,2026-03-08 23:56:00
SES-13360,USR-268,PROD-113,Running Shoes Ultra Light,Apparel > Footwear > Shoes,purchase,5,2026-03-14 00:06:00
SES-13360,USR-268,PROD-108,USB-C Multi-Port Hub,Computers > Accessories > Hubs,view,1,2026-03-24 05:22:00
SES-13379,USR-268,PROD-104,4K Ultra HD Smart TV,Electronics > Video > Televisions,purchase,5,2026-03-25 19:25:00
SES-13361,USR-268,PROD-108,USB-C Multi-Port Hub,Computers > Accessories > Hubs,view,1,2026-03-29 11:50:00
SES-13377,USR-268,PROD-105,OLED Gaming Monitor,Electronics > Video > Monitors,add_to_cart,3,2026-04-17 03:36:00
SES-13373,USR-268,PROD-106,Ergonomic Mechanical Keyboard,Computers > Accessories > Keyboards,view,1,2026-04-20 06:57:00
SES-13370,USR-268,PROD-108,USB-C Multi-Port Hub,Computers > Accessories > Hubs,purchase,5,2026-04-21 16:03:00
SES-13364,USR-268,PROD-103,Studio Wired Headphones,Electronics > Audio > Headphones,view,1,2026-04-22 00:11:00
SES-13376,USR-268,PROD-104,4K Ultra HD Smart TV,Electronics > Video > Televisions,view,1,2026-05-13 20:47:00
SES-13370,USR-268,PROD-108,USB-C Multi-Port Hub,Computers > Accessories > Hubs,purchase,5,2026-05-25 01:24:00
SES-13378,USR-268,PROD-108,USB-C Multi-Port Hub,Computers > Accessories > Hubs,view,1,2026-05-31 04:22:00
SES-13370,USR-268,PROD-105,OLED Gaming Monitor,Electronics > Video > Monitors,purchase,5,2026-06-02 20:09:00
SES-13361,USR-268,PROD-108,USB-C Multi-Port Hub,Computers > Accessories > Hubs,view,1,2026-06-09 00:21:00
SES-13361,USR-268,PROD-104,4K Ultra HD Smart TV,Electronics > Video > Televisions,purchase,5,2026-06-17 05:30:00
SES-13364,USR-268,PROD-104,4K Ultra HD Smart TV,Electronics > Video > Televisions,add_to_cart,3,2026-06-27 23:09:00
SES-13394,USR-269,PROD-115,Water-Resistant Gym Duffel,Apparel > Accessories > Bags,view,1,2026-01-11 04:37:00
SES-13398,USR-269,PROD-114,Moisture-Wicking Sports Tee,Apparel > Clothing > Activewear,purchase,5,2026-01-12 10:53:00
SES-13398,USR-269,PROD-113,Running Shoes Ultra Light,Apparel > Footwear > Shoes,purchase,5,2026-01-29 04:20:00
SES-13390,USR-269,PROD-114,Moisture-Wicking Sports Tee,Apparel > Clothing > Activewear,view,1,2026-02-11 07:48:00
SES-13382,USR-269,PROD-114,Moisture-Wicking Sports Tee,Apparel > Clothing > Activewear,purchase,5,2026-03-02 22:57:00
SES-13392,USR-269,PROD-111,Stainless Steel Travel Mug,Grocery > Drinkware > Mugs,purchase,5,2026-03-09 14:03:00
SES-13388,USR-269,PROD-101,Wireless Noise-Canceling Headphones,Electronics > Audio > Headphones,view,1,2026-03-13 16:37:00
SES-13389,USR-269,PROD-104,4K Ultra HD Smart TV,Electronics > Video > Televisions,view,1,2026-03-22 13:24:00
SES-13387,USR-269,PROD-113,Running Shoes Ultra Light,Apparel > Footwear > Shoes,purchase,5,2026-04-10 19:08:00
SES-13381,USR-269,PROD-113,Running Shoes Ultra Light,Apparel > Footwear > Shoes,add_to_cart,3,2026-04-17 15:09:00
SES-13383,USR-269,PROD-108,USB-C Multi-Port Hub,Computers > Accessories > Hubs,purchase,5,2026-05-02 21:55:00
SES-13392,USR-269,PROD-114,Moisture-Wicking Sports Tee,Apparel > Clothing > Activewear,view,1,2026-05-02 22:25:00
SES-13397,USR-269,PROD-114,Moisture-Wicking Sports Tee,Apparel > Clothing > Activewear,view,1,2026-05-07 04:23:00
SES-13392,USR-269,PROD-115,Water-Resistant Gym Duffel,Apparel > Accessories > Bags,purchase,5,2026-05-26 19:46:00
SES-13383,USR-269,PROD-113,Running Shoes Ultra Light,Apparel > Footwear > Shoes,view,1,2026-05-27 18:45:00
SES-13391,USR-269,PROD-114,Moisture-Wicking Sports Tee,Apparel > Clothing > Activewear,purchase,5,2026-06-03 22:00:00
SES-13386,USR-269,PROD-113,Running Shoes Ultra Light,Apparel > Footwear > Shoes,purchase,5,2026-06-05 05:12:00
SES-13392,USR-269,PROD-115,Water-Resistant Gym Duffel,Apparel > Accessories > Bags,purchase,5,2026-06-11 23:30:00
SES-13386,USR-269,PROD-113,Running Shoes Ultra Light,Apparel > Footwear > Shoes,view,1,2026-06-18 23:53:00
SES-13394,USR-269,PROD-114,Moisture-Wicking Sports Tee,Apparel > Clothing > Activewear,view,1,2026-06-19 16:59:00
SES-13410,USR-270,PROD-106,Ergonomic Mechanical Keyboard,Computers > Accessories > Keyboards,purchase,5,2026-01-03 16:42:00
SES-13401,USR-270,PROD-105,OLED Gaming Monitor,Electronics > Video > Monitors,view,1,2026-01-20 11:26:00
SES-13416,USR-270,PROD-108,USB-C Multi-Port Hub,Computers > Accessories > Hubs,view,1,2026-02-09 12:53:00
SES-13412,USR-270,PROD-114,Moisture-Wicking Sports Tee,Apparel > Clothing > Activewear,purchase,5,2026-02-11 23:54:00
SES-13401,USR-270,PROD-106,Ergonomic Mechanical Keyboard,Computers > Accessories > Keyboards,add_to_cart,3,2026-02-28 04:01:00
SES-13416,USR-270,PROD-106,Ergonomic Mechanical Keyboard,Computers > Accessories > Keyboards,add_to_cart,3,2026-03-03 19:07:00
SES-13406,USR-270,PROD-106,Ergonomic Mechanical Keyboard,Computers > Accessories > Keyboards,purchase,5,2026-03-05 17:00:00
SES-13407,USR-270,PROD-108,USB-C Multi-Port Hub,Computers > Accessories > Hubs,view,1,2026-03-08 06:54:00
SES-13418,USR-270,PROD-105,OLED Gaming Monitor,Electronics > Video > Monitors,view,1,2026-03-13 20:16:00
SES-13416,USR-270,PROD-106,Ergonomic Mechanical Keyboard,Computers > Accessories > Keyboards,view,1,2026-03-17 19:10:00
SES-13412,USR-270,PROD-108,USB-C Multi-Port Hub,Computers > Accessories > Hubs,add_to_cart,3,2026-03-21 11:01:00
SES-13402,USR-270,PROD-105,OLED Gaming Monitor,Electronics > Video > Monitors,view,1,2026-03-22 03:25:00
SES-13411,USR-270,PROD-105,OLED Gaming Monitor,Electronics > Video > Monitors,view,1,2026-03-24 08:53:00
SES-13414,USR-270,PROD-107,Wireless Vertical Mouse,Computers > Accessories > Mice,add_to_cart,3,2026-04-02 02:15:00
SES-13406,USR-270,PROD-107,Wireless Vertical Mouse,Computers > Accessories > Mice,purchase,5,2026-04-16 17:05:00
SES-13417,USR-270,PROD-104,4K Ultra HD Smart TV,Electronics > Video > Televisions,view,1,2026-04-20 07:13:00
SES-13401,USR-270,PROD-107,Wireless Vertical Mouse,Computers > Accessories > Mice,add_to_cart,3,2026-05-02 00:05:00
SES-13402,USR-270,PROD-106,Ergonomic Mechanical Keyboard,Computers > Accessories > Keyboards,view,1,2026-05-05 08:17:00
SES-13410,USR-270,PROD-111,Stainless Steel Travel Mug,Grocery > Drinkware > Mugs,view,1,2026-05-17 13:23:00
SES-13410,USR-270,PROD-110,Electric Pour-Over Kettle,Grocery > Appliances > Coffee,view,1,2026-05-21 03:05:00
SES-13410,USR-270,PROD-107,Wireless Vertical Mouse,Computers > Accessories > Mice,add_to_cart,3,2026-05-25 12:11:00
SES-13419,USR-270,PROD-107,Wireless Vertical Mouse,Computers > Accessories > Mice,add_to_cart,3,2026-05-29 19:19:00
SES-13401,USR-270,PROD-108,USB-C Multi-Port Hub,Computers > Accessories > Hubs,purchase,5,2026-06-10 13:48:00
SES-13407,USR-270,PROD-107,Wireless Vertical Mouse,Computers > Accessories > Mice,purchase,5,2026-06-10 14:54:00
SES-13415,USR-270,PROD-108,USB-C Multi-Port Hub,Computers > Accessories > Hubs,view,1,2026-06-27 11:21:00
SES-13410,USR-270,PROD-107,Wireless Vertical Mouse,Computers > Accessories > Mice,purchase,5,2026-06-27 17:14:00
SES-13436,USR-271,PROD-115,Water-Resistant Gym Duffel,Apparel > Accessories > Bags,purchase,5,2026-02-20 00:21:00
SES-13424,USR-271,PROD-113,Running Shoes Ultra Light,Apparel > Footwear > Shoes,view,1,2026-02-24 00:16:00
SES-13432,USR-271,PROD-114,Moisture-Wicking Sports Tee,Apparel > Clothing > Activewear,view,1,2026-02-27 04:20:00
SES-13436,USR-271,PROD-114,Moisture-Wicking Sports Tee,Apparel > Clothing > Activewear,purchase,5,2026-02-28 08:40:00
SES-13436,USR-271,PROD-113,Running Shoes Ultra Light,Apparel > Footwear > Shoes,view,1,2026-03-06 12:21:00
SES-13431,USR-271,PROD-115,Water-Resistant Gym Duffel,Apparel > Accessories > Bags,purchase,5,2026-03-08 13:35:00
SES-13433,USR-271,PROD-113,Running Shoes Ultra Light,Apparel > Footwear > Shoes,purchase,5,2026-03-10 01:23:00
SES-13436,USR-271,PROD-115,Water-Resistant Gym Duffel,Apparel > Accessories > Bags,add_to_cart,3,2026-03-11 03:24:00
SES-13437,USR-271,PROD-113,Running Shoes Ultra Light,Apparel > Footwear > Shoes,purchase,5,2026-03-19 15:03:00
SES-13424,USR-271,PROD-115,Water-Resistant Gym Duffel,Apparel > Accessories > Bags,view,1,2026-04-03 20:06:00
SES-13439,USR-271,PROD-115,Water-Resistant Gym Duffel,Apparel > Accessories > Bags,purchase,5,2026-04-25 07:17:00
SES-13433,USR-271,PROD-114,Moisture-Wicking Sports Tee,Apparel > Clothing > Activewear,purchase,5,2026-05-07 01:13:00
SES-13429,USR-271,PROD-113,Running Shoes Ultra Light,Apparel > Footwear > Shoes,purchase,5,2026-05-07 19:21:00
SES-13422,USR-271,PROD-114,Moisture-Wicking Sports Tee,Apparel > Clothing > Activewear,purchase,5,2026-05-20 17:19:00
SES-13433,USR-271,PROD-115,Water-Resistant Gym Duffel,Apparel > Accessories > Bags,add_to_cart,3,2026-06-05 16:14:00
SES-13433,USR-271,PROD-113,Running Shoes Ultra Light,Apparel > Footwear > Shoes,view,1,2026-06-09 10:07:00
SES-13424,USR-271,PROD-110,Electric Pour-Over Kettle,Grocery > Appliances > Coffee,add_to_cart,3,2026-06-20 23:23:00
SES-13429,USR-271,PROD-115,Water-Resistant Gym Duffel,Apparel > Accessories > Bags,view,1,2026-06-21 23:47:00
SES-13436,USR-271,PROD-113,Running Shoes Ultra Light,Apparel > Footwear > Shoes,purchase,5,2026-06-22 20:09:00
SES-13437,USR-271,PROD-114,Moisture-Wicking Sports Tee,Apparel > Clothing > Activewear,purchase,5,2026-06-24 22:01:00
SES-13424,USR-271,PROD-115,Water-Resistant Gym Duffel,Apparel > Accessories > Bags,purchase,5,2026-06-26 10:04:00
SES-13426,USR-271,PROD-115,Water-Resistant Gym Duffel,Apparel > Accessories > Bags,view,1,2026-06-30 02:20:00
SES-13440,USR-272,PROD-115,Water-Resistant Gym Duffel,Apparel > Accessories > Bags,view,1,2026-01-01 07:26:00
SES-13459,USR-272,PROD-113,Running Shoes Ultra Light,Apparel > Footwear > Shoes,purchase,5,2026-01-03 06:27:00
SES-13449,USR-272,PROD-115,Water-Resistant Gym Duffel,Apparel > Accessories > Bags,view,1,2026-01-14 22:06:00
SES-13447,USR-272,PROD-113,Running Shoes Ultra Light,Apparel > Footwear > Shoes,add_to_cart,3,2026-01-17 01:38:00
SES-13456,USR-272,PROD-114,Moisture-Wicking Sports Tee,Apparel > Clothing > Activewear,add_to_cart,3,2026-01-27 11:11:00
SES-13459,USR-272,PROD-114,Moisture-Wicking Sports Tee,Apparel > Clothing > Activewear,purchase,5,2026-01-31 15:25:00
SES-13449,USR-272,PROD-113,Running Shoes Ultra Light,Apparel > Footwear > Shoes,purchase,5,2026-02-03 16:21:00
SES-13459,USR-272,PROD-114,Moisture-Wicking Sports Tee,Apparel > Clothing > Activewear,view,1,2026-02-15 23:47:00
SES-13451,USR-272,PROD-113,Running Shoes Ultra Light,Apparel > Footwear > Shoes,view,1,2026-02-20 09:07:00
SES-13454,USR-272,PROD-115,Water-Resistant Gym Duffel,Apparel > Accessories > Bags,purchase,5,2026-02-24 14:46:00
SES-13457,USR-272,PROD-114,Moisture-Wicking Sports Tee,Apparel > Clothing > Activewear,view,1,2026-02-28 08:26:00
SES-13447,USR-272,PROD-115,Water-Resistant Gym Duffel,Apparel > Accessories > Bags,purchase,5,2026-03-07 07:07:00
SES-13454,USR-272,PROD-114,Moisture-Wicking Sports Tee,Apparel > Clothing > Activewear,view,1,2026-03-08 01:51:00
SES-13449,USR-272,PROD-114,Moisture-Wicking Sports Tee,Apparel > Clothing > Activewear,purchase,5,2026-03-09 21:10:00
SES-13448,USR-272,PROD-105,OLED Gaming Monitor,Electronics > Video > Monitors,view,1,2026-03-25 20:18:00
SES-13454,USR-272,PROD-114,Moisture-Wicking Sports Tee,Apparel > Clothing > Activewear,purchase,5,2026-03-26 22:31:00
SES-13451,USR-272,PROD-114,Moisture-Wicking Sports Tee,Apparel > Clothing > Activewear,view,1,2026-03-27 18:24:00
SES-13452,USR-272,PROD-113,Running Shoes Ultra Light,Apparel > Footwear > Shoes,view,1,2026-04-11 15:10:00
SES-13448,USR-272,PROD-101,Wireless Noise-Canceling Headphones,Electronics > Audio > Headphones,purchase,5,2026-04-18 06:07:00
SES-13449,USR-272,PROD-115,Water-Resistant Gym Duffel,Apparel > Accessories > Bags,purchase,5,2026-04-19 00:26:00
SES-13457,USR-272,PROD-114,Moisture-Wicking Sports Tee,Apparel > Clothing > Activewear,add_to_cart,3,2026-04-24 00:49:00
SES-13457,USR-272,PROD-115,Water-Resistant Gym Duffel,Apparel > Accessories > Bags,add_to_cart,3,2026-05-02 19:11:00
SES-13443,USR-272,PROD-102,Bluetooth Sports Earbuds,Electronics > Audio > Headphones,view,1,2026-05-12 22:23:00
SES-13455,USR-272,PROD-115,Water-Resistant Gym Duffel,Apparel > Accessories > Bags,add_to_cart,3,2026-05-18 02:46:00
SES-13443,USR-272,PROD-114,Moisture-Wicking Sports Tee,Apparel > Clothing > Activewear,view,1,2026-06-09 01:45:00
SES-13454,USR-272,PROD-115,Water-Resistant Gym Duffel,Apparel > Accessories > Bags,view,1,2026-06-22 03:00:00
SES-13447,USR-272,PROD-104,4K Ultra HD Smart TV,Electronics > Video > Televisions,view,1,2026-06-23 14:23:00
SES-13472,USR-273,PROD-106,Ergonomic Mechanical Keyboard,Computers > Accessories > Keyboards,purchase,5,2026-01-22 14:36:00
SES-13477,USR-273,PROD-104,4K Ultra HD Smart TV,Electronics > Video > Televisions,add_to_cart,3,2026-02-07 08:11:00
SES-13471,USR-273,PROD-106,Ergonomic Mechanical Keyboard,Computers > Accessories > Keyboards,view,1,2026-02-14 08:24:00
SES-13478,USR-273,PROD-105,OLED Gaming Monitor,Electronics > Video > Monitors,purchase,5,2026-02-21 06:21:00
SES-13478,USR-273,PROD-104,4K Ultra HD Smart TV,Electronics > Video > Televisions,purchase,5,2026-02-25 00:49:00
SES-13479,USR-273,PROD-108,USB-C Multi-Port Hub,Computers > Accessories > Hubs,purchase,5,2026-03-08 09:07:00
SES-13467,USR-273,PROD-108,USB-C Multi-Port Hub,Computers > Accessories > Hubs,add_to_cart,3,2026-03-20 04:19:00
SES-13474,USR-273,PROD-107,Wireless Vertical Mouse,Computers > Accessories > Mice,view,1,2026-03-20 16:37:00
SES-13472,USR-273,PROD-105,OLED Gaming Monitor,Electronics > Video > Monitors,purchase,5,2026-04-20 23:11:00
SES-13463,USR-273,PROD-103,Studio Wired Headphones,Electronics > Audio > Headphones,purchase,5,2026-04-25 05:54:00
SES-13476,USR-273,PROD-104,4K Ultra HD Smart TV,Electronics > Video > Televisions,view,1,2026-05-06 10:50:00
SES-13479,USR-273,PROD-107,Wireless Vertical Mouse,Computers > Accessories > Mice,purchase,5,2026-05-09 09:06:00
SES-13461,USR-273,PROD-104,4K Ultra HD Smart TV,Electronics > Video > Televisions,view,1,2026-05-14 03:57:00
SES-13477,USR-273,PROD-108,USB-C Multi-Port Hub,Computers > Accessories > Hubs,add_to_cart,3,2026-05-15 15:55:00
SES-13472,USR-273,PROD-105,OLED Gaming Monitor,Electronics > Video > Monitors,view,1,2026-06-01 03:28:00
SES-13463,USR-273,PROD-106,Ergonomic Mechanical Keyboard,Computers > Accessories > Keyboards,add_to_cart,3,2026-06-04 05:38:00
SES-13475,USR-273,PROD-108,USB-C Multi-Port Hub,Computers > Accessories > Hubs,view,1,2026-06-06 02:46:00
SES-13463,USR-273,PROD-107,Wireless Vertical Mouse,Computers > Accessories > Mice,view,1,2026-06-06 14:49:00
SES-13464,USR-273,PROD-113,Running Shoes Ultra Light,Apparel > Footwear > Shoes,view,1,2026-06-12 23:28:00
SES-13475,USR-273,PROD-105,OLED Gaming Monitor,Electronics > Video > Monitors,view,1,2026-06-15 17:54:00
SES-13478,USR-273,PROD-108,USB-C Multi-Port Hub,Computers > Accessories > Hubs,view,1,2026-06-16 05:36:00
SES-13470,USR-273,PROD-105,OLED Gaming Monitor,Electronics > Video > Monitors,view,1,2026-06-22 00:17:00
SES-13494,USR-274,PROD-106,Ergonomic Mechanical Keyboard,Computers > Accessories > Keyboards,add_to_cart,3,2026-01-09 12:12:00
SES-13485,USR-274,PROD-103,Studio Wired Headphones,Electronics > Audio > Headphones,purchase,5,2026-01-10 04:26:00
SES-13499,USR-274,PROD-102,Bluetooth Sports Earbuds,Electronics > Audio > Headphones,view,1,2026-01-18 02:58:00
SES-13486,USR-274,PROD-102,Bluetooth Sports Earbuds,Electronics > Audio > Headphones,view,1,2026-01-29 09:30:00
SES-13490,USR-274,PROD-103,Studio Wired Headphones,Electronics > Audio > Headphones,view,1,2026-01-30 17:08:00
SES-13499,USR-274,PROD-107,Wireless Vertical Mouse,Computers > Accessories > Mice,view,1,2026-02-03 06:30:00
SES-13487,USR-274,PROD-114,Moisture-Wicking Sports Tee,Apparel > Clothing > Activewear,view,1,2026-02-12 05:00:00
SES-13499,USR-274,PROD-108,USB-C Multi-Port Hub,Computers > Accessories > Hubs,purchase,5,2026-02-12 08:23:00
SES-13498,USR-274,PROD-103,Studio Wired Headphones,Electronics > Audio > Headphones,add_to_cart,3,2026-02-18 16:48:00
SES-13499,USR-274,PROD-108,USB-C Multi-Port Hub,Computers > Accessories > Hubs,add_to_cart,3,2026-02-23 21:28:00
SES-13482,USR-274,PROD-103,Studio Wired Headphones,Electronics > Audio > Headphones,add_to_cart,3,2026-03-22 06:28:00
SES-13482,USR-274,PROD-101,Wireless Noise-Canceling Headphones,Electronics > Audio > Headphones,view,1,2026-03-29 02:44:00
SES-13491,USR-274,PROD-103,Studio Wired Headphones,Electronics > Audio > Headphones,purchase,5,2026-03-29 05:16:00
SES-13499,USR-274,PROD-101,Wireless Noise-Canceling Headphones,Electronics > Audio > Headphones,purchase,5,2026-04-02 13:38:00
SES-13491,USR-274,PROD-101,Wireless Noise-Canceling Headphones,Electronics > Audio > Headphones,purchase,5,2026-04-22 00:10:00
SES-13482,USR-274,PROD-108,USB-C Multi-Port Hub,Computers > Accessories > Hubs,purchase,5,2026-04-25 01:53:00
SES-13482,USR-274,PROD-101,Wireless Noise-Canceling Headphones,Electronics > Audio > Headphones,view,1,2026-04-26 16:35:00
SES-13493,USR-274,PROD-103,Studio Wired Headphones,Electronics > Audio > Headphones,view,1,2026-05-05 20:38:00
SES-13496,USR-274,PROD-102,Bluetooth Sports Earbuds,Electronics > Audio > Headphones,add_to_cart,3,2026-05-13 20:01:00
SES-13490,USR-274,PROD-102,Bluetooth Sports Earbuds,Electronics > Audio > Headphones,purchase,5,2026-05-28 22:41:00
SES-13487,USR-274,PROD-108,USB-C Multi-Port Hub,Computers > Accessories > Hubs,add_to_cart,3,2026-06-03 00:25:00
SES-13499,USR-274,PROD-110,Electric Pour-Over Kettle,Grocery > Appliances > Coffee,view,1,2026-06-10 10:47:00
SES-13483,USR-274,PROD-111,Stainless Steel Travel Mug,Grocery > Drinkware > Mugs,purchase,5,2026-06-15 01:20:00
SES-13483,USR-274,PROD-102,Bluetooth Sports Earbuds,Electronics > Audio > Headphones,add_to_cart,3,2026-06-20 05:43:00
SES-13492,USR-274,PROD-102,Bluetooth Sports Earbuds,Electronics > Audio > Headphones,add_to_cart,3,2026-06-26 02:41:00
SES-13517,USR-275,PROD-115,Water-Resistant Gym Duffel,Apparel > Accessories > Bags,add_to_cart,3,2026-01-09 06:07:00
SES-13508,USR-275,PROD-101,Wireless Noise-Canceling Headphones,Electronics > Audio > Headphones,purchase,5,2026-01-16 06:08:00
SES-13513,USR-275,PROD-101,Wireless Noise-Canceling Headphones,Electronics > Audio > Headphones,view,1,2026-01-29 17:10:00
SES-13500,USR-275,PROD-102,Bluetooth Sports Earbuds,Electronics > Audio > Headphones,purchase,5,2026-01-31 04:58:00
SES-13518,USR-275,PROD-102,Bluetooth Sports Earbuds,Electronics > Audio > Headphones,view,1,2026-01-31 23:08:00
SES-13515,USR-275,PROD-115,Water-Resistant Gym Duffel,Apparel > Accessories > Bags,view,1,2026-02-10 22:52:00
SES-13511,USR-275,PROD-108,USB-C Multi-Port Hub,Computers > Accessories > Hubs,view,1,2026-02-13 22:26:00
SES-13500,USR-275,PROD-103,Studio Wired Headphones,Electronics > Audio > Headphones,purchase,5,2026-03-04 01:00:00
SES-13515,USR-275,PROD-102,Bluetooth Sports Earbuds,Electronics > Audio > Headphones,add_to_cart,3,2026-03-26 06:25:00
SES-13510,USR-275,PROD-101,Wireless Noise-Canceling Headphones,Electronics > Audio > Headphones,add_to_cart,3,2026-04-03 11:23:00
SES-13511,USR-275,PROD-108,USB-C Multi-Port Hub,Computers > Accessories > Hubs,view,1,2026-04-04 15:54:00
SES-13503,USR-275,PROD-108,USB-C Multi-Port Hub,Computers > Accessories > Hubs,view,1,2026-05-01 13:51:00
SES-13505,USR-275,PROD-102,Bluetooth Sports Earbuds,Electronics > Audio > Headphones,purchase,5,2026-05-09 21:53:00
SES-13511,USR-275,PROD-101,Wireless Noise-Canceling Headphones,Electronics > Audio > Headphones,view,1,2026-05-11 07:44:00
SES-13505,USR-275,PROD-108,USB-C Multi-Port Hub,Computers > Accessories > Hubs,add_to_cart,3,2026-05-15 07:40:00
SES-13515,USR-275,PROD-108,USB-C Multi-Port Hub,Computers > Accessories > Hubs,view,1,2026-05-25 01:03:00
SES-13504,USR-275,PROD-102,Bluetooth Sports Earbuds,Electronics > Audio > Headphones,view,1,2026-05-26 09:07:00
SES-13511,USR-275,PROD-101,Wireless Noise-Canceling Headphones,Electronics > Audio > Headphones,view,1,2026-05-28 00:35:00
SES-13516,USR-275,PROD-101,Wireless Noise-Canceling Headphones,Electronics > Audio > Headphones,view,1,2026-05-29 22:07:00
SES-13516,USR-275,PROD-101,Wireless Noise-Canceling Headphones,Electronics > Audio > Headphones,view,1,2026-06-08 05:18:00
SES-13513,USR-275,PROD-103,Studio Wired Headphones,Electronics > Audio > Headphones,add_to_cart,3,2026-06-19 17:45:00
SES-13508,USR-275,PROD-103,Studio Wired Headphones,Electronics > Audio > Headphones,purchase,5,2026-06-24 15:48:00
SES-13522,USR-276,PROD-113,Running Shoes Ultra Light,Apparel > Footwear > Shoes,purchase,5,2026-01-02 00:45:00
SES-13529,USR-276,PROD-113,Running Shoes Ultra Light,Apparel > Footwear > Shoes,purchase,5,2026-01-06 22:27:00
SES-13539,USR-276,PROD-115,Water-Resistant Gym Duffel,Apparel > Accessories > Bags,view,1,2026-01-19 15:30:00
SES-13534,USR-276,PROD-106,Ergonomic Mechanical Keyboard,Computers > Accessories > Keyboards,add_to_cart,3,2026-02-16 15:16:00
SES-13520,USR-276,PROD-114,Moisture-Wicking Sports Tee,Apparel > Clothing > Activewear,view,1,2026-02-23 19:11:00
SES-13532,USR-276,PROD-113,Running Shoes Ultra Light,Apparel > Footwear > Shoes,purchase,5,2026-03-05 08:16:00
SES-13521,USR-276,PROD-114,Moisture-Wicking Sports Tee,Apparel > Clothing > Activewear,purchase,5,2026-03-16 08:09:00
SES-13520,USR-276,PROD-114,Moisture-Wicking Sports Tee,Apparel > Clothing > Activewear,view,1,2026-03-17 14:11:00
SES-13532,USR-276,PROD-114,Moisture-Wicking Sports Tee,Apparel > Clothing > Activewear,view,1,2026-03-27 19:12:00
SES-13521,USR-276,PROD-114,Moisture-Wicking Sports Tee,Apparel > Clothing > Activewear,add_to_cart,3,2026-04-01 20:59:00
SES-13521,USR-276,PROD-113,Running Shoes Ultra Light,Apparel > Footwear > Shoes,purchase,5,2026-04-22 19:04:00
SES-13534,USR-276,PROD-113,Running Shoes Ultra Light,Apparel > Footwear > Shoes,purchase,5,2026-04-26 03:05:00
SES-13525,USR-276,PROD-103,Studio Wired Headphones,Electronics > Audio > Headphones,purchase,5,2026-05-11 00:34:00
SES-13532,USR-276,PROD-115,Water-Resistant Gym Duffel,Apparel > Accessories > Bags,purchase,5,2026-05-13 04:18:00
SES-13526,USR-276,PROD-113,Running Shoes Ultra Light,Apparel > Footwear > Shoes,purchase,5,2026-05-17 04:46:00
SES-13522,USR-276,PROD-114,Moisture-Wicking Sports Tee,Apparel > Clothing > Activewear,purchase,5,2026-05-23 11:08:00
SES-13520,USR-276,PROD-113,Running Shoes Ultra Light,Apparel > Footwear > Shoes,view,1,2026-05-24 11:58:00
SES-13524,USR-276,PROD-114,Moisture-Wicking Sports Tee,Apparel > Clothing > Activewear,add_to_cart,3,2026-05-28 18:49:00
SES-13532,USR-276,PROD-113,Running Shoes Ultra Light,Apparel > Footwear > Shoes,add_to_cart,3,2026-06-21 22:28:00
SES-13531,USR-276,PROD-114,Moisture-Wicking Sports Tee,Apparel > Clothing > Activewear,view,1,2026-06-23 20:05:00
SES-13530,USR-276,PROD-114,Moisture-Wicking Sports Tee,Apparel > Clothing > Activewear,add_to_cart,3,2026-06-27 16:08:00
SES-13533,USR-276,PROD-113,Running Shoes Ultra Light,Apparel > Footwear > Shoes,view,1,2026-06-28 17:40:00
SES-13541,USR-277,PROD-112,Organic Green Tea Bags,Grocery > Beverages > Tea,purchase,5,2026-01-15 11:49:00
SES-13546,USR-277,PROD-111,Stainless Steel Travel Mug,Grocery > Drinkware > Mugs,purchase,5,2026-02-08 09:14:00
SES-13547,USR-277,PROD-110,Electric Pour-Over Kettle,Grocery > Appliances > Coffee,view,1,2026-02-11 10:03:00
SES-13554,USR-277,PROD-111,Stainless Steel Travel Mug,Grocery > Drinkware > Mugs,purchase,5,2026-02-25 17:37:00
SES-13544,USR-277,PROD-111,Stainless Steel Travel Mug,Grocery > Drinkware > Mugs,view,1,2026-04-30 15:39:00
SES-13546,USR-277,PROD-112,Organic Green Tea Bags,Grocery > Beverages > Tea,view,1,2026-05-11 03:21:00
SES-13541,USR-277,PROD-109,Premium Arabica Coffee Beans,Grocery > Beverages > Coffee,purchase,5,2026-05-26 08:06:00
SES-13546,USR-277,PROD-112,Organic Green Tea Bags,Grocery > Beverages > Tea,purchase,5,2026-05-31 17:56:00
SES-13543,USR-277,PROD-110,Electric Pour-Over Kettle,Grocery > Appliances > Coffee,view,1,2026-06-03 20:41:00
SES-13544,USR-277,PROD-109,Premium Arabica Coffee Beans,Grocery > Beverages > Coffee,view,1,2026-06-14 01:05:00
SES-13555,USR-277,PROD-110,Electric Pour-Over Kettle,Grocery > Appliances > Coffee,view,1,2026-06-27 16:42:00
SES-13575,USR-278,PROD-113,Running Shoes Ultra Light,Apparel > Footwear > Shoes,view,1,2026-01-02 02:42:00
SES-13575,USR-278,PROD-113,Running Shoes Ultra Light,Apparel > Footwear > Shoes,view,1,2026-01-18 23:46:00
SES-13574,USR-278,PROD-114,Moisture-Wicking Sports Tee,Apparel > Clothing > Activewear,add_to_cart,3,2026-01-20 21:48:00
SES-13570,USR-278,PROD-114,Moisture-Wicking Sports Tee,Apparel > Clothing > Activewear,purchase,5,2026-01-27 12:47:00
SES-13561,USR-278,PROD-115,Water-Resistant Gym Duffel,Apparel > Accessories > Bags,view,1,2026-01-31 23:49:00
SES-13568,USR-278,PROD-113,Running Shoes Ultra Light,Apparel > Footwear > Shoes,purchase,5,2026-02-03 20:01:00
SES-13578,USR-278,PROD-114,Moisture-Wicking Sports Tee,Apparel > Clothing > Activewear,view,1,2026-02-04 21:29:00
SES-13573,USR-278,PROD-114,Moisture-Wicking Sports Tee,Apparel > Clothing > Activewear,purchase,5,2026-02-07 00:57:00
SES-13575,USR-278,PROD-113,Running Shoes Ultra Light,Apparel > Footwear > Shoes,purchase,5,2026-02-07 23:09:00
SES-13575,USR-278,PROD-114,Moisture-Wicking Sports Tee,Apparel > Clothing > Activewear,purchase,5,2026-02-18 17:35:00
SES-13570,USR-278,PROD-115,Water-Resistant Gym Duffel,Apparel > Accessories > Bags,purchase,5,2026-03-02 17:57:00
SES-13566,USR-278,PROD-113,Running Shoes Ultra Light,Apparel > Footwear > Shoes,purchase,5,2026-03-20 20:03:00
SES-13563,USR-278,PROD-114,Moisture-Wicking Sports Tee,Apparel > Clothing > Activewear,view,1,2026-04-01 12:57:00
SES-13579,USR-278,PROD-115,Water-Resistant Gym Duffel,Apparel > Accessories > Bags,view,1,2026-04-05 08:58:00
SES-13575,USR-278,PROD-113,Running Shoes Ultra Light,Apparel > Footwear > Shoes,add_to_cart,3,2026-04-08 11:57:00
SES-13576,USR-278,PROD-115,Water-Resistant Gym Duffel,Apparel > Accessories > Bags,add_to_cart,3,2026-04-13 00:49:00
SES-13573,USR-278,PROD-108,USB-C Multi-Port Hub,Computers > Accessories > Hubs,add_to_cart,3,2026-04-24 22:00:00
SES-13564,USR-278,PROD-113,Running Shoes Ultra Light,Apparel > Footwear > Shoes,view,1,2026-04-28 01:15:00
SES-13574,USR-278,PROD-115,Water-Resistant Gym Duffel,Apparel > Accessories > Bags,view,1,2026-05-15 08:50:00
SES-13574,USR-278,PROD-113,Running Shoes Ultra Light,Apparel > Footwear > Shoes,view,1,2026-05-29 01:23:00
SES-13562,USR-278,PROD-113,Running Shoes Ultra Light,Apparel > Footwear > Shoes,add_to_cart,3,2026-06-19 13:48:00
SES-13567,USR-278,PROD-113,Running Shoes Ultra Light,Apparel > Footwear > Shoes,view,1,2026-06-23 16:34:00
SES-13587,USR-279,PROD-114,Moisture-Wicking Sports Tee,Apparel > Clothing > Activewear,purchase,5,2026-01-14 17:31:00
SES-13584,USR-279,PROD-115,Water-Resistant Gym Duffel,Apparel > Accessories > Bags,view,1,2026-01-17 18:20:00
SES-13581,USR-279,PROD-113,Running Shoes Ultra Light,Apparel > Footwear > Shoes,view,1,2026-01-19 14:12:00
SES-13596,USR-279,PROD-114,Moisture-Wicking Sports Tee,Apparel > Clothing > Activewear,purchase,5,2026-01-21 11:29:00
SES-13587,USR-279,PROD-113,Running Shoes Ultra Light,Apparel > Footwear > Shoes,purchase,5,2026-02-01 19:37:00
SES-13589,USR-279,PROD-113,Running Shoes Ultra Light,Apparel > Footwear > Shoes,view,1,2026-02-06 10:06:00
SES-13589,USR-279,PROD-113,Running Shoes Ultra Light,Apparel > Footwear > Shoes,view,1,2026-02-14 14:10:00
SES-13590,USR-279,PROD-106,Ergonomic Mechanical Keyboard,Computers > Accessories > Keyboards,view,1,2026-03-01 02:32:00
SES-13597,USR-279,PROD-114,Moisture-Wicking Sports Tee,Apparel > Clothing > Activewear,add_to_cart,3,2026-03-12 02:58:00
SES-13597,USR-279,PROD-114,Moisture-Wicking Sports Tee,Apparel > Clothing > Activewear,add_to_cart,3,2026-03-14 10:56:00
SES-13594,USR-279,PROD-115,Water-Resistant Gym Duffel,Apparel > Accessories > Bags,view,1,2026-03-16 20:35:00
SES-13595,USR-279,PROD-113,Running Shoes Ultra Light,Apparel > Footwear > Shoes,add_to_cart,3,2026-03-18 22:30:00
SES-13593,USR-279,PROD-114,Moisture-Wicking Sports Tee,Apparel > Clothing > Activewear,view,1,2026-04-01 18:30:00
SES-13585,USR-279,PROD-115,Water-Resistant Gym Duffel,Apparel > Accessories > Bags,purchase,5,2026-04-03 12:27:00
SES-13596,USR-279,PROD-114,Moisture-Wicking Sports Tee,Apparel > Clothing > Activewear,view,1,2026-04-23 02:44:00
SES-13596,USR-279,PROD-115,Water-Resistant Gym Duffel,Apparel > Accessories > Bags,purchase,5,2026-05-15 22:34:00
SES-13588,USR-279,PROD-102,Bluetooth Sports Earbuds,Electronics > Audio > Headphones,view,1,2026-05-15 23:01:00
SES-13586,USR-279,PROD-108,USB-C Multi-Port Hub,Computers > Accessories > Hubs,purchase,5,2026-05-19 03:09:00
SES-13592,USR-279,PROD-101,Wireless Noise-Canceling Headphones,Electronics > Audio > Headphones,add_to_cart,3,2026-06-03 08:52:00
SES-13580,USR-279,PROD-115,Water-Resistant Gym Duffel,Apparel > Accessories > Bags,view,1,2026-06-08 12:39:00
SES-13585,USR-279,PROD-114,Moisture-Wicking Sports Tee,Apparel > Clothing > Activewear,purchase,5,2026-06-15 15:56:00
SES-13596,USR-279,PROD-106,Ergonomic Mechanical Keyboard,Computers > Accessories > Keyboards,view,1,2026-06-25 10:17:00
SES-13610,USR-280,PROD-115,Water-Resistant Gym Duffel,Apparel > Accessories > Bags,purchase,5,2026-01-08 17:25:00
SES-13618,USR-280,PROD-114,Moisture-Wicking Sports Tee,Apparel > Clothing > Activewear,purchase,5,2026-01-16 15:06:00
SES-13605,USR-280,PROD-114,Moisture-Wicking Sports Tee,Apparel > Clothing > Activewear,view,1,2026-01-29 15:22:00
SES-13606,USR-280,PROD-114,Moisture-Wicking Sports Tee,Apparel > Clothing > Activewear,add_to_cart,3,2026-02-04 07:10:00
SES-13616,USR-280,PROD-113,Running Shoes Ultra Light,Apparel > Footwear > Shoes,view,1,2026-02-05 22:16:00
SES-13612,USR-280,PROD-113,Running Shoes Ultra Light,Apparel > Footwear > Shoes,view,1,2026-02-17 06:39:00
SES-13618,USR-280,PROD-109,Premium Arabica Coffee Beans,Grocery > Beverages > Coffee,add_to_cart,3,2026-02-27 22:51:00
SES-13613,USR-280,PROD-114,Moisture-Wicking Sports Tee,Apparel > Clothing > Activewear,add_to_cart,3,2026-03-04 07:12:00
SES-13609,USR-280,PROD-114,Moisture-Wicking Sports Tee,Apparel > Clothing > Activewear,purchase,5,2026-03-09 17:07:00
SES-13617,USR-280,PROD-113,Running Shoes Ultra Light,Apparel > Footwear > Shoes,view,1,2026-03-14 12:59:00
SES-13600,USR-280,PROD-113,Running Shoes Ultra Light,Apparel > Footwear > Shoes,purchase,5,2026-03-17 17:29:00
SES-13607,USR-280,PROD-114,Moisture-Wicking Sports Tee,Apparel > Clothing > Activewear,view,1,2026-03-19 12:31:00
SES-13609,USR-280,PROD-114,Moisture-Wicking Sports Tee,Apparel > Clothing > Activewear,purchase,5,2026-03-22 09:29:00
SES-13614,USR-280,PROD-115,Water-Resistant Gym Duffel,Apparel > Accessories > Bags,view,1,2026-03-22 10:42:00
SES-13606,USR-280,PROD-115,Water-Resistant Gym Duffel,Apparel > Accessories > Bags,view,1,2026-03-27 08:08:00
SES-13604,USR-280,PROD-115,Water-Resistant Gym Duffel,Apparel > Accessories > Bags,view,1,2026-04-09 20:33:00
SES-13612,USR-280,PROD-115,Water-Resistant Gym Duffel,Apparel > Accessories > Bags,view,1,2026-04-14 07:04:00
SES-13616,USR-280,PROD-113,Running Shoes Ultra Light,Apparel > Footwear > Shoes,purchase,5,2026-04-19 05:39:00
SES-13618,USR-280,PROD-115,Water-Resistant Gym Duffel,Apparel > Accessories > Bags,view,1,2026-04-27 15:49:00
SES-13611,USR-280,PROD-113,Running Shoes Ultra Light,Apparel > Footwear > Shoes,add_to_cart,3,2026-05-03 22:55:00
SES-13614,USR-280,PROD-115,Water-Resistant Gym Duffel,Apparel > Accessories > Bags,add_to_cart,3,2026-05-06 11:55:00
SES-13602,USR-280,PROD-114,Moisture-Wicking Sports Tee,Apparel > Clothing > Activewear,add_to_cart,3,2026-05-18 06:22:00
SES-13610,USR-280,PROD-113,Running Shoes Ultra Light,Apparel > Footwear > Shoes,purchase,5,2026-05-27 04:38:00
SES-13609,USR-280,PROD-108,USB-C Multi-Port Hub,Computers > Accessories > Hubs,view,1,2026-06-13 05:30:00
SES-13630,USR-281,PROD-108,USB-C Multi-Port Hub,Computers > Accessories > Hubs,purchase,5,2026-01-20 02:06:00
SES-13633,USR-281,PROD-108,USB-C Multi-Port Hub,Computers > Accessories > Hubs,purchase,5,2026-03-02 11:20:00
SES-13633,USR-281,PROD-103,Studio Wired Headphones,Electronics > Audio > Headphones,purchase,5,2026-03-16 01:24:00
SES-13633,USR-281,PROD-103,Studio Wired Headphones,Electronics > Audio > Headphones,purchase,5,2026-03-30 12:01:00
SES-13622,USR-281,PROD-101,Wireless Noise-Canceling Headphones,Electronics > Audio > Headphones,view,1,2026-04-15 22:38:00
SES-13633,USR-281,PROD-101,Wireless Noise-Canceling Headphones,Electronics > Audio > Headphones,purchase,5,2026-04-20 20:53:00
SES-13631,USR-281,PROD-103,Studio Wired Headphones,Electronics > Audio > Headphones,view,1,2026-04-25 18:25:00
SES-13630,USR-281,PROD-103,Studio Wired Headphones,Electronics > Audio > Headphones,view,1,2026-05-08 01:50:00
SES-13628,USR-281,PROD-102,Bluetooth Sports Earbuds,Electronics > Audio > Headphones,purchase,5,2026-05-14 12:53:00
SES-13633,USR-281,PROD-101,Wireless Noise-Canceling Headphones,Electronics > Audio > Headphones,purchase,5,2026-06-02 12:19:00
SES-13621,USR-281,PROD-102,Bluetooth Sports Earbuds,Electronics > Audio > Headphones,view,1,2026-06-05 17:07:00
SES-13623,USR-281,PROD-102,Bluetooth Sports Earbuds,Electronics > Audio > Headphones,view,1,2026-06-11 19:32:00
SES-13646,USR-282,PROD-102,Bluetooth Sports Earbuds,Electronics > Audio > Headphones,add_to_cart,3,2026-01-20 16:52:00
SES-13647,USR-282,PROD-103,Studio Wired Headphones,Electronics > Audio > Headphones,purchase,5,2026-02-06 19:22:00
SES-13642,USR-282,PROD-102,Bluetooth Sports Earbuds,Electronics > Audio > Headphones,view,1,2026-02-07 02:14:00
SES-13648,USR-282,PROD-101,Wireless Noise-Canceling Headphones,Electronics > Audio > Headphones,purchase,5,2026-02-15 18:13:00
SES-13654,USR-282,PROD-103,Studio Wired Headphones,Electronics > Audio > Headphones,add_to_cart,3,2026-02-24 06:17:00
SES-13644,USR-282,PROD-103,Studio Wired Headphones,Electronics > Audio > Headphones,purchase,5,2026-02-25 17:33:00
SES-13641,USR-282,PROD-101,Wireless Noise-Canceling Headphones,Electronics > Audio > Headphones,purchase,5,2026-03-15 12:19:00
SES-13654,USR-282,PROD-101,Wireless Noise-Canceling Headphones,Electronics > Audio > Headphones,purchase,5,2026-03-18 15:15:00
SES-13648,USR-282,PROD-108,USB-C Multi-Port Hub,Computers > Accessories > Hubs,purchase,5,2026-04-06 19:36:00
SES-13659,USR-282,PROD-101,Wireless Noise-Canceling Headphones,Electronics > Audio > Headphones,purchase,5,2026-04-15 12:18:00
SES-13654,USR-282,PROD-102,Bluetooth Sports Earbuds,Electronics > Audio > Headphones,purchase,5,2026-04-23 11:15:00
SES-13644,USR-282,PROD-101,Wireless Noise-Canceling Headphones,Electronics > Audio > Headphones,purchase,5,2026-04-25 05:03:00
SES-13640,USR-282,PROD-110,Electric Pour-Over Kettle,Grocery > Appliances > Coffee,add_to_cart,3,2026-05-01 08:05:00
SES-13657,USR-282,PROD-103,Studio Wired Headphones,Electronics > Audio > Headphones,view,1,2026-05-21 00:14:00
SES-13654,USR-282,PROD-103,Studio Wired Headphones,Electronics > Audio > Headphones,view,1,2026-06-02 18:11:00
SES-13656,USR-282,PROD-108,USB-C Multi-Port Hub,Computers > Accessories > Hubs,view,1,2026-06-05 17:35:00
SES-13650,USR-282,PROD-102,Bluetooth Sports Earbuds,Electronics > Audio > Headphones,add_to_cart,3,2026-06-07 15:02:00
SES-13645,USR-282,PROD-105,OLED Gaming Monitor,Electronics > Video > Monitors,purchase,5,2026-06-19 04:45:00
SES-13647,USR-282,PROD-103,Studio Wired Headphones,Electronics > Audio > Headphones,purchase,5,2026-06-19 18:01:00
SES-13659,USR-282,PROD-108,USB-C Multi-Port Hub,Computers > Accessories > Hubs,view,1,2026-06-27 06:13:00
SES-13666,USR-283,PROD-102,Bluetooth Sports Earbuds,Electronics > Audio > Headphones,view,1,2026-01-10 08:45:00
SES-13677,USR-283,PROD-108,USB-C Multi-Port Hub,Computers > Accessories > Hubs,view,1,2026-01-18 08:00:00
SES-13675,USR-283,PROD-101,Wireless Noise-Canceling Headphones,Electronics > Audio > Headphones,view,1,2026-01-19 23:43:00
SES-13669,USR-283,PROD-103,Studio Wired Headphones,Electronics > Audio > Headphones,view,1,2026-01-21 08:51:00
SES-13670,USR-283,PROD-103,Studio Wired Headphones,Electronics > Audio > Headphones,view,1,2026-02-04 10:13:00
SES-13669,USR-283,PROD-103,Studio Wired Headphones,Electronics > Audio > Headphones,view,1,2026-02-08 06:16:00
SES-13661,USR-283,PROD-101,Wireless Noise-Canceling Headphones,Electronics > Audio > Headphones,purchase,5,2026-03-14 11:17:00
SES-13666,USR-283,PROD-104,4K Ultra HD Smart TV,Electronics > Video > Televisions,add_to_cart,3,2026-03-15 10:28:00
SES-13673,USR-283,PROD-108,USB-C Multi-Port Hub,Computers > Accessories > Hubs,view,1,2026-03-25 07:39:00
SES-13661,USR-283,PROD-103,Studio Wired Headphones,Electronics > Audio > Headphones,purchase,5,2026-04-04 20:28:00
SES-13678,USR-283,PROD-108,USB-C Multi-Port Hub,Computers > Accessories > Hubs,purchase,5,2026-04-29 09:03:00
SES-13669,USR-283,PROD-115,Water-Resistant Gym Duffel,Apparel > Accessories > Bags,purchase,5,2026-05-09 06:39:00
SES-13665,USR-283,PROD-101,Wireless Noise-Canceling Headphones,Electronics > Audio > Headphones,add_to_cart,3,2026-05-10 02:15:00
SES-13675,USR-283,PROD-103,Studio Wired Headphones,Electronics > Audio > Headphones,purchase,5,2026-06-02 16:02:00
SES-13675,USR-283,PROD-101,Wireless Noise-Canceling Headphones,Electronics > Audio > Headphones,purchase,5,2026-06-07 01:18:00
SES-13698,USR-284,PROD-115,Water-Resistant Gym Duffel,Apparel > Accessories > Bags,purchase,5,2026-01-08 05:45:00
SES-13695,USR-284,PROD-113,Running Shoes Ultra Light,Apparel > Footwear > Shoes,view,1,2026-01-22 15:21:00
SES-13693,USR-284,PROD-114,Moisture-Wicking Sports Tee,Apparel > Clothing > Activewear,purchase,5,2026-01-31 05:15:00
SES-13694,USR-284,PROD-105,OLED Gaming Monitor,Electronics > Video > Monitors,purchase,5,2026-02-17 12:28:00
SES-13680,USR-284,PROD-114,Moisture-Wicking Sports Tee,Apparel > Clothing > Activewear,add_to_cart,3,2026-02-18 08:00:00
SES-13682,USR-284,PROD-114,Moisture-Wicking Sports Tee,Apparel > Clothing > Activewear,view,1,2026-02-18 14:38:00
SES-13698,USR-284,PROD-114,Moisture-Wicking Sports Tee,Apparel > Clothing > Activewear,purchase,5,2026-02-26 11:43:00
SES-13683,USR-284,PROD-113,Running Shoes Ultra Light,Apparel > Footwear > Shoes,view,1,2026-02-27 03:08:00
SES-13688,USR-284,PROD-113,Running Shoes Ultra Light,Apparel > Footwear > Shoes,add_to_cart,3,2026-02-28 11:17:00
SES-13690,USR-284,PROD-113,Running Shoes Ultra Light,Apparel > Footwear > Shoes,view,1,2026-03-05 01:29:00
SES-13693,USR-284,PROD-115,Water-Resistant Gym Duffel,Apparel > Accessories > Bags,view,1,2026-03-21 08:35:00
SES-13693,USR-284,PROD-115,Water-Resistant Gym Duffel,Apparel > Accessories > Bags,purchase,5,2026-04-20 04:31:00
SES-13682,USR-284,PROD-114,Moisture-Wicking Sports Tee,Apparel > Clothing > Activewear,view,1,2026-04-20 09:30:00
SES-13681,USR-284,PROD-113,Running Shoes Ultra Light,Apparel > Footwear > Shoes,purchase,5,2026-05-03 12:19:00
SES-13683,USR-284,PROD-113,Running Shoes Ultra Light,Apparel > Footwear > Shoes,view,1,2026-05-06 10:19:00
SES-13683,USR-284,PROD-114,Moisture-Wicking Sports Tee,Apparel > Clothing > Activewear,add_to_cart,3,2026-05-08 06:46:00
SES-13698,USR-284,PROD-113,Running Shoes Ultra Light,Apparel > Footwear > Shoes,view,1,2026-05-21 16:57:00
SES-13690,USR-284,PROD-113,Running Shoes Ultra Light,Apparel > Footwear > Shoes,view,1,2026-05-29 23:51:00
SES-13696,USR-284,PROD-113,Running Shoes Ultra Light,Apparel > Footwear > Shoes,purchase,5,2026-05-31 08:00:00
SES-13688,USR-284,PROD-114,Moisture-Wicking Sports Tee,Apparel > Clothing > Activewear,purchase,5,2026-06-12 20:37:00
SES-13693,USR-284,PROD-115,Water-Resistant Gym Duffel,Apparel > Accessories > Bags,view,1,2026-06-16 13:05:00
SES-13693,USR-284,PROD-115,Water-Resistant Gym Duffel,Apparel > Accessories > Bags,purchase,5,2026-06-18 16:40:00
SES-13690,USR-284,PROD-115,Water-Resistant Gym Duffel,Apparel > Accessories > Bags,view,1,2026-06-23 11:07:00
SES-13698,USR-284,PROD-113,Running Shoes Ultra Light,Apparel > Footwear > Shoes,purchase,5,2026-06-28 18:39:00
SES-13714,USR-285,PROD-111,Stainless Steel Travel Mug,Grocery > Drinkware > Mugs,purchase,5,2026-01-06 12:49:00
SES-13719,USR-285,PROD-108,USB-C Multi-Port Hub,Computers > Accessories > Hubs,purchase,5,2026-01-16 22:59:00
SES-13700,USR-285,PROD-110,Electric Pour-Over Kettle,Grocery > Appliances > Coffee,add_to_cart,3,2026-01-21 11:13:00
SES-13712,USR-285,PROD-111,Stainless Steel Travel Mug,Grocery > Drinkware > Mugs,purchase,5,2026-01-23 04:16:00
SES-13712,USR-285,PROD-114,Moisture-Wicking Sports Tee,Apparel > Clothing > Activewear,view,1,2026-01-28 00:43:00
SES-13704,USR-285,PROD-115,Water-Resistant Gym Duffel,Apparel > Accessories > Bags,view,1,2026-02-01 18:06:00
SES-13718,USR-285,PROD-114,Moisture-Wicking Sports Tee,Apparel > Clothing > Activewear,view,1,2026-02-06 13:30:00
SES-13704,USR-285,PROD-109,Premium Arabica Coffee Beans,Grocery > Beverages > Coffee,purchase,5,2026-02-07 23:11:00
SES-13704,USR-285,PROD-111,Stainless Steel Travel Mug,Grocery > Drinkware > Mugs,purchase,5,2026-02-09 16:45:00
SES-13712,USR-285,PROD-112,Organic Green Tea Bags,Grocery > Beverages > Tea,purchase,5,2026-02-11 19:17:00
SES-13706,USR-285,PROD-110,Electric Pour-Over Kettle,Grocery > Appliances > Coffee,view,1,2026-02-15 20:40:00
SES-13711,USR-285,PROD-112,Organic Green Tea Bags,Grocery > Beverages > Tea,purchase,5,2026-02-20 02:08:00
SES-13708,USR-285,PROD-108,USB-C Multi-Port Hub,Computers > Accessories > Hubs,purchase,5,2026-03-03 13:44:00
SES-13714,USR-285,PROD-112,Organic Green Tea Bags,Grocery > Beverages > Tea,purchase,5,2026-03-09 21:18:00
SES-13711,USR-285,PROD-111,Stainless Steel Travel Mug,Grocery > Drinkware > Mugs,purchase,5,2026-03-14 12:33:00
SES-13715,USR-285,PROD-111,Stainless Steel Travel Mug,Grocery > Drinkware > Mugs,add_to_cart,3,2026-03-18 01:22:00
SES-13706,USR-285,PROD-109,Premium Arabica Coffee Beans,Grocery > Beverages > Coffee,add_to_cart,3,2026-03-26 12:04:00
SES-13700,USR-285,PROD-111,Stainless Steel Travel Mug,Grocery > Drinkware > Mugs,view,1,2026-03-30 03:24:00
SES-13710,USR-285,PROD-110,Electric Pour-Over Kettle,Grocery > Appliances > Coffee,add_to_cart,3,2026-03-30 13:53:00
SES-13701,USR-285,PROD-112,Organic Green Tea Bags,Grocery > Beverages > Tea,add_to_cart,3,2026-04-10 23:28:00
SES-13706,USR-285,PROD-110,Electric Pour-Over Kettle,Grocery > Appliances > Coffee,purchase,5,2026-04-26 09:03:00
SES-13713,USR-285,PROD-110,Electric Pour-Over Kettle,Grocery > Appliances > Coffee,view,1,2026-05-13 04:30:00
SES-13702,USR-285,PROD-108,USB-C Multi-Port Hub,Computers > Accessories > Hubs,purchase,5,2026-05-14 02:54:00
SES-13712,USR-285,PROD-111,Stainless Steel Travel Mug,Grocery > Drinkware > Mugs,view,1,2026-05-28 20:27:00
SES-13708,USR-285,PROD-101,Wireless Noise-Canceling Headphones,Electronics > Audio > Headphones,view,1,2026-06-04 20:34:00
SES-13715,USR-285,PROD-109,Premium Arabica Coffee Beans,Grocery > Beverages > Coffee,view,1,2026-06-16 11:57:00
SES-13706,USR-285,PROD-110,Electric Pour-Over Kettle,Grocery > Appliances > Coffee,view,1,2026-06-22 09:24:00
SES-13717,USR-285,PROD-106,Ergonomic Mechanical Keyboard,Computers > Accessories > Keyboards,purchase,5,2026-06-26 01:47:00
SES-13721,USR-286,PROD-103,Studio Wired Headphones,Electronics > Audio > Headphones,view,1,2026-03-05 06:03:00
SES-13730,USR-286,PROD-108,USB-C Multi-Port Hub,Computers > Accessories > Hubs,add_to_cart,3,2026-03-05 09:27:00
SES-13720,USR-286,PROD-108,USB-C Multi-Port Hub,Computers > Accessories > Hubs,view,1,2026-03-05 23:39:00
SES-13726,USR-286,PROD-101,Wireless Noise-Canceling Headphones,Electronics > Audio > Headphones,purchase,5,2026-03-12 03:31:00
SES-13730,USR-286,PROD-101,Wireless Noise-Canceling Headphones,Electronics > Audio > Headphones,purchase,5,2026-03-14 12:26:00
SES-13734,USR-286,PROD-108,USB-C Multi-Port Hub,Computers > Accessories > Hubs,view,1,2026-03-14 12:48:00
SES-13738,USR-286,PROD-103,Studio Wired Headphones,Electronics > Audio > Headphones,view,1,2026-03-14 19:51:00
SES-13734,USR-286,PROD-103,Studio Wired Headphones,Electronics > Audio > Headphones,add_to_cart,3,2026-03-28 09:55:00
SES-13731,USR-286,PROD-108,USB-C Multi-Port Hub,Computers > Accessories > Hubs,purchase,5,2026-03-28 12:24:00
SES-13730,USR-286,PROD-102,Bluetooth Sports Earbuds,Electronics > Audio > Headphones,purchase,5,2026-03-28 18:58:00
SES-13731,USR-286,PROD-102,Bluetooth Sports Earbuds,Electronics > Audio > Headphones,purchase,5,2026-04-02 21:14:00
SES-13727,USR-286,PROD-102,Bluetooth Sports Earbuds,Electronics > Audio > Headphones,view,1,2026-04-18 22:22:00
SES-13722,USR-286,PROD-103,Studio Wired Headphones,Electronics > Audio > Headphones,add_to_cart,3,2026-05-01 03:45:00
SES-13728,USR-286,PROD-108,USB-C Multi-Port Hub,Computers > Accessories > Hubs,view,1,2026-05-05 22:02:00
SES-13726,USR-286,PROD-108,USB-C Multi-Port Hub,Computers > Accessories > Hubs,purchase,5,2026-05-08 21:44:00
SES-13729,USR-286,PROD-101,Wireless Noise-Canceling Headphones,Electronics > Audio > Headphones,view,1,2026-05-19 23:36:00
SES-13734,USR-286,PROD-102,Bluetooth Sports Earbuds,Electronics > Audio > Headphones,view,1,2026-06-05 06:46:00
SES-13725,USR-286,PROD-101,Wireless Noise-Canceling Headphones,Electronics > Audio > Headphones,view,1,2026-06-14 05:01:00
SES-13728,USR-286,PROD-108,USB-C Multi-Port Hub,Computers > Accessories > Hubs,add_to_cart,3,2026-06-14 22:30:00
SES-13738,USR-286,PROD-111,Stainless Steel Travel Mug,Grocery > Drinkware > Mugs,view,1,2026-06-27 08:22:00
SES-13757,USR-287,PROD-103,Studio Wired Headphones,Electronics > Audio > Headphones,view,1,2026-01-22 21:53:00
SES-13740,USR-287,PROD-105,OLED Gaming Monitor,Electronics > Video > Monitors,purchase,5,2026-01-24 01:01:00
SES-13743,USR-287,PROD-108,USB-C Multi-Port Hub,Computers > Accessories > Hubs,purchase,5,2026-01-26 02:50:00
SES-13750,USR-287,PROD-105,OLED Gaming Monitor,Electronics > Video > Monitors,view,1,2026-01-26 17:37:00
SES-13756,USR-287,PROD-104,4K Ultra HD Smart TV,Electronics > Video > Televisions,view,1,2026-02-06 14:31:00
SES-13748,USR-287,PROD-112,Organic Green Tea Bags,Grocery > Beverages > Tea,view,1,2026-02-13 06:56:00
SES-13751,USR-287,PROD-107,Wireless Vertical Mouse,Computers > Accessories > Mice,purchase,5,2026-02-14 09:42:00
SES-13759,USR-287,PROD-107,Wireless Vertical Mouse,Computers > Accessories > Mice,view,1,2026-03-19 16:35:00
SES-13740,USR-287,PROD-104,4K Ultra HD Smart TV,Electronics > Video > Televisions,purchase,5,2026-03-19 19:48:00
SES-13743,USR-287,PROD-107,Wireless Vertical Mouse,Computers > Accessories > Mice,purchase,5,2026-04-19 19:03:00
SES-13741,USR-287,PROD-106,Ergonomic Mechanical Keyboard,Computers > Accessories > Keyboards,view,1,2026-05-05 17:31:00
SES-13746,USR-287,PROD-104,4K Ultra HD Smart TV,Electronics > Video > Televisions,add_to_cart,3,2026-05-05 17:31:00
SES-13755,USR-287,PROD-107,Wireless Vertical Mouse,Computers > Accessories > Mice,view,1,2026-05-20 08:05:00
SES-13745,USR-287,PROD-108,USB-C Multi-Port Hub,Computers > Accessories > Hubs,view,1,2026-06-16 01:16:00
SES-13743,USR-287,PROD-106,Ergonomic Mechanical Keyboard,Computers > Accessories > Keyboards,purchase,5,2026-06-19 07:19:00
SES-13755,USR-287,PROD-105,OLED Gaming Monitor,Electronics > Video > Monitors,purchase,5,2026-06-29 14:09:00
SES-13761,USR-288,PROD-107,Wireless Vertical Mouse,Computers > Accessories > Mice,purchase,5,2026-01-21 16:10:00
SES-13763,USR-288,PROD-104,4K Ultra HD Smart TV,Electronics > Video > Televisions,add_to_cart,3,2026-01-22 00:43:00
SES-13768,USR-288,PROD-104,4K Ultra HD Smart TV,Electronics > Video > Televisions,view,1,2026-02-11 02:12:00
SES-13762,USR-288,PROD-107,Wireless Vertical Mouse,Computers > Accessories > Mice,purchase,5,2026-02-20 05:36:00
SES-13766,USR-288,PROD-106,Ergonomic Mechanical Keyboard,Computers > Accessories > Keyboards,view,1,2026-03-01 17:44:00
SES-13765,USR-288,PROD-107,Wireless Vertical Mouse,Computers > Accessories > Mice,add_to_cart,3,2026-03-14 23:34:00
SES-13764,USR-288,PROD-110,Electric Pour-Over Kettle,Grocery > Appliances > Coffee,view,1,2026-03-15 22:40:00
SES-13761,USR-288,PROD-108,USB-C Multi-Port Hub,Computers > Accessories > Hubs,purchase,5,2026-03-17 06:51:00
SES-13766,USR-288,PROD-105,OLED Gaming Monitor,Electronics > Video > Monitors,view,1,2026-04-06 17:19:00
SES-13776,USR-288,PROD-109,Premium Arabica Coffee Beans,Grocery > Beverages > Coffee,view,1,2026-04-07 14:26:00
SES-13776,USR-288,PROD-114,Moisture-Wicking Sports Tee,Apparel > Clothing > Activewear,view,1,2026-04-15 00:10:00
SES-13767,USR-288,PROD-104,4K Ultra HD Smart TV,Electronics > Video > Televisions,purchase,5,2026-04-19 13:59:00
SES-13778,USR-288,PROD-105,OLED Gaming Monitor,Electronics > Video > Monitors,purchase,5,2026-04-27 19:54:00
SES-13772,USR-288,PROD-106,Ergonomic Mechanical Keyboard,Computers > Accessories > Keyboards,view,1,2026-05-01 12:58:00
SES-13761,USR-288,PROD-107,Wireless Vertical Mouse,Computers > Accessories > Mice,add_to_cart,3,2026-05-09 20:19:00
SES-13770,USR-288,PROD-112,Organic Green Tea Bags,Grocery > Beverages > Tea,view,1,2026-05-27 20:16:00
SES-13779,USR-288,PROD-106,Ergonomic Mechanical Keyboard,Computers > Accessories > Keyboards,view,1,2026-06-20 03:16:00
SES-13770,USR-288,PROD-104,4K Ultra HD Smart TV,Electronics > Video > Televisions,purchase,5,2026-06-24 16:05:00
SES-13781,USR-289,PROD-108,USB-C Multi-Port Hub,Computers > Accessories > Hubs,view,1,2026-01-19 15:03:00
SES-13785,USR-289,PROD-104,4K Ultra HD Smart TV,Electronics > Video > Televisions,view,1,2026-02-15 01:14:00
SES-13795,USR-289,PROD-105,OLED Gaming Monitor,Electronics > Video > Monitors,add_to_cart,3,2026-02-16 20:07:00
SES-13798,USR-289,PROD-106,Ergonomic Mechanical Keyboard,Computers > Accessories > Keyboards,view,1,2026-02-17 15:51:00
SES-13780,USR-289,PROD-108,USB-C Multi-Port Hub,Computers > Accessories > Hubs,add_to_cart,3,2026-02-19 05:52:00
SES-13781,USR-289,PROD-108,USB-C Multi-Port Hub,Computers > Accessories > Hubs,purchase,5,2026-03-04 02:20:00
SES-13795,USR-289,PROD-106,Ergonomic Mechanical Keyboard,Computers > Accessories > Keyboards,view,1,2026-04-06 18:43:00
SES-13798,USR-289,PROD-105,OLED Gaming Monitor,Electronics > Video > Monitors,view,1,2026-04-10 00:49:00
SES-13780,USR-289,PROD-104,4K Ultra HD Smart TV,Electronics > Video > Televisions,view,1,2026-05-01 12:25:00
SES-13791,USR-289,PROD-107,Wireless Vertical Mouse,Computers > Accessories > Mice,add_to_cart,3,2026-05-07 06:40:00
SES-13792,USR-289,PROD-104,4K Ultra HD Smart TV,Electronics > Video > Televisions,view,1,2026-05-10 09:46:00
SES-13796,USR-289,PROD-106,Ergonomic Mechanical Keyboard,Computers > Accessories > Keyboards,purchase,5,2026-05-10 18:38:00
SES-13796,USR-289,PROD-107,Wireless Vertical Mouse,Computers > Accessories > Mice,purchase,5,2026-05-28 17:40:00
SES-13784,USR-289,PROD-105,OLED Gaming Monitor,Electronics > Video > Monitors,purchase,5,2026-06-01 18:07:00
SES-13780,USR-289,PROD-104,4K Ultra HD Smart TV,Electronics > Video > Televisions,purchase,5,2026-06-19 22:05:00
SES-13790,USR-289,PROD-113,Running Shoes Ultra Light,Apparel > Footwear > Shoes,purchase,5,2026-06-21 21:44:00
SES-13812,USR-290,PROD-114,Moisture-Wicking Sports Tee,Apparel > Clothing > Activewear,purchase,5,2026-01-09 20:51:00
SES-13804,USR-290,PROD-113,Running Shoes Ultra Light,Apparel > Footwear > Shoes,view,1,2026-01-20 15:19:00
SES-13808,USR-290,PROD-115,Water-Resistant Gym Duffel,Apparel > Accessories > Bags,purchase,5,2026-01-26 04:27:00
SES-13802,USR-290,PROD-113,Running Shoes Ultra Light,Apparel > Footwear > Shoes,purchase,5,2026-01-28 12:36:00
SES-13804,USR-290,PROD-113,Running Shoes Ultra Light,Apparel > Footwear > Shoes,purchase,5,2026-02-06 23:29:00
SES-13810,USR-290,PROD-115,Water-Resistant Gym Duffel,Apparel > Accessories > Bags,view,1,2026-02-17 08:42:00
SES-13802,USR-290,PROD-114,Moisture-Wicking Sports Tee,Apparel > Clothing > Activewear,purchase,5,2026-02-22 05:54:00
SES-13812,USR-290,PROD-113,Running Shoes Ultra Light,Apparel > Footwear > Shoes,view,1,2026-02-25 09:26:00
SES-13807,USR-290,PROD-115,Water-Resistant Gym Duffel,Apparel > Accessories > Bags,purchase,5,2026-02-25 19:28:00
SES-13814,USR-290,PROD-114,Moisture-Wicking Sports Tee,Apparel > Clothing > Activewear,view,1,2026-03-06 07:52:00
SES-13812,USR-290,PROD-113,Running Shoes Ultra Light,Apparel > Footwear > Shoes,purchase,5,2026-03-14 01:39:00
SES-13809,USR-290,PROD-113,Running Shoes Ultra Light,Apparel > Footwear > Shoes,view,1,2026-03-26 21:00:00
SES-13818,USR-290,PROD-112,Organic Green Tea Bags,Grocery > Beverages > Tea,view,1,2026-03-28 09:19:00
SES-13817,USR-290,PROD-114,Moisture-Wicking Sports Tee,Apparel > Clothing > Activewear,view,1,2026-04-10 05:27:00
SES-13800,USR-290,PROD-114,Moisture-Wicking Sports Tee,Apparel > Clothing > Activewear,purchase,5,2026-04-19 23:06:00
SES-13807,USR-290,PROD-113,Running Shoes Ultra Light,Apparel > Footwear > Shoes,purchase,5,2026-04-21 08:17:00
SES-13815,USR-290,PROD-114,Moisture-Wicking Sports Tee,Apparel > Clothing > Activewear,view,1,2026-04-22 15:42:00
SES-13818,USR-290,PROD-114,Moisture-Wicking Sports Tee,Apparel > Clothing > Activewear,purchase,5,2026-05-14 09:21:00
SES-13818,USR-290,PROD-103,Studio Wired Headphones,Electronics > Audio > Headphones,view,1,2026-05-20 15:25:00
SES-13818,USR-290,PROD-113,Running Shoes Ultra Light,Apparel > Footwear > Shoes,purchase,5,2026-05-31 02:13:00
SES-13815,USR-290,PROD-114,Moisture-Wicking Sports Tee,Apparel > Clothing > Activewear,view,1,2026-06-05 03:26:00
SES-13817,USR-290,PROD-113,Running Shoes Ultra Light,Apparel > Footwear > Shoes,view,1,2026-06-06 01:10:00
SES-13814,USR-290,PROD-115,Water-Resistant Gym Duffel,Apparel > Accessories > Bags,purchase,5,2026-06-12 22:06:00
SES-13817,USR-290,PROD-115,Water-Resistant Gym Duffel,Apparel > Accessories > Bags,add_to_cart,3,2026-06-19 21:32:00
SES-13825,USR-291,PROD-107,Wireless Vertical Mouse,Computers > Accessories > Mice,purchase,5,2026-01-01 22:43:00
SES-13837,USR-291,PROD-107,Wireless Vertical Mouse,Computers > Accessories > Mice,add_to_cart,3,2026-01-06 16:24:00
SES-13822,USR-291,PROD-108,USB-C Multi-Port Hub,Computers > Accessories > Hubs,purchase,5,2026-01-29 19:31:00
SES-13834,USR-291,PROD-105,OLED Gaming Monitor,Electronics > Video > Monitors,purchase,5,2026-01-30 01:19:00
SES-13822,USR-291,PROD-103,Studio Wired Headphones,Electronics > Audio > Headphones,view,1,2026-01-30 13:52:00
SES-13834,USR-291,PROD-104,4K Ultra HD Smart TV,Electronics > Video > Televisions,view,1,2026-02-05 04:08:00
SES-13831,USR-291,PROD-108,USB-C Multi-Port Hub,Computers > Accessories > Hubs,purchase,5,2026-02-07 17:31:00
SES-13824,USR-291,PROD-107,Wireless Vertical Mouse,Computers > Accessories > Mice,view,1,2026-02-10 20:40:00
SES-13836,USR-291,PROD-108,USB-C Multi-Port Hub,Computers > Accessories > Hubs,purchase,5,2026-02-13 22:21:00
SES-13821,USR-291,PROD-105,OLED Gaming Monitor,Electronics > Video > Monitors,add_to_cart,3,2026-02-14 08:15:00
SES-13825,USR-291,PROD-105,OLED Gaming Monitor,Electronics > Video > Monitors,purchase,5,2026-02-15 14:04:00
SES-13829,USR-291,PROD-106,Ergonomic Mechanical Keyboard,Computers > Accessories > Keyboards,add_to_cart,3,2026-02-24 21:27:00
SES-13825,USR-291,PROD-104,4K Ultra HD Smart TV,Electronics > Video > Televisions,add_to_cart,3,2026-02-25 23:27:00
SES-13835,USR-291,PROD-103,Studio Wired Headphones,Electronics > Audio > Headphones,view,1,2026-03-10 06:42:00
SES-13836,USR-291,PROD-108,USB-C Multi-Port Hub,Computers > Accessories > Hubs,purchase,5,2026-03-18 09:40:00
SES-13829,USR-291,PROD-108,USB-C Multi-Port Hub,Computers > Accessories > Hubs,view,1,2026-04-06 16:35:00
SES-13836,USR-291,PROD-107,Wireless Vertical Mouse,Computers > Accessories > Mice,purchase,5,2026-04-09 02:24:00
SES-13839,USR-291,PROD-106,Ergonomic Mechanical Keyboard,Computers > Accessories > Keyboards,view,1,2026-04-09 14:39:00
SES-13823,USR-291,PROD-105,OLED Gaming Monitor,Electronics > Video > Monitors,view,1,2026-04-13 11:33:00
SES-13822,USR-291,PROD-114,Moisture-Wicking Sports Tee,Apparel > Clothing > Activewear,view,1,2026-04-17 11:36:00
SES-13836,USR-291,PROD-106,Ergonomic Mechanical Keyboard,Computers > Accessories > Keyboards,purchase,5,2026-04-26 17:44:00
SES-13828,USR-291,PROD-108,USB-C Multi-Port Hub,Computers > Accessories > Hubs,view,1,2026-05-02 19:44:00
SES-13839,USR-291,PROD-108,USB-C Multi-Port Hub,Computers > Accessories > Hubs,add_to_cart,3,2026-05-03 19:42:00
SES-13829,USR-291,PROD-106,Ergonomic Mechanical Keyboard,Computers > Accessories > Keyboards,view,1,2026-05-23 06:16:00
SES-13837,USR-291,PROD-105,OLED Gaming Monitor,Electronics > Video > Monitors,view,1,2026-05-24 23:45:00
SES-13827,USR-291,PROD-108,USB-C Multi-Port Hub,Computers > Accessories > Hubs,add_to_cart,3,2026-05-30 14:28:00
SES-13820,USR-291,PROD-108,USB-C Multi-Port Hub,Computers > Accessories > Hubs,add_to_cart,3,2026-06-11 13:03:00
SES-13829,USR-291,PROD-110,Electric Pour-Over Kettle,Grocery > Appliances > Coffee,view,1,2026-06-11 13:48:00
SES-13825,USR-291,PROD-106,Ergonomic Mechanical Keyboard,Computers > Accessories > Keyboards,purchase,5,2026-06-21 08:03:00
SES-13829,USR-291,PROD-105,OLED Gaming Monitor,Electronics > Video > Monitors,view,1,2026-06-30 09:47:00
SES-13843,USR-292,PROD-102,Bluetooth Sports Earbuds,Electronics > Audio > Headphones,add_to_cart,3,2026-01-01 20:50:00
SES-13852,USR-292,PROD-113,Running Shoes Ultra Light,Apparel > Footwear > Shoes,view,1,2026-01-17 08:49:00
SES-13853,USR-292,PROD-115,Water-Resistant Gym Duffel,Apparel > Accessories > Bags,purchase,5,2026-02-03 12:14:00
SES-13849,USR-292,PROD-113,Running Shoes Ultra Light,Apparel > Footwear > Shoes,view,1,2026-02-11 19:42:00
SES-13849,USR-292,PROD-113,Running Shoes Ultra Light,Apparel > Footwear > Shoes,purchase,5,2026-02-17 13:48:00
SES-13857,USR-292,PROD-113,Running Shoes Ultra Light,Apparel > Footwear > Shoes,purchase,5,2026-03-01 10:12:00
SES-13851,USR-292,PROD-115,Water-Resistant Gym Duffel,Apparel > Accessories > Bags,purchase,5,2026-03-07 14:08:00
SES-13850,USR-292,PROD-113,Running Shoes Ultra Light,Apparel > Footwear > Shoes,view,1,2026-03-10 17:11:00
SES-13842,USR-292,PROD-115,Water-Resistant Gym Duffel,Apparel > Accessories > Bags,view,1,2026-03-16 13:27:00
SES-13840,USR-292,PROD-115,Water-Resistant Gym Duffel,Apparel > Accessories > Bags,view,1,2026-04-03 11:56:00
SES-13849,USR-292,PROD-114,Moisture-Wicking Sports Tee,Apparel > Clothing > Activewear,view,1,2026-04-04 14:20:00
SES-13855,USR-292,PROD-109,Premium Arabica Coffee Beans,Grocery > Beverages > Coffee,purchase,5,2026-04-07 18:20:00
SES-13847,USR-292,PROD-114,Moisture-Wicking Sports Tee,Apparel > Clothing > Activewear,view,1,2026-04-20 14:06:00
SES-13854,USR-292,PROD-113,Running Shoes Ultra Light,Apparel > Footwear > Shoes,purchase,5,2026-04-21 13:47:00
SES-13849,USR-292,PROD-114,Moisture-Wicking Sports Tee,Apparel > Clothing > Activewear,purchase,5,2026-04-22 09:58:00
SES-13842,USR-292,PROD-114,Moisture-Wicking Sports Tee,Apparel > Clothing > Activewear,view,1,2026-04-29 20:34:00
SES-13852,USR-292,PROD-115,Water-Resistant Gym Duffel,Apparel > Accessories > Bags,view,1,2026-05-07 11:05:00
SES-13857,USR-292,PROD-114,Moisture-Wicking Sports Tee,Apparel > Clothing > Activewear,purchase,5,2026-05-12 23:52:00
SES-13844,USR-292,PROD-114,Moisture-Wicking Sports Tee,Apparel > Clothing > Activewear,purchase,5,2026-05-19 00:02:00
SES-13849,USR-292,PROD-114,Moisture-Wicking Sports Tee,Apparel > Clothing > Activewear,add_to_cart,3,2026-05-27 00:23:00
SES-13843,USR-292,PROD-115,Water-Resistant Gym Duffel,Apparel > Accessories > Bags,add_to_cart,3,2026-05-28 08:23:00
SES-13857,USR-292,PROD-115,Water-Resistant Gym Duffel,Apparel > Accessories > Bags,view,1,2026-05-31 00:47:00
SES-13845,USR-292,PROD-115,Water-Resistant Gym Duffel,Apparel > Accessories > Bags,view,1,2026-06-18 11:35:00
SES-13847,USR-292,PROD-114,Moisture-Wicking Sports Tee,Apparel > Clothing > Activewear,purchase,5,2026-06-23 22:06:00
SES-13854,USR-292,PROD-104,4K Ultra HD Smart TV,Electronics > Video > Televisions,view,1,2026-06-27 06:25:00
SES-13869,USR-293,PROD-104,4K Ultra HD Smart TV,Electronics > Video > Televisions,view,1,2026-01-18 02:05:00
SES-13877,USR-293,PROD-108,USB-C Multi-Port Hub,Computers > Accessories > Hubs,view,1,2026-01-25 12:13:00
SES-13874,USR-293,PROD-107,Wireless Vertical Mouse,Computers > Accessories > Mice,purchase,5,2026-01-30 04:28:00
SES-13877,USR-293,PROD-108,USB-C Multi-Port Hub,Computers > Accessories > Hubs,purchase,5,2026-02-12 16:53:00
SES-13868,USR-293,PROD-106,Ergonomic Mechanical Keyboard,Computers > Accessories > Keyboards,view,1,2026-02-19 10:27:00
SES-13879,USR-293,PROD-108,USB-C Multi-Port Hub,Computers > Accessories > Hubs,view,1,2026-02-19 12:15:00
SES-13877,USR-293,PROD-106,Ergonomic Mechanical Keyboard,Computers > Accessories > Keyboards,purchase,5,2026-02-19 23:21:00
SES-13861,USR-293,PROD-106,Ergonomic Mechanical Keyboard,Computers > Accessories > Keyboards,view,1,2026-02-23 20:09:00
SES-13873,USR-293,PROD-108,USB-C Multi-Port Hub,Computers > Accessories > Hubs,purchase,5,2026-03-03 15:05:00
SES-13864,USR-293,PROD-108,USB-C Multi-Port Hub,Computers > Accessories > Hubs,purchase,5,2026-03-12 01:01:00
SES-13860,USR-293,PROD-108,USB-C Multi-Port Hub,Computers > Accessories > Hubs,add_to_cart,3,2026-03-20 10:53:00
SES-13867,USR-293,PROD-102,Bluetooth Sports Earbuds,Electronics > Audio > Headphones,purchase,5,2026-03-26 18:21:00
SES-13860,USR-293,PROD-107,Wireless Vertical Mouse,Computers > Accessories > Mice,view,1,2026-04-01 02:08:00
SES-13874,USR-293,PROD-105,OLED Gaming Monitor,Electronics > Video > Monitors,view,1,2026-04-10 21:00:00
SES-13864,USR-293,PROD-107,Wireless Vertical Mouse,Computers > Accessories > Mice,purchase,5,2026-04-16 10:28:00
SES-13867,USR-293,PROD-105,OLED Gaming Monitor,Electronics > Video > Monitors,view,1,2026-05-23 07:03:00
SES-13872,USR-293,PROD-114,Moisture-Wicking Sports Tee,Apparel > Clothing > Activewear,purchase,5,2026-05-23 12:29:00
SES-13873,USR-293,PROD-107,Wireless Vertical Mouse,Computers > Accessories > Mice,purchase,5,2026-06-02 22:13:00
SES-13870,USR-293,PROD-104,4K Ultra HD Smart TV,Electronics > Video > Televisions,view,1,2026-06-22 13:28:00
SES-13885,USR-294,PROD-112,Organic Green Tea Bags,Grocery > Beverages > Tea,view,1,2026-01-04 16:21:00
SES-13883,USR-294,PROD-111,Stainless Steel Travel Mug,Grocery > Drinkware > Mugs,purchase,5,2026-01-08 11:10:00
SES-13888,USR-294,PROD-109,Premium Arabica Coffee Beans,Grocery > Beverages > Coffee,view,1,2026-01-11 22:49:00
SES-13886,USR-294,PROD-111,Stainless Steel Travel Mug,Grocery > Drinkware > Mugs,view,1,2026-01-26 06:34:00
SES-13896,USR-294,PROD-109,Premium Arabica Coffee Beans,Grocery > Beverages > Coffee,view,1,2026-01-27 21:27:00
SES-13881,USR-294,PROD-111,Stainless Steel Travel Mug,Grocery > Drinkware > Mugs,view,1,2026-02-10 02:14:00
SES-13896,USR-294,PROD-111,Stainless Steel Travel Mug,Grocery > Drinkware > Mugs,view,1,2026-03-05 21:29:00
SES-13888,USR-294,PROD-112,Organic Green Tea Bags,Grocery > Beverages > Tea,add_to_cart,3,2026-03-11 12:53:00
SES-13882,USR-294,PROD-108,USB-C Multi-Port Hub,Computers > Accessories > Hubs,purchase,5,2026-03-17 04:57:00
SES-13894,USR-294,PROD-109,Premium Arabica Coffee Beans,Grocery > Beverages > Coffee,view,1,2026-03-18 00:59:00
SES-13897,USR-294,PROD-109,Premium Arabica Coffee Beans,Grocery > Beverages > Coffee,purchase,5,2026-03-19 09:18:00
SES-13883,USR-294,PROD-112,Organic Green Tea Bags,Grocery > Beverages > Tea,view,1,2026-03-25 04:43:00
SES-13892,USR-294,PROD-110,Electric Pour-Over Kettle,Grocery > Appliances > Coffee,purchase,5,2026-05-15 15:13:00
SES-13882,USR-294,PROD-110,Electric Pour-Over Kettle,Grocery > Appliances > Coffee,add_to_cart,3,2026-05-22 01:42:00
SES-13897,USR-294,PROD-112,Organic Green Tea Bags,Grocery > Beverages > Tea,view,1,2026-05-22 04:48:00
SES-13892,USR-294,PROD-110,Electric Pour-Over Kettle,Grocery > Appliances > Coffee,purchase,5,2026-05-26 21:02:00
SES-13891,USR-294,PROD-110,Electric Pour-Over Kettle,Grocery > Appliances > Coffee,purchase,5,2026-05-30 00:02:00
SES-13884,USR-294,PROD-109,Premium Arabica Coffee Beans,Grocery > Beverages > Coffee,view,1,2026-06-01 08:48:00
SES-13898,USR-294,PROD-109,Premium Arabica Coffee Beans,Grocery > Beverages > Coffee,purchase,5,2026-06-02 12:08:00
SES-13892,USR-294,PROD-111,Stainless Steel Travel Mug,Grocery > Drinkware > Mugs,purchase,5,2026-06-06 07:24:00
SES-13893,USR-294,PROD-110,Electric Pour-Over Kettle,Grocery > Appliances > Coffee,view,1,2026-06-07 08:33:00
SES-13886,USR-294,PROD-111,Stainless Steel Travel Mug,Grocery > Drinkware > Mugs,view,1,2026-06-07 21:20:00
SES-13895,USR-294,PROD-107,Wireless Vertical Mouse,Computers > Accessories > Mice,view,1,2026-06-11 09:10:00
SES-13892,USR-294,PROD-109,Premium Arabica Coffee Beans,Grocery > Beverages > Coffee,view,1,2026-06-15 09:12:00
SES-13892,USR-294,PROD-111,Stainless Steel Travel Mug,Grocery > Drinkware > Mugs,purchase,5,2026-06-19 03:00:00
SES-13898,USR-294,PROD-112,Organic Green Tea Bags,Grocery > Beverages > Tea,add_to_cart,3,2026-06-20 14:14:00
SES-13885,USR-294,PROD-105,OLED Gaming Monitor,Electronics > Video > Monitors,view,1,2026-06-21 01:33:00
SES-13887,USR-294,PROD-111,Stainless Steel Travel Mug,Grocery > Drinkware > Mugs,purchase,5,2026-06-29 22:02:00
SES-13918,USR-295,PROD-113,Running Shoes Ultra Light,Apparel > Footwear > Shoes,purchase,5,2026-01-03 18:57:00
SES-13903,USR-295,PROD-113,Running Shoes Ultra Light,Apparel > Footwear > Shoes,view,1,2026-01-06 19:03:00
SES-13908,USR-295,PROD-102,Bluetooth Sports Earbuds,Electronics > Audio > Headphones,add_to_cart,3,2026-01-22 22:21:00
SES-13907,USR-295,PROD-115,Water-Resistant Gym Duffel,Apparel > Accessories > Bags,purchase,5,2026-01-24 11:09:00
SES-13907,USR-295,PROD-113,Running Shoes Ultra Light,Apparel > Footwear > Shoes,view,1,2026-02-08 00:18:00
SES-13909,USR-295,PROD-113,Running Shoes Ultra Light,Apparel > Footwear > Shoes,add_to_cart,3,2026-02-09 18:52:00
SES-13904,USR-295,PROD-114,Moisture-Wicking Sports Tee,Apparel > Clothing > Activewear,purchase,5,2026-02-20 20:59:00
SES-13910,USR-295,PROD-111,Stainless Steel Travel Mug,Grocery > Drinkware > Mugs,add_to_cart,3,2026-02-26 12:07:00
SES-13904,USR-295,PROD-115,Water-Resistant Gym Duffel,Apparel > Accessories > Bags,purchase,5,2026-03-13 00:20:00
SES-13917,USR-295,PROD-113,Running Shoes Ultra Light,Apparel > Footwear > Shoes,view,1,2026-03-22 23:22:00
SES-13913,USR-295,PROD-115,Water-Resistant Gym Duffel,Apparel > Accessories > Bags,add_to_cart,3,2026-03-23 15:24:00
SES-13900,USR-295,PROD-115,Water-Resistant Gym Duffel,Apparel > Accessories > Bags,purchase,5,2026-03-24 03:40:00
SES-13907,USR-295,PROD-114,Moisture-Wicking Sports Tee,Apparel > Clothing > Activewear,purchase,5,2026-03-26 14:55:00
SES-13902,USR-295,PROD-113,Running Shoes Ultra Light,Apparel > Footwear > Shoes,view,1,2026-04-01 14:42:00
SES-13913,USR-295,PROD-115,Water-Resistant Gym Duffel,Apparel > Accessories > Bags,add_to_cart,3,2026-04-19 17:17:00
SES-13903,USR-295,PROD-114,Moisture-Wicking Sports Tee,Apparel > Clothing > Activewear,view,1,2026-04-21 05:59:00
SES-13915,USR-295,PROD-115,Water-Resistant Gym Duffel,Apparel > Accessories > Bags,view,1,2026-05-15 11:41:00
SES-13918,USR-295,PROD-115,Water-Resistant Gym Duffel,Apparel > Accessories > Bags,purchase,5,2026-05-25 12:48:00
SES-13904,USR-295,PROD-111,Stainless Steel Travel Mug,Grocery > Drinkware > Mugs,purchase,5,2026-05-26 16:39:00
SES-13906,USR-295,PROD-115,Water-Resistant Gym Duffel,Apparel > Accessories > Bags,view,1,2026-06-16 19:30:00
SES-13904,USR-295,PROD-113,Running Shoes Ultra Light,Apparel > Footwear > Shoes,add_to_cart,3,2026-06-30 20:16:00
SES-13933,USR-296,PROD-108,USB-C Multi-Port Hub,Computers > Accessories > Hubs,add_to_cart,3,2026-01-01 16:25:00
SES-13925,USR-296,PROD-106,Ergonomic Mechanical Keyboard,Computers > Accessories > Keyboards,add_to_cart,3,2026-01-12 19:13:00
SES-13930,USR-296,PROD-108,USB-C Multi-Port Hub,Computers > Accessories > Hubs,add_to_cart,3,2026-01-31 08:35:00
SES-13932,USR-296,PROD-106,Ergonomic Mechanical Keyboard,Computers > Accessories > Keyboards,purchase,5,2026-02-05 06:20:00
SES-13929,USR-296,PROD-104,4K Ultra HD Smart TV,Electronics > Video > Televisions,purchase,5,2026-02-23 19:29:00
SES-13928,USR-296,PROD-105,OLED Gaming Monitor,Electronics > Video > Monitors,view,1,2026-03-27 06:42:00
SES-13921,USR-296,PROD-104,4K Ultra HD Smart TV,Electronics > Video > Televisions,view,1,2026-04-03 18:16:00
SES-13920,USR-296,PROD-107,Wireless Vertical Mouse,Computers > Accessories > Mice,add_to_cart,3,2026-04-03 18:43:00
SES-13931,USR-296,PROD-107,Wireless Vertical Mouse,Computers > Accessories > Mice,purchase,5,2026-04-08 15:18:00
SES-13932,USR-296,PROD-106,Ergonomic Mechanical Keyboard,Computers > Accessories > Keyboards,purchase,5,2026-04-18 22:47:00
SES-13934,USR-296,PROD-106,Ergonomic Mechanical Keyboard,Computers > Accessories > Keyboards,add_to_cart,3,2026-04-20 03:33:00
SES-13922,USR-296,PROD-107,Wireless Vertical Mouse,Computers > Accessories > Mice,view,1,2026-05-08 23:06:00
SES-13935,USR-296,PROD-105,OLED Gaming Monitor,Electronics > Video > Monitors,view,1,2026-05-10 05:50:00
SES-13932,USR-296,PROD-108,USB-C Multi-Port Hub,Computers > Accessories > Hubs,purchase,5,2026-05-13 02:10:00
SES-13922,USR-296,PROD-107,Wireless Vertical Mouse,Computers > Accessories > Mice,add_to_cart,3,2026-05-18 21:01:00
SES-13929,USR-296,PROD-104,4K Ultra HD Smart TV,Electronics > Video > Televisions,add_to_cart,3,2026-05-20 13:56:00
SES-13930,USR-296,PROD-107,Wireless Vertical Mouse,Computers > Accessories > Mice,view,1,2026-05-20 17:19:00
SES-13935,USR-296,PROD-108,USB-C Multi-Port Hub,Computers > Accessories > Hubs,add_to_cart,3,2026-05-20 18:47:00
SES-13933,USR-296,PROD-105,OLED Gaming Monitor,Electronics > Video > Monitors,add_to_cart,3,2026-05-21 04:42:00
SES-13937,USR-296,PROD-105,OLED Gaming Monitor,Electronics > Video > Monitors,add_to_cart,3,2026-05-21 22:07:00
SES-13932,USR-296,PROD-105,OLED Gaming Monitor,Electronics > Video > Monitors,purchase,5,2026-05-24 16:44:00
SES-13937,USR-296,PROD-104,4K Ultra HD Smart TV,Electronics > Video > Televisions,add_to_cart,3,2026-05-26 05:51:00
SES-13924,USR-296,PROD-104,4K Ultra HD Smart TV,Electronics > Video > Televisions,purchase,5,2026-05-28 04:58:00
SES-13926,USR-296,PROD-107,Wireless Vertical Mouse,Computers > Accessories > Mice,add_to_cart,3,2026-05-28 12:06:00
SES-13932,USR-296,PROD-113,Running Shoes Ultra Light,Apparel > Footwear > Shoes,view,1,2026-06-10 23:41:00
SES-13935,USR-296,PROD-106,Ergonomic Mechanical Keyboard,Computers > Accessories > Keyboards,purchase,5,2026-06-21 04:12:00
SES-13955,USR-297,PROD-108,USB-C Multi-Port Hub,Computers > Accessories > Hubs,add_to_cart,3,2026-01-05 23:06:00
SES-13944,USR-297,PROD-109,Premium Arabica Coffee Beans,Grocery > Beverages > Coffee,purchase,5,2026-01-06 14:01:00
SES-13942,USR-297,PROD-102,Bluetooth Sports Earbuds,Electronics > Audio > Headphones,view,1,2026-01-17 09:52:00
SES-13953,USR-297,PROD-108,USB-C Multi-Port Hub,Computers > Accessories > Hubs,add_to_cart,3,2026-02-14 09:00:00
SES-13946,USR-297,PROD-108,USB-C Multi-Port Hub,Computers > Accessories > Hubs,add_to_cart,3,2026-02-18 13:03:00
SES-13952,USR-297,PROD-101,Wireless Noise-Canceling Headphones,Electronics > Audio > Headphones,purchase,5,2026-02-22 17:34:00
SES-13954,USR-297,PROD-101,Wireless Noise-Canceling Headphones,Electronics > Audio > Headphones,purchase,5,2026-02-23 07:51:00
SES-13948,USR-297,PROD-101,Wireless Noise-Canceling Headphones,Electronics > Audio > Headphones,view,1,2026-03-12 03:54:00
SES-13956,USR-297,PROD-108,USB-C Multi-Port Hub,Computers > Accessories > Hubs,purchase,5,2026-03-25 16:55:00
SES-13958,USR-297,PROD-108,USB-C Multi-Port Hub,Computers > Accessories > Hubs,view,1,2026-04-02 16:41:00
SES-13945,USR-297,PROD-108,USB-C Multi-Port Hub,Computers > Accessories > Hubs,add_to_cart,3,2026-04-05 21:23:00
SES-13954,USR-297,PROD-102,Bluetooth Sports Earbuds,Electronics > Audio > Headphones,view,1,2026-04-07 20:31:00
SES-13943,USR-297,PROD-111,Stainless Steel Travel Mug,Grocery > Drinkware > Mugs,add_to_cart,3,2026-04-16 05:43:00
SES-13959,USR-297,PROD-103,Studio Wired Headphones,Electronics > Audio > Headphones,purchase,5,2026-04-24 21:16:00
SES-13954,USR-297,PROD-102,Bluetooth Sports Earbuds,Electronics > Audio > Headphones,purchase,5,2026-05-05 19:02:00
SES-13956,USR-297,PROD-107,Wireless Vertical Mouse,Computers > Accessories > Mice,purchase,5,2026-05-09 08:20:00
SES-13958,USR-297,PROD-102,Bluetooth Sports Earbuds,Electronics > Audio > Headphones,add_to_cart,3,2026-05-14 11:31:00
SES-13946,USR-297,PROD-107,Wireless Vertical Mouse,Computers > Accessories > Mice,view,1,2026-05-23 01:01:00
SES-13943,USR-297,PROD-114,Moisture-Wicking Sports Tee,Apparel > Clothing > Activewear,view,1,2026-06-07 15:14:00
SES-13940,USR-297,PROD-101,Wireless Noise-Canceling Headphones,Electronics > Audio > Headphones,view,1,2026-06-15 23:25:00
SES-13958,USR-297,PROD-101,Wireless Noise-Canceling Headphones,Electronics > Audio > Headphones,view,1,2026-06-27 04:19:00
SES-13977,USR-298,PROD-114,Moisture-Wicking Sports Tee,Apparel > Clothing > Activewear,purchase,5,2026-01-14 12:02:00
SES-13972,USR-298,PROD-114,Moisture-Wicking Sports Tee,Apparel > Clothing > Activewear,add_to_cart,3,2026-02-01 23:45:00
SES-13960,USR-298,PROD-115,Water-Resistant Gym Duffel,Apparel > Accessories > Bags,view,1,2026-02-07 04:26:00
SES-13961,USR-298,PROD-114,Moisture-Wicking Sports Tee,Apparel > Clothing > Activewear,purchase,5,2026-02-09 14:04:00
SES-13960,USR-298,PROD-113,Running Shoes Ultra Light,Apparel > Footwear > Shoes,view,1,2026-02-12 21:44:00
SES-13974,USR-298,PROD-115,Water-Resistant Gym Duffel,Apparel > Accessories > Bags,view,1,2026-03-04 01:44:00
SES-13979,USR-298,PROD-115,Water-Resistant Gym Duffel,Apparel > Accessories > Bags,view,1,2026-03-11 20:17:00
SES-13970,USR-298,PROD-113,Running Shoes Ultra Light,Apparel > Footwear > Shoes,purchase,5,2026-03-25 19:56:00
SES-13970,USR-298,PROD-114,Moisture-Wicking Sports Tee,Apparel > Clothing > Activewear,view,1,2026-03-31 18:37:00
SES-13972,USR-298,PROD-115,Water-Resistant Gym Duffel,Apparel > Accessories > Bags,purchase,5,2026-04-06 15:42:00
SES-13970,USR-298,PROD-115,Water-Resistant Gym Duffel,Apparel > Accessories > Bags,purchase,5,2026-04-09 23:25:00
SES-13976,USR-298,PROD-113,Running Shoes Ultra Light,Apparel > Footwear > Shoes,view,1,2026-04-28 14:46:00
SES-13972,USR-298,PROD-113,Running Shoes Ultra Light,Apparel > Footwear > Shoes,add_to_cart,3,2026-04-29 21:33:00
SES-13979,USR-298,PROD-113,Running Shoes Ultra Light,Apparel > Footwear > Shoes,view,1,2026-05-04 14:22:00
SES-13976,USR-298,PROD-115,Water-Resistant Gym Duffel,Apparel > Accessories > Bags,add_to_cart,3,2026-05-11 08:36:00
SES-13964,USR-298,PROD-113,Running Shoes Ultra Light,Apparel > Footwear > Shoes,view,1,2026-05-15 21:56:00
SES-13964,USR-298,PROD-113,Running Shoes Ultra Light,Apparel > Footwear > Shoes,add_to_cart,3,2026-05-27 06:49:00
SES-13963,USR-298,PROD-114,Moisture-Wicking Sports Tee,Apparel > Clothing > Activewear,add_to_cart,3,2026-05-29 04:15:00
SES-13965,USR-298,PROD-108,USB-C Multi-Port Hub,Computers > Accessories > Hubs,view,1,2026-06-06 01:51:00
SES-13972,USR-298,PROD-114,Moisture-Wicking Sports Tee,Apparel > Clothing > Activewear,purchase,5,2026-06-16 22:44:00
SES-13978,USR-298,PROD-115,Water-Resistant Gym Duffel,Apparel > Accessories > Bags,view,1,2026-06-21 14:07:00
SES-13977,USR-298,PROD-115,Water-Resistant Gym Duffel,Apparel > Accessories > Bags,purchase,5,2026-06-23 00:04:00
SES-13975,USR-298,PROD-115,Water-Resistant Gym Duffel,Apparel > Accessories > Bags,view,1,2026-06-29 02:36:00
SES-13989,USR-299,PROD-102,Bluetooth Sports Earbuds,Electronics > Audio > Headphones,view,1,2026-01-25 02:22:00
SES-13981,USR-299,PROD-108,USB-C Multi-Port Hub,Computers > Accessories > Hubs,purchase,5,2026-01-28 08:42:00
SES-13981,USR-299,PROD-108,USB-C Multi-Port Hub,Computers > Accessories > Hubs,view,1,2026-02-02 08:31:00
SES-13997,USR-299,PROD-103,Studio Wired Headphones,Electronics > Audio > Headphones,view,1,2026-02-06 06:09:00
SES-13994,USR-299,PROD-101,Wireless Noise-Canceling Headphones,Electronics > Audio > Headphones,purchase,5,2026-02-07 02:29:00
SES-13980,USR-299,PROD-101,Wireless Noise-Canceling Headphones,Electronics > Audio > Headphones,purchase,5,2026-02-23 00:54:00
SES-13980,USR-299,PROD-101,Wireless Noise-Canceling Headphones,Electronics > Audio > Headphones,view,1,2026-02-26 16:36:00
SES-13999,USR-299,PROD-108,USB-C Multi-Port Hub,Computers > Accessories > Hubs,purchase,5,2026-03-09 07:19:00
SES-13984,USR-299,PROD-102,Bluetooth Sports Earbuds,Electronics > Audio > Headphones,view,1,2026-03-10 01:36:00
SES-13980,USR-299,PROD-104,4K Ultra HD Smart TV,Electronics > Video > Televisions,view,1,2026-03-11 11:12:00
SES-13988,USR-299,PROD-102,Bluetooth Sports Earbuds,Electronics > Audio > Headphones,view,1,2026-04-07 07:35:00
SES-13991,USR-299,PROD-101,Wireless Noise-Canceling Headphones,Electronics > Audio > Headphones,add_to_cart,3,2026-04-07 18:27:00
SES-13984,USR-299,PROD-103,Studio Wired Headphones,Electronics > Audio > Headphones,purchase,5,2026-04-12 21:44:00
SES-13987,USR-299,PROD-101,Wireless Noise-Canceling Headphones,Electronics > Audio > Headphones,view,1,2026-04-17 03:36:00
SES-13995,USR-299,PROD-102,Bluetooth Sports Earbuds,Electronics > Audio > Headphones,purchase,5,2026-04-20 14:51:00
SES-13998,USR-299,PROD-106,Ergonomic Mechanical Keyboard,Computers > Accessories > Keyboards,view,1,2026-04-26 14:07:00
SES-13982,USR-299,PROD-108,USB-C Multi-Port Hub,Computers > Accessories > Hubs,view,1,2026-04-29 09:22:00
SES-13984,USR-299,PROD-101,Wireless Noise-Canceling Headphones,Electronics > Audio > Headphones,purchase,5,2026-05-03 22:14:00
SES-13996,USR-299,PROD-108,USB-C Multi-Port Hub,Computers > Accessories > Hubs,purchase,5,2026-05-27 11:18:00
SES-13997,USR-299,PROD-103,Studio Wired Headphones,Electronics > Audio > Headphones,purchase,5,2026-05-31 10:21:00
SES-14004,USR-300,PROD-101,Wireless Noise-Canceling Headphones,Electronics > Audio > Headphones,purchase,5,2026-01-13 08:31:00
SES-14008,USR-300,PROD-103,Studio Wired Headphones,Electronics > Audio > Headphones,purchase,5,2026-01-16 09:57:00
SES-14009,USR-300,PROD-101,Wireless Noise-Canceling Headphones,Electronics > Audio > Headphones,view,1,2026-01-24 22:26:00
SES-14017,USR-300,PROD-101,Wireless Noise-Canceling Headphones,Electronics > Audio > Headphones,view,1,2026-02-08 23:33:00
SES-14008,USR-300,PROD-108,USB-C Multi-Port Hub,Computers > Accessories > Hubs,purchase,5,2026-02-15 01:26:00
SES-14016,USR-300,PROD-101,Wireless Noise-Canceling Headphones,Electronics > Audio > Headphones,purchase,5,2026-02-28 07:12:00
SES-14017,USR-300,PROD-101,Wireless Noise-Canceling Headphones,Electronics > Audio > Headphones,view,1,2026-03-05 12:28:00
SES-14019,USR-300,PROD-108,USB-C Multi-Port Hub,Computers > Accessories > Hubs,add_to_cart,3,2026-04-02 19:53:00
SES-14011,USR-300,PROD-108,USB-C Multi-Port Hub,Computers > Accessories > Hubs,view,1,2026-04-23 23:46:00
SES-14000,USR-300,PROD-102,Bluetooth Sports Earbuds,Electronics > Audio > Headphones,add_to_cart,3,2026-05-06 00:14:00
SES-14007,USR-300,PROD-103,Studio Wired Headphones,Electronics > Audio > Headphones,add_to_cart,3,2026-05-07 20:16:00
SES-14002,USR-300,PROD-104,4K Ultra HD Smart TV,Electronics > Video > Televisions,add_to_cart,3,2026-05-29 21:02:00
SES-14017,USR-300,PROD-103,Studio Wired Headphones,Electronics > Audio > Headphones,view,1,2026-06-05 22:05:00
SES-14001,USR-300,PROD-108,USB-C Multi-Port Hub,Computers > Accessories > Hubs,view,1,2026-06-10 14:44:00
SES-14011,USR-300,PROD-111,Stainless Steel Travel Mug,Grocery > Drinkware > Mugs,view,1,2026-06-11 20:38:00
SES-14002,USR-300,PROD-102,Bluetooth Sports Earbuds,Electronics > Audio > Headphones,view,1,2026-06-15 12:30:00
SES-14023,USR-301,PROD-108,USB-C Multi-Port Hub,Computers > Accessories > Hubs,purchase,5,2026-01-01 21:46:00
SES-14028,USR-301,PROD-102,Bluetooth Sports Earbuds,Electronics > Audio > Headphones,view,1,2026-01-06 13:41:00
SES-14028,USR-301,PROD-102,Bluetooth Sports Earbuds,Electronics > Audio > Headphones,view,1,2026-01-06 17:05:00
SES-14035,USR-301,PROD-103,Studio Wired Headphones,Electronics > Audio > Headphones,view,1,2026-01-15 20:09:00
SES-14025,USR-301,PROD-102,Bluetooth Sports Earbuds,Electronics > Audio > Headphones,add_to_cart,3,2026-01-20 19:35:00
SES-14035,USR-301,PROD-101,Wireless Noise-Canceling Headphones,Electronics > Audio > Headphones,view,1,2026-01-29 22:26:00
SES-14029,USR-301,PROD-108,USB-C Multi-Port Hub,Computers > Accessories > Hubs,add_to_cart,3,2026-02-28 11:18:00
SES-14031,USR-301,PROD-108,USB-C Multi-Port Hub,Computers > Accessories > Hubs,purchase,5,2026-03-02 07:38:00
SES-14021,USR-301,PROD-101,Wireless Noise-Canceling Headphones,Electronics > Audio > Headphones,view,1,2026-03-04 18:45:00
SES-14036,USR-301,PROD-101,Wireless Noise-Canceling Headphones,Electronics > Audio > Headphones,purchase,5,2026-03-30 22:53:00
SES-14037,USR-301,PROD-101,Wireless Noise-Canceling Headphones,Electronics > Audio > Headphones,purchase,5,2026-04-02 03:03:00
SES-14027,USR-301,PROD-103,Studio Wired Headphones,Electronics > Audio > Headphones,purchase,5,2026-05-01 10:21:00
SES-14021,USR-301,PROD-103,Studio Wired Headphones,Electronics > Audio > Headphones,purchase,5,2026-05-20 02:59:00
SES-14021,USR-301,PROD-108,USB-C Multi-Port Hub,Computers > Accessories > Hubs,purchase,5,2026-06-10 08:58:00
SES-14023,USR-301,PROD-108,USB-C Multi-Port Hub,Computers > Accessories > Hubs,view,1,2026-06-17 22:46:00
SES-14036,USR-301,PROD-108,USB-C Multi-Port Hub,Computers > Accessories > Hubs,purchase,5,2026-06-18 00:44:00
SES-14022,USR-301,PROD-111,Stainless Steel Travel Mug,Grocery > Drinkware > Mugs,view,1,2026-06-21 15:11:00
SES-14034,USR-301,PROD-108,USB-C Multi-Port Hub,Computers > Accessories > Hubs,add_to_cart,3,2026-06-26 23:52:00
SES-14050,USR-302,PROD-103,Studio Wired Headphones,Electronics > Audio > Headphones,view,1,2026-01-06 10:18:00
SES-14046,USR-302,PROD-108,USB-C Multi-Port Hub,Computers > Accessories > Hubs,view,1,2026-01-06 23:20:00
SES-14055,USR-302,PROD-102,Bluetooth Sports Earbuds,Electronics > Audio > Headphones,view,1,2026-01-22 16:14:00
SES-14045,USR-302,PROD-108,USB-C Multi-Port Hub,Computers > Accessories > Hubs,view,1,2026-01-23 08:00:00
SES-14057,USR-302,PROD-102,Bluetooth Sports Earbuds,Electronics > Audio > Headphones,purchase,5,2026-01-25 00:03:00
SES-14050,USR-302,PROD-111,Stainless Steel Travel Mug,Grocery > Drinkware > Mugs,add_to_cart,3,2026-02-06 19:25:00
SES-14058,USR-302,PROD-108,USB-C Multi-Port Hub,Computers > Accessories > Hubs,purchase,5,2026-03-13 04:23:00
SES-14050,USR-302,PROD-102,Bluetooth Sports Earbuds,Electronics > Audio > Headphones,add_to_cart,3,2026-03-20 09:06:00
SES-14058,USR-302,PROD-101,Wireless Noise-Canceling Headphones,Electronics > Audio > Headphones,view,1,2026-03-28 09:33:00
SES-14057,USR-302,PROD-101,Wireless Noise-Canceling Headphones,Electronics > Audio > Headphones,purchase,5,2026-04-13 01:23:00
SES-14055,USR-302,PROD-101,Wireless Noise-Canceling Headphones,Electronics > Audio > Headphones,view,1,2026-04-16 11:21:00
SES-14056,USR-302,PROD-101,Wireless Noise-Canceling Headphones,Electronics > Audio > Headphones,purchase,5,2026-04-23 05:39:00
SES-14057,USR-302,PROD-103,Studio Wired Headphones,Electronics > Audio > Headphones,add_to_cart,3,2026-04-30 18:49:00
SES-14045,USR-302,PROD-103,Studio Wired Headphones,Electronics > Audio > Headphones,purchase,5,2026-05-08 12:47:00
SES-14045,USR-302,PROD-103,Studio Wired Headphones,Electronics > Audio > Headphones,view,1,2026-05-22 09:14:00
SES-14050,USR-302,PROD-108,USB-C Multi-Port Hub,Computers > Accessories > Hubs,view,1,2026-05-24 23:40:00
SES-14049,USR-302,PROD-103,Studio Wired Headphones,Electronics > Audio > Headphones,purchase,5,2026-06-12 16:07:00
SES-14045,USR-302,PROD-102,Bluetooth Sports Earbuds,Electronics > Audio > Headphones,add_to_cart,3,2026-06-13 13:50:00
SES-14058,USR-302,PROD-108,USB-C Multi-Port Hub,Computers > Accessories > Hubs,purchase,5,2026-06-27 01:37:00
SES-14071,USR-303,PROD-108,USB-C Multi-Port Hub,Computers > Accessories > Hubs,purchase,5,2026-01-06 11:23:00
SES-14062,USR-303,PROD-106,Ergonomic Mechanical Keyboard,Computers > Accessories > Keyboards,add_to_cart,3,2026-01-10 21:51:00
SES-14068,USR-303,PROD-108,USB-C Multi-Port Hub,Computers > Accessories > Hubs,add_to_cart,3,2026-01-11 01:00:00
SES-14075,USR-303,PROD-108,USB-C Multi-Port Hub,Computers > Accessories > Hubs,purchase,5,2026-01-12 01:18:00
SES-14064,USR-303,PROD-105,OLED Gaming Monitor,Electronics > Video > Monitors,view,1,2026-02-28 14:59:00
SES-14070,USR-303,PROD-107,Wireless Vertical Mouse,Computers > Accessories > Mice,purchase,5,2026-03-02 10:59:00
SES-14078,USR-303,PROD-104,4K Ultra HD Smart TV,Electronics > Video > Televisions,purchase,5,2026-03-08 13:54:00
SES-14065,USR-303,PROD-113,Running Shoes Ultra Light,Apparel > Footwear > Shoes,add_to_cart,3,2026-03-14 17:35:00
SES-14077,USR-303,PROD-106,Ergonomic Mechanical Keyboard,Computers > Accessories > Keyboards,view,1,2026-03-27 07:28:00
SES-14062,USR-303,PROD-107,Wireless Vertical Mouse,Computers > Accessories > Mice,purchase,5,2026-03-31 15:40:00
SES-14075,USR-303,PROD-106,Ergonomic Mechanical Keyboard,Computers > Accessories > Keyboards,purchase,5,2026-04-04 05:09:00
SES-14076,USR-303,PROD-104,4K Ultra HD Smart TV,Electronics > Video > Televisions,purchase,5,2026-04-05 21:40:00
SES-14066,USR-303,PROD-107,Wireless Vertical Mouse,Computers > Accessories > Mice,view,1,2026-04-13 04:46:00
SES-14078,USR-303,PROD-106,Ergonomic Mechanical Keyboard,Computers > Accessories > Keyboards,view,1,2026-04-18 02:44:00
SES-14078,USR-303,PROD-104,4K Ultra HD Smart TV,Electronics > Video > Televisions,add_to_cart,3,2026-05-05 22:01:00
SES-14063,USR-303,PROD-105,OLED Gaming Monitor,Electronics > Video > Monitors,purchase,5,2026-05-10 16:14:00
SES-14062,USR-303,PROD-105,OLED Gaming Monitor,Electronics > Video > Monitors,purchase,5,2026-05-16 09:07:00
SES-14072,USR-303,PROD-104,4K Ultra HD Smart TV,Electronics > Video > Televisions,view,1,2026-05-17 17:31:00
SES-14076,USR-303,PROD-110,Electric Pour-Over Kettle,Grocery > Appliances > Coffee,purchase,5,2026-05-22 23:58:00
SES-14071,USR-303,PROD-106,Ergonomic Mechanical Keyboard,Computers > Accessories > Keyboards,purchase,5,2026-06-08 20:25:00
SES-14068,USR-303,PROD-108,USB-C Multi-Port Hub,Computers > Accessories > Hubs,add_to_cart,3,2026-06-12 11:27:00
SES-14077,USR-303,PROD-106,Ergonomic Mechanical Keyboard,Computers > Accessories > Keyboards,add_to_cart,3,2026-06-14 19:05:00
SES-14077,USR-303,PROD-104,4K Ultra HD Smart TV,Electronics > Video > Televisions,add_to_cart,3,2026-06-25 02:37:00
SES-14063,USR-303,PROD-105,OLED Gaming Monitor,Electronics > Video > Monitors,view,1,2026-06-26 06:38:00
SES-14060,USR-303,PROD-106,Ergonomic Mechanical Keyboard,Computers > Accessories > Keyboards,view,1,2026-06-27 22:02:00
SES-14083,USR-304,PROD-108,USB-C Multi-Port Hub,Computers > Accessories > Hubs,purchase,5,2026-01-29 09:53:00
SES-14083,USR-304,PROD-107,Wireless Vertical Mouse,Computers > Accessories > Mice,purchase,5,2026-02-25 10:48:00
SES-14083,USR-304,PROD-107,Wireless Vertical Mouse,Computers > Accessories > Mice,view,1,2026-03-04 18:56:00
SES-14099,USR-304,PROD-104,4K Ultra HD Smart TV,Electronics > Video > Televisions,view,1,2026-03-10 13:41:00
SES-14097,USR-304,PROD-105,OLED Gaming Monitor,Electronics > Video > Monitors,view,1,2026-03-13 16:27:00
SES-14081,USR-304,PROD-108,USB-C Multi-Port Hub,Computers > Accessories > Hubs,purchase,5,2026-03-21 00:12:00
SES-14083,USR-304,PROD-106,Ergonomic Mechanical Keyboard,Computers > Accessories > Keyboards,view,1,2026-04-01 04:54:00
SES-14082,USR-304,PROD-104,4K Ultra HD Smart TV,Electronics > Video > Televisions,view,1,2026-04-08 21:38:00
SES-14093,USR-304,PROD-104,4K Ultra HD Smart TV,Electronics > Video > Televisions,view,1,2026-04-11 12:52:00
SES-14090,USR-304,PROD-105,OLED Gaming Monitor,Electronics > Video > Monitors,add_to_cart,3,2026-04-13 17:07:00
SES-14085,USR-304,PROD-105,OLED Gaming Monitor,Electronics > Video > Monitors,add_to_cart,3,2026-04-21 13:30:00
SES-14089,USR-304,PROD-104,4K Ultra HD Smart TV,Electronics > Video > Televisions,add_to_cart,3,2026-04-30 14:03:00
SES-14088,USR-304,PROD-106,Ergonomic Mechanical Keyboard,Computers > Accessories > Keyboards,view,1,2026-05-02 08:08:00
SES-14087,USR-304,PROD-108,USB-C Multi-Port Hub,Computers > Accessories > Hubs,add_to_cart,3,2026-05-19 14:47:00
SES-14089,USR-304,PROD-105,OLED Gaming Monitor,Electronics > Video > Monitors,add_to_cart,3,2026-05-22 13:55:00
SES-14081,USR-304,PROD-106,Ergonomic Mechanical Keyboard,Computers > Accessories > Keyboards,purchase,5,2026-06-10 16:31:00
SES-14092,USR-304,PROD-111,Stainless Steel Travel Mug,Grocery > Drinkware > Mugs,view,1,2026-06-13 01:32:00
SES-14080,USR-304,PROD-105,OLED Gaming Monitor,Electronics > Video > Monitors,purchase,5,2026-06-30 06:09:00
SES-14112,USR-305,PROD-113,Running Shoes Ultra Light,Apparel > Footwear > Shoes,view,1,2026-01-13 13:15:00
SES-14104,USR-305,PROD-113,Running Shoes Ultra Light,Apparel > Footwear > Shoes,purchase,5,2026-01-28 13:42:00
SES-14108,USR-305,PROD-106,Ergonomic Mechanical Keyboard,Computers > Accessories > Keyboards,add_to_cart,3,2026-01-29 16:55:00
SES-14113,USR-305,PROD-114,Moisture-Wicking Sports Tee,Apparel > Clothing > Activewear,add_to_cart,3,2026-02-03 11:49:00
SES-14101,USR-305,PROD-114,Moisture-Wicking Sports Tee,Apparel > Clothing > Activewear,view,1,2026-02-08 22:06:00
SES-14110,USR-305,PROD-114,Moisture-Wicking Sports Tee,Apparel > Clothing > Activewear,purchase,5,2026-02-21 15:41:00
SES-14104,USR-305,PROD-102,Bluetooth Sports Earbuds,Electronics > Audio > Headphones,add_to_cart,3,2026-02-26 08:29:00
SES-14110,USR-305,PROD-115,Water-Resistant Gym Duffel,Apparel > Accessories > Bags,view,1,2026-03-04 03:13:00
SES-14115,USR-305,PROD-115,Water-Resistant Gym Duffel,Apparel > Accessories > Bags,view,1,2026-03-05 09:31:00
SES-14105,USR-305,PROD-114,Moisture-Wicking Sports Tee,Apparel > Clothing > Activewear,add_to_cart,3,2026-04-02 20:52:00
SES-14107,USR-305,PROD-115,Water-Resistant Gym Duffel,Apparel > Accessories > Bags,add_to_cart,3,2026-04-08 17:47:00
SES-14104,USR-305,PROD-107,Wireless Vertical Mouse,Computers > Accessories > Mice,purchase,5,2026-04-10 05:55:00
SES-14115,USR-305,PROD-113,Running Shoes Ultra Light,Apparel > Footwear > Shoes,purchase,5,2026-04-22 03:00:00
SES-14102,USR-305,PROD-113,Running Shoes Ultra Light,Apparel > Footwear > Shoes,view,1,2026-05-10 11:26:00
SES-14110,USR-305,PROD-113,Running Shoes Ultra Light,Apparel > Footwear > Shoes,view,1,2026-05-17 09:37:00
SES-14107,USR-305,PROD-113,Running Shoes Ultra Light,Apparel > Footwear > Shoes,add_to_cart,3,2026-05-21 00:12:00
SES-14107,USR-305,PROD-115,Water-Resistant Gym Duffel,Apparel > Accessories > Bags,view,1,2026-05-21 16:58:00
SES-14104,USR-305,PROD-114,Moisture-Wicking Sports Tee,Apparel > Clothing > Activewear,purchase,5,2026-05-21 20:03:00
SES-14110,USR-305,PROD-114,Moisture-Wicking Sports Tee,Apparel > Clothing > Activewear,view,1,2026-05-22 08:29:00
SES-14100,USR-305,PROD-115,Water-Resistant Gym Duffel,Apparel > Accessories > Bags,view,1,2026-05-28 03:28:00
SES-14101,USR-305,PROD-115,Water-Resistant Gym Duffel,Apparel > Accessories > Bags,view,1,2026-06-12 00:10:00
SES-14101,USR-305,PROD-114,Moisture-Wicking Sports Tee,Apparel > Clothing > Activewear,view,1,2026-06-16 06:34:00
SES-14133,USR-306,PROD-115,Water-Resistant Gym Duffel,Apparel > Accessories > Bags,purchase,5,2026-01-12 05:59:00
SES-14124,USR-306,PROD-114,Moisture-Wicking Sports Tee,Apparel > Clothing > Activewear,purchase,5,2026-01-12 09:40:00
SES-14138,USR-306,PROD-115,Water-Resistant Gym Duffel,Apparel > Accessories > Bags,view,1,2026-01-13 10:00:00
SES-14122,USR-306,PROD-113,Running Shoes Ultra Light,Apparel > Footwear > Shoes,view,1,2026-01-17 05:15:00
SES-14134,USR-306,PROD-115,Water-Resistant Gym Duffel,Apparel > Accessories > Bags,purchase,5,2026-01-22 01:52:00
SES-14134,USR-306,PROD-113,Running Shoes Ultra Light,Apparel > Footwear > Shoes,view,1,2026-01-23 22:55:00
SES-14124,USR-306,PROD-113,Running Shoes Ultra Light,Apparel > Footwear > Shoes,purchase,5,2026-03-04 02:49:00
SES-14138,USR-306,PROD-102,Bluetooth Sports Earbuds,Electronics > Audio > Headphones,view,1,2026-03-04 22:04:00
SES-14135,USR-306,PROD-115,Water-Resistant Gym Duffel,Apparel > Accessories > Bags,view,1,2026-03-29 06:14:00
SES-14123,USR-306,PROD-115,Water-Resistant Gym Duffel,Apparel > Accessories > Bags,view,1,2026-03-29 21:14:00
SES-14136,USR-306,PROD-115,Water-Resistant Gym Duffel,Apparel > Accessories > Bags,add_to_cart,3,2026-03-30 07:20:00
SES-14120,USR-306,PROD-114,Moisture-Wicking Sports Tee,Apparel > Clothing > Activewear,view,1,2026-04-15 20:31:00
SES-14134,USR-306,PROD-115,Water-Resistant Gym Duffel,Apparel > Accessories > Bags,view,1,2026-05-07 02:46:00
SES-14129,USR-306,PROD-114,Moisture-Wicking Sports Tee,Apparel > Clothing > Activewear,add_to_cart,3,2026-05-17 00:57:00
SES-14122,USR-306,PROD-115,Water-Resistant Gym Duffel,Apparel > Accessories > Bags,view,1,2026-05-28 21:25:00
SES-14133,USR-306,PROD-114,Moisture-Wicking Sports Tee,Apparel > Clothing > Activewear,view,1,2026-05-31 20:24:00
SES-14125,USR-306,PROD-115,Water-Resistant Gym Duffel,Apparel > Accessories > Bags,view,1,2026-06-04 12:17:00
SES-14135,USR-306,PROD-114,Moisture-Wicking Sports Tee,Apparel > Clothing > Activewear,view,1,2026-06-11 17:38:00
SES-14124,USR-306,PROD-114,Moisture-Wicking Sports Tee,Apparel > Clothing > Activewear,view,1,2026-06-13 09:14:00
SES-14130,USR-306,PROD-114,Moisture-Wicking Sports Tee,Apparel > Clothing > Activewear,view,1,2026-06-15 04:17:00
SES-14134,USR-306,PROD-107,Wireless Vertical Mouse,Computers > Accessories > Mice,view,1,2026-06-19 17:10:00
SES-14129,USR-306,PROD-114,Moisture-Wicking Sports Tee,Apparel > Clothing > Activewear,view,1,2026-06-19 20:23:00
SES-14136,USR-306,PROD-115,Water-Resistant Gym Duffel,Apparel > Accessories > Bags,view,1,2026-06-23 02:35:00
SES-14140,USR-307,PROD-114,Moisture-Wicking Sports Tee,Apparel > Clothing > Activewear,view,1,2026-01-02 01:20:00
SES-14149,USR-307,PROD-113,Running Shoes Ultra Light,Apparel > Footwear > Shoes,view,1,2026-01-06 20:53:00
SES-14150,USR-307,PROD-115,Water-Resistant Gym Duffel,Apparel > Accessories > Bags,view,1,2026-01-16 03:52:00
SES-14140,USR-307,PROD-115,Water-Resistant Gym Duffel,Apparel > Accessories > Bags,view,1,2026-01-18 03:26:00
SES-14150,USR-307,PROD-113,Running Shoes Ultra Light,Apparel > Footwear > Shoes,add_to_cart,3,2026-01-29 18:45:00
SES-14159,USR-307,PROD-108,USB-C Multi-Port Hub,Computers > Accessories > Hubs,add_to_cart,3,2026-01-30 06:09:00
SES-14144,USR-307,PROD-115,Water-Resistant Gym Duffel,Apparel > Accessories > Bags,purchase,5,2026-02-05 01:50:00
SES-14153,USR-307,PROD-115,Water-Resistant Gym Duffel,Apparel > Accessories > Bags,purchase,5,2026-02-07 08:33:00
SES-14147,USR-307,PROD-113,Running Shoes Ultra Light,Apparel > Footwear > Shoes,purchase,5,2026-02-26 08:15:00
SES-14151,USR-307,PROD-109,Premium Arabica Coffee Beans,Grocery > Beverages > Coffee,add_to_cart,3,2026-03-01 05:26:00
SES-14143,USR-307,PROD-114,Moisture-Wicking Sports Tee,Apparel > Clothing > Activewear,add_to_cart,3,2026-03-05 22:51:00
SES-14142,USR-307,PROD-113,Running Shoes Ultra Light,Apparel > Footwear > Shoes,view,1,2026-03-27 01:32:00
SES-14152,USR-307,PROD-114,Moisture-Wicking Sports Tee,Apparel > Clothing > Activewear,purchase,5,2026-04-02 11:35:00
SES-14144,USR-307,PROD-113,Running Shoes Ultra Light,Apparel > Footwear > Shoes,add_to_cart,3,2026-04-12 01:51:00
SES-14146,USR-307,PROD-103,Studio Wired Headphones,Electronics > Audio > Headphones,view,1,2026-04-16 02:04:00
SES-14144,USR-307,PROD-114,Moisture-Wicking Sports Tee,Apparel > Clothing > Activewear,purchase,5,2026-04-18 15:35:00
SES-14152,USR-307,PROD-113,Running Shoes Ultra Light,Apparel > Footwear > Shoes,add_to_cart,3,2026-04-19 04:44:00
SES-14150,USR-307,PROD-114,Moisture-Wicking Sports Tee,Apparel > Clothing > Activewear,view,1,2026-04-19 23:24:00
SES-14153,USR-307,PROD-113,Running Shoes Ultra Light,Apparel > Footwear > Shoes,add_to_cart,3,2026-04-20 10:10:00
SES-14153,USR-307,PROD-113,Running Shoes Ultra Light,Apparel > Footwear > Shoes,purchase,5,2026-04-27 11:07:00
SES-14143,USR-307,PROD-114,Moisture-Wicking Sports Tee,Apparel > Clothing > Activewear,view,1,2026-05-03 13:35:00
SES-14140,USR-307,PROD-114,Moisture-Wicking Sports Tee,Apparel > Clothing > Activewear,view,1,2026-05-04 08:45:00
SES-14141,USR-307,PROD-115,Water-Resistant Gym Duffel,Apparel > Accessories > Bags,view,1,2026-05-11 21:28:00
SES-14145,USR-307,PROD-113,Running Shoes Ultra Light,Apparel > Footwear > Shoes,view,1,2026-05-13 12:39:00
SES-14141,USR-307,PROD-115,Water-Resistant Gym Duffel,Apparel > Accessories > Bags,view,1,2026-05-21 11:02:00
SES-14144,USR-307,PROD-115,Water-Resistant Gym Duffel,Apparel > Accessories > Bags,view,1,2026-06-18 12:45:00
SES-14171,USR-308,PROD-106,Ergonomic Mechanical Keyboard,Computers > Accessories > Keyboards,purchase,5,2026-01-06 10:28:00
SES-14175,USR-308,PROD-105,OLED Gaming Monitor,Electronics > Video > Monitors,purchase,5,2026-01-15 04:54:00
SES-14165,USR-308,PROD-107,Wireless Vertical Mouse,Computers > Accessories > Mice,view,1,2026-01-25 17:53:00
SES-14176,USR-308,PROD-104,4K Ultra HD Smart TV,Electronics > Video > Televisions,view,1,2026-01-30 21:32:00
SES-14160,USR-308,PROD-105,OLED Gaming Monitor,Electronics > Video > Monitors,view,1,2026-02-03 01:35:00
SES-14169,USR-308,PROD-106,Ergonomic Mechanical Keyboard,Computers > Accessories > Keyboards,view,1,2026-02-12 07:12:00
SES-14160,USR-308,PROD-107,Wireless Vertical Mouse,Computers > Accessories > Mice,view,1,2026-02-16 00:49:00
SES-14166,USR-308,PROD-106,Ergonomic Mechanical Keyboard,Computers > Accessories > Keyboards,add_to_cart,3,2026-02-18 20:27:00
SES-14173,USR-308,PROD-105,OLED Gaming Monitor,Electronics > Video > Monitors,view,1,2026-02-24 16:13:00
SES-14172,USR-308,PROD-104,4K Ultra HD Smart TV,Electronics > Video > Televisions,add_to_cart,3,2026-03-08 07:44:00
SES-14179,USR-308,PROD-108,USB-C Multi-Port Hub,Computers > Accessories > Hubs,view,1,2026-03-11 03:25:00
SES-14178,USR-308,PROD-104,4K Ultra HD Smart TV,Electronics > Video > Televisions,view,1,2026-03-13 20:22:00
SES-14160,USR-308,PROD-104,4K Ultra HD Smart TV,Electronics > Video > Televisions,purchase,5,2026-04-02 23:23:00
SES-14160,USR-308,PROD-107,Wireless Vertical Mouse,Computers > Accessories > Mice,view,1,2026-04-10 17:38:00
SES-14177,USR-308,PROD-107,Wireless Vertical Mouse,Computers > Accessories > Mice,view,1,2026-04-21 02:57:00
SES-14167,USR-308,PROD-114,Moisture-Wicking Sports Tee,Apparel > Clothing > Activewear,view,1,2026-04-27 05:01:00
SES-14172,USR-308,PROD-104,4K Ultra HD Smart TV,Electronics > Video > Televisions,view,1,2026-04-27 09:16:00
SES-14175,USR-308,PROD-106,Ergonomic Mechanical Keyboard,Computers > Accessories > Keyboards,purchase,5,2026-04-27 10:43:00
SES-14173,USR-308,PROD-108,USB-C Multi-Port Hub,Computers > Accessories > Hubs,purchase,5,2026-05-21 15:13:00
SES-14173,USR-308,PROD-107,Wireless Vertical Mouse,Computers > Accessories > Mice,purchase,5,2026-05-29 00:05:00
SES-14166,USR-308,PROD-107,Wireless Vertical Mouse,Computers > Accessories > Mice,purchase,5,2026-06-06 10:53:00
SES-14169,USR-308,PROD-107,Wireless Vertical Mouse,Computers > Accessories > Mice,view,1,2026-06-12 03:01:00
SES-14160,USR-308,PROD-107,Wireless Vertical Mouse,Computers > Accessories > Mice,view,1,2026-06-13 10:27:00
SES-14170,USR-308,PROD-107,Wireless Vertical Mouse,Computers > Accessories > Mice,view,1,2026-06-19 02:05:00
SES-14179,USR-308,PROD-106,Ergonomic Mechanical Keyboard,Computers > Accessories > Keyboards,add_to_cart,3,2026-06-19 07:05:00
SES-14170,USR-308,PROD-110,Electric Pour-Over Kettle,Grocery > Appliances > Coffee,add_to_cart,3,2026-06-22 10:56:00
SES-14187,USR-309,PROD-113,Running Shoes Ultra Light,Apparel > Footwear > Shoes,purchase,5,2026-01-05 21:29:00
SES-14192,USR-309,PROD-114,Moisture-Wicking Sports Tee,Apparel > Clothing > Activewear,view,1,2026-01-15 12:09:00
SES-14190,USR-309,PROD-114,Moisture-Wicking Sports Tee,Apparel > Clothing > Activewear,view,1,2026-01-19 02:41:00
SES-14186,USR-309,PROD-115,Water-Resistant Gym Duffel,Apparel > Accessories > Bags,view,1,2026-01-19 14:33:00
SES-14185,USR-309,PROD-113,Running Shoes Ultra Light,Apparel > Footwear > Shoes,purchase,5,2026-01-22 23:49:00
SES-14185,USR-309,PROD-115,Water-Resistant Gym Duffel,Apparel > Accessories > Bags,view,1,2026-01-28 16:34:00
SES-14199,USR-309,PROD-115,Water-Resistant Gym Duffel,Apparel > Accessories > Bags,purchase,5,2026-03-03 12:27:00
SES-14183,USR-309,PROD-113,Running Shoes Ultra Light,Apparel > Footwear > Shoes,purchase,5,2026-03-05 13:08:00
SES-14193,USR-309,PROD-115,Water-Resistant Gym Duffel,Apparel > Accessories > Bags,purchase,5,2026-03-08 01:22:00
SES-14198,USR-309,PROD-113,Running Shoes Ultra Light,Apparel > Footwear > Shoes,view,1,2026-04-02 11:22:00
SES-14187,USR-309,PROD-114,Moisture-Wicking Sports Tee,Apparel > Clothing > Activewear,purchase,5,2026-04-05 09:18:00
SES-14193,USR-309,PROD-115,Water-Resistant Gym Duffel,Apparel > Accessories > Bags,purchase,5,2026-04-29 15:12:00
SES-14197,USR-309,PROD-113,Running Shoes Ultra Light,Apparel > Footwear > Shoes,purchase,5,2026-05-01 04:16:00
SES-14185,USR-309,PROD-114,Moisture-Wicking Sports Tee,Apparel > Clothing > Activewear,purchase,5,2026-05-14 03:07:00
SES-14197,USR-309,PROD-113,Running Shoes Ultra Light,Apparel > Footwear > Shoes,purchase,5,2026-06-04 23:04:00
SES-14180,USR-309,PROD-113,Running Shoes Ultra Light,Apparel > Footwear > Shoes,view,1,2026-06-05 18:06:00
SES-14195,USR-309,PROD-113,Running Shoes Ultra Light,Apparel > Footwear > Shoes,add_to_cart,3,2026-06-07 07:31:00
SES-14194,USR-309,PROD-115,Water-Resistant Gym Duffel,Apparel > Accessories > Bags,view,1,2026-06-18 18:54:00
SES-14188,USR-309,PROD-114,Moisture-Wicking Sports Tee,Apparel > Clothing > Activewear,purchase,5,2026-06-28 23:22:00
SES-14206,USR-310,PROD-106,Ergonomic Mechanical Keyboard,Computers > Accessories > Keyboards,view,1,2026-01-13 13:17:00
SES-14212,USR-310,PROD-103,Studio Wired Headphones,Electronics > Audio > Headphones,view,1,2026-01-28 23:23:00
SES-14215,USR-310,PROD-102,Bluetooth Sports Earbuds,Electronics > Audio > Headphones,add_to_cart,3,2026-02-03 17:31:00
SES-14206,USR-310,PROD-108,USB-C Multi-Port Hub,Computers > Accessories > Hubs,view,1,2026-02-22 05:49:00
SES-14205,USR-310,PROD-101,Wireless Noise-Canceling Headphones,Electronics > Audio > Headphones,add_to_cart,3,2026-02-22 12:20:00
SES-14205,USR-310,PROD-101,Wireless Noise-Canceling Headphones,Electronics > Audio > Headphones,view,1,2026-02-23 06:44:00
SES-14216,USR-310,PROD-108,USB-C Multi-Port Hub,Computers > Accessories > Hubs,purchase,5,2026-02-28 01:05:00
SES-14208,USR-310,PROD-102,Bluetooth Sports Earbuds,Electronics > Audio > Headphones,add_to_cart,3,2026-03-02 13:51:00
SES-14216,USR-310,PROD-101,Wireless Noise-Canceling Headphones,Electronics > Audio > Headphones,view,1,2026-03-10 04:19:00
SES-14213,USR-310,PROD-101,Wireless Noise-Canceling Headphones,Electronics > Audio > Headphones,purchase,5,2026-03-31 06:26:00
SES-14208,USR-310,PROD-102,Bluetooth Sports Earbuds,Electronics > Audio > Headphones,purchase,5,2026-04-16 18:02:00
SES-14202,USR-310,PROD-103,Studio Wired Headphones,Electronics > Audio > Headphones,purchase,5,2026-04-18 11:17:00
SES-14200,USR-310,PROD-108,USB-C Multi-Port Hub,Computers > Accessories > Hubs,view,1,2026-04-20 05:53:00
SES-14206,USR-310,PROD-108,USB-C Multi-Port Hub,Computers > Accessories > Hubs,view,1,2026-04-20 21:26:00
SES-14202,USR-310,PROD-108,USB-C Multi-Port Hub,Computers > Accessories > Hubs,purchase,5,2026-05-02 01:54:00
SES-14219,USR-310,PROD-108,USB-C Multi-Port Hub,Computers > Accessories > Hubs,add_to_cart,3,2026-05-06 05:55:00
SES-14203,USR-310,PROD-108,USB-C Multi-Port Hub,Computers > Accessories > Hubs,add_to_cart,3,2026-05-09 20:51:00
SES-14216,USR-310,PROD-101,Wireless Noise-Canceling Headphones,Electronics > Audio > Headphones,view,1,2026-05-27 09:37:00
SES-14206,USR-310,PROD-108,USB-C Multi-Port Hub,Computers > Accessories > Hubs,purchase,5,2026-05-29 22:58:00
SES-14213,USR-310,PROD-103,Studio Wired Headphones,Electronics > Audio > Headphones,add_to_cart,3,2026-06-01 00:47:00
SES-14219,USR-310,PROD-108,USB-C Multi-Port Hub,Computers > Accessories > Hubs,view,1,2026-06-01 02:10:00
SES-14205,USR-310,PROD-101,Wireless Noise-Canceling Headphones,Electronics > Audio > Headphones,view,1,2026-06-16 15:05:00
SES-14215,USR-310,PROD-108,USB-C Multi-Port Hub,Computers > Accessories > Hubs,view,1,2026-06-28 05:48:00
SES-14238,USR-311,PROD-106,Ergonomic Mechanical Keyboard,Computers > Accessories > Keyboards,purchase,5,2026-01-07 04:52:00
SES-14220,USR-311,PROD-107,Wireless Vertical Mouse,Computers > Accessories > Mice,view,1,2026-01-18 13:10:00
SES-14222,USR-311,PROD-106,Ergonomic Mechanical Keyboard,Computers > Accessories > Keyboards,view,1,2026-01-25 06:18:00
SES-14223,USR-311,PROD-108,USB-C Multi-Port Hub,Computers > Accessories > Hubs,add_to_cart,3,2026-02-25 15:10:00
SES-14230,USR-311,PROD-104,4K Ultra HD Smart TV,Electronics > Video > Televisions,purchase,5,2026-03-20 18:34:00
SES-14221,USR-311,PROD-108,USB-C Multi-Port Hub,Computers > Accessories > Hubs,view,1,2026-03-25 05:03:00
SES-14222,USR-311,PROD-104,4K Ultra HD Smart TV,Electronics > Video > Televisions,view,1,2026-03-26 09:57:00
SES-14221,USR-311,PROD-109,Premium Arabica Coffee Beans,Grocery > Beverages > Coffee,purchase,5,2026-03-28 14:41:00
SES-14221,USR-311,PROD-107,Wireless Vertical Mouse,Computers > Accessories > Mice,view,1,2026-03-29 09:58:00
SES-14227,USR-311,PROD-115,Water-Resistant Gym Duffel,Apparel > Accessories > Bags,view,1,2026-04-12 01:20:00
SES-14230,USR-311,PROD-105,OLED Gaming Monitor,Electronics > Video > Monitors,purchase,5,2026-05-10 01:07:00
SES-14224,USR-311,PROD-106,Ergonomic Mechanical Keyboard,Computers > Accessories > Keyboards,view,1,2026-06-01 14:02:00
SES-14221,USR-311,PROD-106,Ergonomic Mechanical Keyboard,Computers > Accessories > Keyboards,purchase,5,2026-06-05 07:33:00
SES-14224,USR-311,PROD-105,OLED Gaming Monitor,Electronics > Video > Monitors,add_to_cart,3,2026-06-12 17:02:00
SES-14252,USR-312,PROD-113,Running Shoes Ultra Light,Apparel > Footwear > Shoes,add_to_cart,3,2026-01-14 14:13:00
SES-14257,USR-312,PROD-114,Moisture-Wicking Sports Tee,Apparel > Clothing > Activewear,view,1,2026-01-19 15:22:00
SES-14254,USR-312,PROD-115,Water-Resistant Gym Duffel,Apparel > Accessories > Bags,purchase,5,2026-01-21 19:42:00
SES-14258,USR-312,PROD-115,Water-Resistant Gym Duffel,Apparel > Accessories > Bags,add_to_cart,3,2026-01-26 20:43:00
SES-14242,USR-312,PROD-114,Moisture-Wicking Sports Tee,Apparel > Clothing > Activewear,view,1,2026-01-28 08:18:00
SES-14247,USR-312,PROD-113,Running Shoes Ultra Light,Apparel > Footwear > Shoes,add_to_cart,3,2026-02-18 17:21:00
SES-14247,USR-312,PROD-115,Water-Resistant Gym Duffel,Apparel > Accessories > Bags,purchase,5,2026-02-21 08:07:00
SES-14248,USR-312,PROD-115,Water-Resistant Gym Duffel,Apparel > Accessories > Bags,purchase,5,2026-02-23 20:50:00
SES-14247,USR-312,PROD-114,Moisture-Wicking Sports Tee,Apparel > Clothing > Activewear,purchase,5,2026-02-27 14:13:00
SES-14254,USR-312,PROD-114,Moisture-Wicking Sports Tee,Apparel > Clothing > Activewear,add_to_cart,3,2026-03-10 20:16:00
SES-14255,USR-312,PROD-115,Water-Resistant Gym Duffel,Apparel > Accessories > Bags,purchase,5,2026-03-19 06:36:00
SES-14243,USR-312,PROD-113,Running Shoes Ultra Light,Apparel > Footwear > Shoes,view,1,2026-03-23 04:33:00
SES-14255,USR-312,PROD-113,Running Shoes Ultra Light,Apparel > Footwear > Shoes,purchase,5,2026-04-05 23:53:00
SES-14249,USR-312,PROD-115,Water-Resistant Gym Duffel,Apparel > Accessories > Bags,view,1,2026-05-17 22:28:00
SES-14258,USR-312,PROD-113,Running Shoes Ultra Light,Apparel > Footwear > Shoes,add_to_cart,3,2026-05-25 23:47:00
SES-14248,USR-312,PROD-115,Water-Resistant Gym Duffel,Apparel > Accessories > Bags,add_to_cart,3,2026-05-26 05:56:00
SES-14246,USR-312,PROD-114,Moisture-Wicking Sports Tee,Apparel > Clothing > Activewear,view,1,2026-05-27 03:31:00
SES-14240,USR-312,PROD-114,Moisture-Wicking Sports Tee,Apparel > Clothing > Activewear,purchase,5,2026-05-28 18:26:00
SES-14241,USR-312,PROD-113,Running Shoes Ultra Light,Apparel > Footwear > Shoes,purchase,5,2026-05-30 13:09:00
SES-14241,USR-312,PROD-102,Bluetooth Sports Earbuds,Electronics > Audio > Headphones,purchase,5,2026-06-24 18:43:00
SES-14247,USR-312,PROD-115,Water-Resistant Gym Duffel,Apparel > Accessories > Bags,add_to_cart,3,2026-06-28 01:04:00
SES-14268,USR-313,PROD-102,Bluetooth Sports Earbuds,Electronics > Audio > Headphones,view,1,2026-01-26 09:36:00
SES-14265,USR-313,PROD-108,USB-C Multi-Port Hub,Computers > Accessories > Hubs,purchase,5,2026-01-30 16:27:00
SES-14261,USR-313,PROD-108,USB-C Multi-Port Hub,Computers > Accessories > Hubs,purchase,5,2026-02-07 03:16:00
SES-14273,USR-313,PROD-101,Wireless Noise-Canceling Headphones,Electronics > Audio > Headphones,view,1,2026-02-09 18:07:00
SES-14277,USR-313,PROD-101,Wireless Noise-Canceling Headphones,Electronics > Audio > Headphones,purchase,5,2026-02-24 21:25:00
SES-14277,USR-313,PROD-108,USB-C Multi-Port Hub,Computers > Accessories > Hubs,add_to_cart,3,2026-02-27 00:54:00
SES-14270,USR-313,PROD-103,Studio Wired Headphones,Electronics > Audio > Headphones,view,1,2026-03-08 13:24:00
SES-14260,USR-313,PROD-102,Bluetooth Sports Earbuds,Electronics > Audio > Headphones,view,1,2026-03-13 11:14:00
SES-14277,USR-313,PROD-101,Wireless Noise-Canceling Headphones,Electronics > Audio > Headphones,view,1,2026-03-31 07:39:00
SES-14268,USR-313,PROD-108,USB-C Multi-Port Hub,Computers > Accessories > Hubs,view,1,2026-04-05 07:24:00
SES-14268,USR-313,PROD-102,Bluetooth Sports Earbuds,Electronics > Audio > Headphones,view,1,2026-04-13 04:12:00
SES-14268,USR-313,PROD-108,USB-C Multi-Port Hub,Computers > Accessories > Hubs,purchase,5,2026-04-23 02:05:00
SES-14277,USR-313,PROD-101,Wireless Noise-Canceling Headphones,Electronics > Audio > Headphones,purchase,5,2026-05-03 04:21:00
SES-14270,USR-313,PROD-103,Studio Wired Headphones,Electronics > Audio > Headphones,purchase,5,2026-05-03 16:11:00
SES-14261,USR-313,PROD-103,Studio Wired Headphones,Electronics > Audio > Headphones,view,1,2026-05-05 06:32:00
SES-14267,USR-313,PROD-108,USB-C Multi-Port Hub,Computers > Accessories > Hubs,view,1,2026-06-20 17:32:00
SES-14277,USR-313,PROD-103,Studio Wired Headphones,Electronics > Audio > Headphones,purchase,5,2026-06-24 07:38:00
SES-14280,USR-314,PROD-113,Running Shoes Ultra Light,Apparel > Footwear > Shoes,add_to_cart,3,2026-01-11 18:25:00
SES-14296,USR-314,PROD-107,Wireless Vertical Mouse,Computers > Accessories > Mice,view,1,2026-01-26 18:19:00
SES-14293,USR-314,PROD-114,Moisture-Wicking Sports Tee,Apparel > Clothing > Activewear,add_to_cart,3,2026-01-28 00:14:00
SES-14293,USR-314,PROD-113,Running Shoes Ultra Light,Apparel > Footwear > Shoes,view,1,2026-02-10 07:21:00
SES-14299,USR-314,PROD-113,Running Shoes Ultra Light,Apparel > Footwear > Shoes,view,1,2026-02-14 05:18:00
SES-14289,USR-314,PROD-113,Running Shoes Ultra Light,Apparel > Footwear > Shoes,view,1,2026-02-18 21:49:00
SES-14280,USR-314,PROD-115,Water-Resistant Gym Duffel,Apparel > Accessories > Bags,purchase,5,2026-02-24 22:45:00
SES-14299,USR-314,PROD-115,Water-Resistant Gym Duffel,Apparel > Accessories > Bags,purchase,5,2026-03-02 23:31:00
SES-14292,USR-314,PROD-113,Running Shoes Ultra Light,Apparel > Footwear > Shoes,add_to_cart,3,2026-03-09 18:38:00
SES-14284,USR-314,PROD-114,Moisture-Wicking Sports Tee,Apparel > Clothing > Activewear,view,1,2026-03-15 16:07:00
SES-14285,USR-314,PROD-114,Moisture-Wicking Sports Tee,Apparel > Clothing > Activewear,purchase,5,2026-03-16 01:16:00
SES-14290,USR-314,PROD-114,Moisture-Wicking Sports Tee,Apparel > Clothing > Activewear,view,1,2026-04-03 19:07:00
SES-14294,USR-314,PROD-114,Moisture-Wicking Sports Tee,Apparel > Clothing > Activewear,purchase,5,2026-04-07 20:39:00
SES-14282,USR-314,PROD-112,Organic Green Tea Bags,Grocery > Beverages > Tea,view,1,2026-04-09 01:41:00
SES-14289,USR-314,PROD-113,Running Shoes Ultra Light,Apparel > Footwear > Shoes,add_to_cart,3,2026-04-21 13:47:00
SES-14294,USR-314,PROD-113,Running Shoes Ultra Light,Apparel > Footwear > Shoes,purchase,5,2026-04-24 12:47:00
SES-14282,USR-314,PROD-115,Water-Resistant Gym Duffel,Apparel > Accessories > Bags,purchase,5,2026-04-25 21:54:00
SES-14282,USR-314,PROD-114,Moisture-Wicking Sports Tee,Apparel > Clothing > Activewear,purchase,5,2026-05-19 12:46:00
SES-14299,USR-314,PROD-115,Water-Resistant Gym Duffel,Apparel > Accessories > Bags,view,1,2026-05-23 03:19:00
SES-14287,USR-314,PROD-113,Running Shoes Ultra Light,Apparel > Footwear > Shoes,view,1,2026-06-21 03:54:00
SES-14289,USR-314,PROD-114,Moisture-Wicking Sports Tee,Apparel > Clothing > Activewear,view,1,2026-06-22 05:14:00
SES-14296,USR-314,PROD-115,Water-Resistant Gym Duffel,Apparel > Accessories > Bags,purchase,5,2026-06-28 17:33:00
SES-14300,USR-315,PROD-109,Premium Arabica Coffee Beans,Grocery > Beverages > Coffee,view,1,2026-01-03 04:44:00
SES-14314,USR-315,PROD-107,Wireless Vertical Mouse,Computers > Accessories > Mice,purchase,5,2026-01-11 13:04:00
SES-14302,USR-315,PROD-110,Electric Pour-Over Kettle,Grocery > Appliances > Coffee,purchase,5,2026-01-15 23:24:00
SES-14311,USR-315,PROD-109,Premium Arabica Coffee Beans,Grocery > Beverages > Coffee,view,1,2026-01-23 10:03:00
SES-14309,USR-315,PROD-109,Premium Arabica Coffee Beans,Grocery > Beverages > Coffee,add_to_cart,3,2026-01-24 22:07:00
SES-14312,USR-315,PROD-111,Stainless Steel Travel Mug,Grocery > Drinkware > Mugs,view,1,2026-03-03 20:03:00
SES-14319,USR-315,PROD-111,Stainless Steel Travel Mug,Grocery > Drinkware > Mugs,purchase,5,2026-03-05 22:12:00
SES-14317,USR-315,PROD-112,Organic Green Tea Bags,Grocery > Beverages > Tea,add_to_cart,3,2026-03-13 23:29:00
SES-14318,USR-315,PROD-111,Stainless Steel Travel Mug,Grocery > Drinkware > Mugs,purchase,5,2026-03-15 21:58:00
SES-14305,USR-315,PROD-109,Premium Arabica Coffee Beans,Grocery > Beverages > Coffee,view,1,2026-03-22 05:16:00
SES-14308,USR-315,PROD-111,Stainless Steel Travel Mug,Grocery > Drinkware > Mugs,add_to_cart,3,2026-03-26 14:19:00
SES-14302,USR-315,PROD-109,Premium Arabica Coffee Beans,Grocery > Beverages > Coffee,purchase,5,2026-03-30 12:23:00
SES-14311,USR-315,PROD-104,4K Ultra HD Smart TV,Electronics > Video > Televisions,purchase,5,2026-03-31 12:59:00
SES-14307,USR-315,PROD-109,Premium Arabica Coffee Beans,Grocery > Beverages > Coffee,view,1,2026-04-09 10:33:00
SES-14302,USR-315,PROD-109,Premium Arabica Coffee Beans,Grocery > Beverages > Coffee,add_to_cart,3,2026-04-09 13:34:00
SES-14303,USR-315,PROD-109,Premium Arabica Coffee Beans,Grocery > Beverages > Coffee,view,1,2026-05-02 06:07:00
SES-14312,USR-315,PROD-110,Electric Pour-Over Kettle,Grocery > Appliances > Coffee,purchase,5,2026-05-12 05:56:00
SES-14300,USR-315,PROD-109,Premium Arabica Coffee Beans,Grocery > Beverages > Coffee,view,1,2026-05-13 17:19:00
SES-14319,USR-315,PROD-109,Premium Arabica Coffee Beans,Grocery > Beverages > Coffee,purchase,5,2026-05-21 06:27:00
SES-14313,USR-315,PROD-109,Premium Arabica Coffee Beans,Grocery > Beverages > Coffee,view,1,2026-06-16 12:19:00
SES-14314,USR-315,PROD-111,Stainless Steel Travel Mug,Grocery > Drinkware > Mugs,view,1,2026-06-16 20:17:00
SES-14319,USR-315,PROD-105,OLED Gaming Monitor,Electronics > Video > Monitors,add_to_cart,3,2026-06-18 21:03:00
SES-14319,USR-315,PROD-111,Stainless Steel Travel Mug,Grocery > Drinkware > Mugs,add_to_cart,3,2026-06-27 01:54:00
SES-14315,USR-315,PROD-111,Stainless Steel Travel Mug,Grocery > Drinkware > Mugs,view,1,2026-06-27 09:22:00
SES-14320,USR-316,PROD-108,USB-C Multi-Port Hub,Computers > Accessories > Hubs,add_to_cart,3,2026-01-05 01:41:00
SES-14334,USR-316,PROD-113,Running Shoes Ultra Light,Apparel > Footwear > Shoes,view,1,2026-01-13 12:38:00
SES-14334,USR-316,PROD-115,Water-Resistant Gym Duffel,Apparel > Accessories > Bags,purchase,5,2026-01-30 03:27:00
SES-14324,USR-316,PROD-102,Bluetooth Sports Earbuds,Electronics > Audio > Headphones,purchase,5,2026-02-09 15:16:00
SES-14327,USR-316,PROD-114,Moisture-Wicking Sports Tee,Apparel > Clothing > Activewear,purchase,5,2026-02-09 16:21:00
SES-14322,USR-316,PROD-115,Water-Resistant Gym Duffel,Apparel > Accessories > Bags,view,1,2026-03-04 00:12:00
SES-14331,USR-316,PROD-115,Water-Resistant Gym Duffel,Apparel > Accessories > Bags,add_to_cart,3,2026-03-13 15:47:00
SES-14336,USR-316,PROD-113,Running Shoes Ultra Light,Apparel > Footwear > Shoes,purchase,5,2026-03-18 01:28:00
SES-14333,USR-316,PROD-115,Water-Resistant Gym Duffel,Apparel > Accessories > Bags,purchase,5,2026-03-24 20:46:00
SES-14329,USR-316,PROD-115,Water-Resistant Gym Duffel,Apparel > Accessories > Bags,purchase,5,2026-03-27 19:29:00
SES-14329,USR-316,PROD-114,Moisture-Wicking Sports Tee,Apparel > Clothing > Activewear,purchase,5,2026-04-01 05:05:00
SES-14337,USR-316,PROD-115,Water-Resistant Gym Duffel,Apparel > Accessories > Bags,view,1,2026-04-01 20:08:00
SES-14331,USR-316,PROD-114,Moisture-Wicking Sports Tee,Apparel > Clothing > Activewear,purchase,5,2026-04-13 05:12:00
SES-14322,USR-316,PROD-114,Moisture-Wicking Sports Tee,Apparel > Clothing > Activewear,add_to_cart,3,2026-04-16 09:06:00
SES-14323,USR-316,PROD-115,Water-Resistant Gym Duffel,Apparel > Accessories > Bags,view,1,2026-04-16 23:58:00
SES-14323,USR-316,PROD-114,Moisture-Wicking Sports Tee,Apparel > Clothing > Activewear,add_to_cart,3,2026-04-19 18:08:00
SES-14321,USR-316,PROD-115,Water-Resistant Gym Duffel,Apparel > Accessories > Bags,view,1,2026-04-29 23:39:00
SES-14323,USR-316,PROD-105,OLED Gaming Monitor,Electronics > Video > Monitors,add_to_cart,3,2026-04-30 16:54:00
SES-14324,USR-316,PROD-113,Running Shoes Ultra Light,Apparel > Footwear > Shoes,view,1,2026-05-04 01:50:00
SES-14334,USR-316,PROD-115,Water-Resistant Gym Duffel,Apparel > Accessories > Bags,purchase,5,2026-05-08 13:02:00
SES-14332,USR-316,PROD-105,OLED Gaming Monitor,Electronics > Video > Monitors,view,1,2026-05-31 10:38:00
SES-14336,USR-316,PROD-114,Moisture-Wicking Sports Tee,Apparel > Clothing > Activewear,purchase,5,2026-06-04 08:47:00
SES-14333,USR-316,PROD-115,Water-Resistant Gym Duffel,Apparel > Accessories > Bags,add_to_cart,3,2026-06-29 21:10:00
SES-14346,USR-317,PROD-115,Water-Resistant Gym Duffel,Apparel > Accessories > Bags,add_to_cart,3,2026-01-01 23:37:00
SES-14358,USR-317,PROD-110,Electric Pour-Over Kettle,Grocery > Appliances > Coffee,view,1,2026-01-02 18:20:00
SES-14343,USR-317,PROD-110,Electric Pour-Over Kettle,Grocery > Appliances > Coffee,add_to_cart,3,2026-01-05 13:07:00
SES-14347,USR-317,PROD-112,Organic Green Tea Bags,Grocery > Beverages > Tea,view,1,2026-01-18 12:33:00
SES-14357,USR-317,PROD-112,Organic Green Tea Bags,Grocery > Beverages > Tea,purchase,5,2026-01-30 11:04:00
SES-14345,USR-317,PROD-112,Organic Green Tea Bags,Grocery > Beverages > Tea,purchase,5,2026-02-02 21:33:00
SES-14358,USR-317,PROD-109,Premium Arabica Coffee Beans,Grocery > Beverages > Coffee,purchase,5,2026-02-16 00:25:00
SES-14353,USR-317,PROD-111,Stainless Steel Travel Mug,Grocery > Drinkware > Mugs,purchase,5,2026-02-16 15:21:00
SES-14359,USR-317,PROD-109,Premium Arabica Coffee Beans,Grocery > Beverages > Coffee,view,1,2026-02-26 19:43:00
SES-14343,USR-317,PROD-111,Stainless Steel Travel Mug,Grocery > Drinkware > Mugs,view,1,2026-03-02 14:19:00
SES-14351,USR-317,PROD-106,Ergonomic Mechanical Keyboard,Computers > Accessories > Keyboards,view,1,2026-03-05 09:26:00
SES-14358,USR-317,PROD-111,Stainless Steel Travel Mug,Grocery > Drinkware > Mugs,purchase,5,2026-03-08 13:22:00
SES-14343,USR-317,PROD-111,Stainless Steel Travel Mug,Grocery > Drinkware > Mugs,add_to_cart,3,2026-03-26 08:16:00
SES-14343,USR-317,PROD-112,Organic Green Tea Bags,Grocery > Beverages > Tea,view,1,2026-04-03 21:41:00
SES-14353,USR-317,PROD-109,Premium Arabica Coffee Beans,Grocery > Beverages > Coffee,view,1,2026-05-10 20:39:00
SES-14340,USR-317,PROD-112,Organic Green Tea Bags,Grocery > Beverages > Tea,purchase,5,2026-05-11 05:40:00
SES-14348,USR-317,PROD-112,Organic Green Tea Bags,Grocery > Beverages > Tea,view,1,2026-05-11 06:36:00
SES-14355,USR-317,PROD-111,Stainless Steel Travel Mug,Grocery > Drinkware > Mugs,purchase,5,2026-05-28 09:22:00
SES-14357,USR-317,PROD-112,Organic Green Tea Bags,Grocery > Beverages > Tea,view,1,2026-06-21 02:17:00
SES-14340,USR-317,PROD-111,Stainless Steel Travel Mug,Grocery > Drinkware > Mugs,view,1,2026-06-29 21:39:00
SES-14378,USR-318,PROD-113,Running Shoes Ultra Light,Apparel > Footwear > Shoes,purchase,5,2026-01-01 18:58:00
SES-14377,USR-318,PROD-115,Water-Resistant Gym Duffel,Apparel > Accessories > Bags,purchase,5,2026-01-03 10:13:00
SES-14378,USR-318,PROD-115,Water-Resistant Gym Duffel,Apparel > Accessories > Bags,purchase,5,2026-01-14 13:22:00
SES-14378,USR-318,PROD-114,Moisture-Wicking Sports Tee,Apparel > Clothing > Activewear,add_to_cart,3,2026-01-16 17:49:00
SES-14371,USR-318,PROD-115,Water-Resistant Gym Duffel,Apparel > Accessories > Bags,purchase,5,2026-01-19 15:44:00
SES-14362,USR-318,PROD-115,Water-Resistant Gym Duffel,Apparel > Accessories > Bags,purchase,5,2026-02-01 19:09:00
SES-14375,USR-318,PROD-113,Running Shoes Ultra Light,Apparel > Footwear > Shoes,view,1,2026-02-04 03:20:00
SES-14364,USR-318,PROD-113,Running Shoes Ultra Light,Apparel > Footwear > Shoes,view,1,2026-02-23 03:07:00
SES-14378,USR-318,PROD-115,Water-Resistant Gym Duffel,Apparel > Accessories > Bags,purchase,5,2026-03-13 19:30:00
SES-14375,USR-318,PROD-113,Running Shoes Ultra Light,Apparel > Footwear > Shoes,purchase,5,2026-04-05 06:07:00
SES-14370,USR-318,PROD-115,Water-Resistant Gym Duffel,Apparel > Accessories > Bags,view,1,2026-04-12 04:32:00
SES-14362,USR-318,PROD-114,Moisture-Wicking Sports Tee,Apparel > Clothing > Activewear,purchase,5,2026-04-22 17:29:00
SES-14373,USR-318,PROD-113,Running Shoes Ultra Light,Apparel > Footwear > Shoes,purchase,5,2026-05-16 04:54:00
SES-14372,USR-318,PROD-113,Running Shoes Ultra Light,Apparel > Footwear > Shoes,view,1,2026-06-01 12:53:00
SES-14376,USR-318,PROD-115,Water-Resistant Gym Duffel,Apparel > Accessories > Bags,view,1,2026-06-05 07:38:00
SES-14369,USR-318,PROD-114,Moisture-Wicking Sports Tee,Apparel > Clothing > Activewear,add_to_cart,3,2026-06-11 07:41:00
SES-14362,USR-318,PROD-114,Moisture-Wicking Sports Tee,Apparel > Clothing > Activewear,add_to_cart,3,2026-06-14 04:59:00
SES-14363,USR-318,PROD-106,Ergonomic Mechanical Keyboard,Computers > Accessories > Keyboards,view,1,2026-06-16 13:11:00
SES-14360,USR-318,PROD-115,Water-Resistant Gym Duffel,Apparel > Accessories > Bags,view,1,2026-06-22 10:48:00
SES-14360,USR-318,PROD-114,Moisture-Wicking Sports Tee,Apparel > Clothing > Activewear,view,1,2026-06-24 22:23:00
SES-14361,USR-318,PROD-115,Water-Resistant Gym Duffel,Apparel > Accessories > Bags,view,1,2026-06-25 16:47:00
SES-14394,USR-319,PROD-114,Moisture-Wicking Sports Tee,Apparel > Clothing > Activewear,purchase,5,2026-01-13 02:53:00
SES-14381,USR-319,PROD-113,Running Shoes Ultra Light,Apparel > Footwear > Shoes,purchase,5,2026-01-13 06:42:00
SES-14385,USR-319,PROD-113,Running Shoes Ultra Light,Apparel > Footwear > Shoes,view,1,2026-01-24 22:06:00
SES-14392,USR-319,PROD-113,Running Shoes Ultra Light,Apparel > Footwear > Shoes,view,1,2026-01-25 11:26:00
SES-14392,USR-319,PROD-115,Water-Resistant Gym Duffel,Apparel > Accessories > Bags,add_to_cart,3,2026-02-05 16:55:00
SES-14388,USR-319,PROD-115,Water-Resistant Gym Duffel,Apparel > Accessories > Bags,view,1,2026-02-26 00:10:00
SES-14394,USR-319,PROD-114,Moisture-Wicking Sports Tee,Apparel > Clothing > Activewear,view,1,2026-03-09 13:52:00
SES-14395,USR-319,PROD-104,4K Ultra HD Smart TV,Electronics > Video > Televisions,view,1,2026-03-12 14:55:00
SES-14387,USR-319,PROD-113,Running Shoes Ultra Light,Apparel > Footwear > Shoes,view,1,2026-03-19 09:29:00
SES-14395,USR-319,PROD-106,Ergonomic Mechanical Keyboard,Computers > Accessories > Keyboards,view,1,2026-03-28 10:57:00
SES-14385,USR-319,PROD-114,Moisture-Wicking Sports Tee,Apparel > Clothing > Activewear,purchase,5,2026-03-30 22:48:00
SES-14388,USR-319,PROD-115,Water-Resistant Gym Duffel,Apparel > Accessories > Bags,view,1,2026-04-04 14:33:00
SES-14399,USR-319,PROD-113,Running Shoes Ultra Light,Apparel > Footwear > Shoes,purchase,5,2026-04-15 18:37:00
SES-14386,USR-319,PROD-113,Running Shoes Ultra Light,Apparel > Footwear > Shoes,view,1,2026-04-16 17:04:00
SES-14381,USR-319,PROD-115,Water-Resistant Gym Duffel,Apparel > Accessories > Bags,view,1,2026-04-17 13:03:00
SES-14391,USR-319,PROD-113,Running Shoes Ultra Light,Apparel > Footwear > Shoes,purchase,5,2026-04-29 14:05:00
SES-14394,USR-319,PROD-115,Water-Resistant Gym Duffel,Apparel > Accessories > Bags,purchase,5,2026-05-06 16:55:00
SES-14392,USR-319,PROD-113,Running Shoes Ultra Light,Apparel > Footwear > Shoes,view,1,2026-05-14 14:22:00
SES-14394,USR-319,PROD-109,Premium Arabica Coffee Beans,Grocery > Beverages > Coffee,view,1,2026-05-26 17:42:00
SES-14383,USR-319,PROD-115,Water-Resistant Gym Duffel,Apparel > Accessories > Bags,add_to_cart,3,2026-06-01 05:09:00
SES-14399,USR-319,PROD-103,Studio Wired Headphones,Electronics > Audio > Headphones,add_to_cart,3,2026-06-01 12:15:00
SES-14399,USR-319,PROD-114,Moisture-Wicking Sports Tee,Apparel > Clothing > Activewear,view,1,2026-06-09 01:32:00
SES-14408,USR-320,PROD-107,Wireless Vertical Mouse,Computers > Accessories > Mice,add_to_cart,3,2026-02-06 21:04:00
SES-14404,USR-320,PROD-108,USB-C Multi-Port Hub,Computers > Accessories > Hubs,view,1,2026-02-07 22:23:00
SES-14414,USR-320,PROD-105,OLED Gaming Monitor,Electronics > Video > Monitors,view,1,2026-02-10 19:04:00
SES-14411,USR-320,PROD-104,4K Ultra HD Smart TV,Electronics > Video > Televisions,view,1,2026-02-12 16:04:00
SES-14411,USR-320,PROD-107,Wireless Vertical Mouse,Computers > Accessories > Mice,view,1,2026-02-14 16:04:00
SES-14410,USR-320,PROD-104,4K Ultra HD Smart TV,Electronics > Video > Televisions,view,1,2026-02-23 04:45:00
SES-14411,USR-320,PROD-107,Wireless Vertical Mouse,Computers > Accessories > Mice,add_to_cart,3,2026-02-24 13:24:00
SES-14412,USR-320,PROD-107,Wireless Vertical Mouse,Computers > Accessories > Mice,purchase,5,2026-03-11 22:38:00
SES-14400,USR-320,PROD-105,OLED Gaming Monitor,Electronics > Video > Monitors,add_to_cart,3,2026-03-22 04:11:00
SES-14416,USR-320,PROD-108,USB-C Multi-Port Hub,Computers > Accessories > Hubs,purchase,5,2026-04-06 20:46:00
SES-14409,USR-320,PROD-105,OLED Gaming Monitor,Electronics > Video > Monitors,view,1,2026-04-07 19:30:00
SES-14404,USR-320,PROD-103,Studio Wired Headphones,Electronics > Audio > Headphones,view,1,2026-04-10 15:14:00
SES-14406,USR-320,PROD-105,OLED Gaming Monitor,Electronics > Video > Monitors,view,1,2026-04-11 01:44:00
SES-14416,USR-320,PROD-104,4K Ultra HD Smart TV,Electronics > Video > Televisions,add_to_cart,3,2026-04-17 00:41:00
SES-14409,USR-320,PROD-108,USB-C Multi-Port Hub,Computers > Accessories > Hubs,purchase,5,2026-04-22 00:57:00
SES-14409,USR-320,PROD-107,Wireless Vertical Mouse,Computers > Accessories > Mice,purchase,5,2026-05-06 15:20:00
SES-14404,USR-320,PROD-108,USB-C Multi-Port Hub,Computers > Accessories > Hubs,purchase,5,2026-05-10 04:25:00
SES-14401,USR-320,PROD-107,Wireless Vertical Mouse,Computers > Accessories > Mice,view,1,2026-05-16 14:28:00
SES-14403,USR-320,PROD-105,OLED Gaming Monitor,Electronics > Video > Monitors,add_to_cart,3,2026-05-24 03:58:00
SES-14407,USR-320,PROD-104,4K Ultra HD Smart TV,Electronics > Video > Televisions,view,1,2026-06-01 13:27:00
SES-14413,USR-320,PROD-111,Stainless Steel Travel Mug,Grocery > Drinkware > Mugs,purchase,5,2026-06-05 03:17:00
SES-14418,USR-320,PROD-107,Wireless Vertical Mouse,Computers > Accessories > Mice,view,1,2026-06-13 14:15:00
SES-14418,USR-320,PROD-105,OLED Gaming Monitor,Electronics > Video > Monitors,purchase,5,2026-06-14 14:02:00
SES-14418,USR-320,PROD-105,OLED Gaming Monitor,Electronics > Video > Monitors,purchase,5,2026-06-15 22:23:00
SES-14401,USR-320,PROD-108,USB-C Multi-Port Hub,Computers > Accessories > Hubs,view,1,2026-06-17 03:03:00
SES-14404,USR-320,PROD-106,Ergonomic Mechanical Keyboard,Computers > Accessories > Keyboards,purchase,5,2026-06-28 13:09:00
SES-14438,USR-321,PROD-106,Ergonomic Mechanical Keyboard,Computers > Accessories > Keyboards,purchase,5,2026-01-10 12:05:00
SES-14427,USR-321,PROD-110,Electric Pour-Over Kettle,Grocery > Appliances > Coffee,view,1,2026-01-21 13:28:00
SES-14427,USR-321,PROD-106,Ergonomic Mechanical Keyboard,Computers > Accessories > Keyboards,view,1,2026-01-23 20:35:00
SES-14428,USR-321,PROD-108,USB-C Multi-Port Hub,Computers > Accessories > Hubs,view,1,2026-02-04 23:48:00
SES-14438,USR-321,PROD-108,USB-C Multi-Port Hub,Computers > Accessories > Hubs,purchase,5,2026-02-12 05:05:00
SES-14434,USR-321,PROD-104,4K Ultra HD Smart TV,Electronics > Video > Televisions,view,1,2026-02-18 11:13:00
SES-14426,USR-321,PROD-108,USB-C Multi-Port Hub,Computers > Accessories > Hubs,view,1,2026-03-06 18:34:00
SES-14426,USR-321,PROD-108,USB-C Multi-Port Hub,Computers > Accessories > Hubs,view,1,2026-03-07 12:10:00
SES-14420,USR-321,PROD-101,Wireless Noise-Canceling Headphones,Electronics > Audio > Headphones,view,1,2026-03-07 22:50:00
SES-14430,USR-321,PROD-106,Ergonomic Mechanical Keyboard,Computers > Accessories > Keyboards,add_to_cart,3,2026-03-11 14:07:00
SES-14430,USR-321,PROD-104,4K Ultra HD Smart TV,Electronics > Video > Televisions,view,1,2026-03-19 09:25:00
SES-14420,USR-321,PROD-106,Ergonomic Mechanical Keyboard,Computers > Accessories > Keyboards,add_to_cart,3,2026-03-20 10:53:00
SES-14430,USR-321,PROD-107,Wireless Vertical Mouse,Computers > Accessories > Mice,purchase,5,2026-04-10 23:44:00
SES-14431,USR-321,PROD-104,4K Ultra HD Smart TV,Electronics > Video > Televisions,purchase,5,2026-04-13 08:11:00
SES-14435,USR-321,PROD-105,OLED Gaming Monitor,Electronics > Video > Monitors,add_to_cart,3,2026-05-01 15:33:00
SES-14438,USR-321,PROD-107,Wireless Vertical Mouse,Computers > Accessories > Mice,add_to_cart,3,2026-05-08 11:17:00
SES-14420,USR-321,PROD-104,4K Ultra HD Smart TV,Electronics > Video > Televisions,add_to_cart,3,2026-05-26 09:47:00
SES-14427,USR-321,PROD-113,Running Shoes Ultra Light,Apparel > Footwear > Shoes,view,1,2026-05-31 23:31:00
SES-14430,USR-321,PROD-105,OLED Gaming Monitor,Electronics > Video > Monitors,purchase,5,2026-06-02 12:21:00
SES-14433,USR-321,PROD-107,Wireless Vertical Mouse,Computers > Accessories > Mice,view,1,2026-06-19 04:45:00
SES-14423,USR-321,PROD-104,4K Ultra HD Smart TV,Electronics > Video > Televisions,add_to_cart,3,2026-06-23 09:48:00
SES-14449,USR-322,PROD-109,Premium Arabica Coffee Beans,Grocery > Beverages > Coffee,view,1,2026-02-01 09:26:00
SES-14449,USR-322,PROD-109,Premium Arabica Coffee Beans,Grocery > Beverages > Coffee,view,1,2026-02-03 18:12:00
SES-14455,USR-322,PROD-110,Electric Pour-Over Kettle,Grocery > Appliances > Coffee,purchase,5,2026-02-06 07:55:00
SES-14453,USR-322,PROD-111,Stainless Steel Travel Mug,Grocery > Drinkware > Mugs,view,1,2026-02-08 04:41:00
SES-14456,USR-322,PROD-111,Stainless Steel Travel Mug,Grocery > Drinkware > Mugs,purchase,5,2026-02-14 12:00:00
SES-14446,USR-322,PROD-110,Electric Pour-Over Kettle,Grocery > Appliances > Coffee,purchase,5,2026-02-17 05:32:00
SES-14455,USR-322,PROD-111,Stainless Steel Travel Mug,Grocery > Drinkware > Mugs,purchase,5,2026-02-18 12:23:00
SES-14456,USR-322,PROD-111,Stainless Steel Travel Mug,Grocery > Drinkware > Mugs,view,1,2026-02-25 13:57:00
SES-14445,USR-322,PROD-111,Stainless Steel Travel Mug,Grocery > Drinkware > Mugs,view,1,2026-03-25 01:16:00
SES-14456,USR-322,PROD-109,Premium Arabica Coffee Beans,Grocery > Beverages > Coffee,view,1,2026-03-29 05:02:00
SES-14455,USR-322,PROD-109,Premium Arabica Coffee Beans,Grocery > Beverages > Coffee,purchase,5,2026-04-02 03:36:00
SES-14441,USR-322,PROD-112,Organic Green Tea Bags,Grocery > Beverages > Tea,view,1,2026-04-03 21:15:00
SES-14444,USR-322,PROD-102,Bluetooth Sports Earbuds,Electronics > Audio > Headphones,add_to_cart,3,2026-04-28 21:32:00
SES-14440,USR-322,PROD-110,Electric Pour-Over Kettle,Grocery > Appliances > Coffee,view,1,2026-05-04 01:09:00
SES-14440,USR-322,PROD-110,Electric Pour-Over Kettle,Grocery > Appliances > Coffee,view,1,2026-05-12 11:38:00
SES-14455,USR-322,PROD-110,Electric Pour-Over Kettle,Grocery > Appliances > Coffee,purchase,5,2026-05-19 04:07:00
SES-14455,USR-322,PROD-112,Organic Green Tea Bags,Grocery > Beverages > Tea,view,1,2026-05-28 10:35:00
SES-14450,USR-322,PROD-112,Organic Green Tea Bags,Grocery > Beverages > Tea,add_to_cart,3,2026-06-06 18:06:00
SES-14445,USR-322,PROD-110,Electric Pour-Over Kettle,Grocery > Appliances > Coffee,view,1,2026-06-08 22:23:00
SES-14458,USR-322,PROD-110,Electric Pour-Over Kettle,Grocery > Appliances > Coffee,add_to_cart,3,2026-06-16 18:22:00
SES-14453,USR-322,PROD-111,Stainless Steel Travel Mug,Grocery > Drinkware > Mugs,view,1,2026-06-17 16:34:00
SES-14452,USR-322,PROD-112,Organic Green Tea Bags,Grocery > Beverages > Tea,add_to_cart,3,2026-06-24 09:23:00
SES-14466,USR-323,PROD-111,Stainless Steel Travel Mug,Grocery > Drinkware > Mugs,view,1,2026-02-08 16:32:00
SES-14475,USR-323,PROD-108,USB-C Multi-Port Hub,Computers > Accessories > Hubs,purchase,5,2026-03-03 12:45:00
SES-14462,USR-323,PROD-105,OLED Gaming Monitor,Electronics > Video > Monitors,view,1,2026-03-03 17:40:00
SES-14474,USR-323,PROD-104,4K Ultra HD Smart TV,Electronics > Video > Televisions,add_to_cart,3,2026-03-05 08:21:00
SES-14463,USR-323,PROD-106,Ergonomic Mechanical Keyboard,Computers > Accessories > Keyboards,purchase,5,2026-03-09 17:23:00
SES-14476,USR-323,PROD-107,Wireless Vertical Mouse,Computers > Accessories > Mice,view,1,2026-03-11 18:37:00
SES-14477,USR-323,PROD-108,USB-C Multi-Port Hub,Computers > Accessories > Hubs,purchase,5,2026-03-20 07:22:00
SES-14471,USR-323,PROD-106,Ergonomic Mechanical Keyboard,Computers > Accessories > Keyboards,purchase,5,2026-03-22 14:32:00
SES-14479,USR-323,PROD-108,USB-C Multi-Port Hub,Computers > Accessories > Hubs,view,1,2026-03-29 12:52:00
SES-14462,USR-323,PROD-106,Ergonomic Mechanical Keyboard,Computers > Accessories > Keyboards,add_to_cart,3,2026-04-11 05:45:00
SES-14479,USR-323,PROD-104,4K Ultra HD Smart TV,Electronics > Video > Televisions,purchase,5,2026-04-17 10:14:00
SES-14461,USR-323,PROD-104,4K Ultra HD Smart TV,Electronics > Video > Televisions,purchase,5,2026-04-23 15:36:00
SES-14463,USR-323,PROD-108,USB-C Multi-Port Hub,Computers > Accessories > Hubs,purchase,5,2026-05-06 16:57:00
SES-14461,USR-323,PROD-112,Organic Green Tea Bags,Grocery > Beverages > Tea,add_to_cart,3,2026-05-13 07:04:00
SES-14477,USR-323,PROD-107,Wireless Vertical Mouse,Computers > Accessories > Mice,purchase,5,2026-05-18 08:01:00
SES-14465,USR-323,PROD-104,4K Ultra HD Smart TV,Electronics > Video > Televisions,view,1,2026-05-19 22:42:00
SES-14479,USR-323,PROD-105,OLED Gaming Monitor,Electronics > Video > Monitors,view,1,2026-05-23 05:29:00
SES-14461,USR-323,PROD-104,4K Ultra HD Smart TV,Electronics > Video > Televisions,view,1,2026-06-02 13:27:00
SES-14479,USR-323,PROD-108,USB-C Multi-Port Hub,Computers > Accessories > Hubs,view,1,2026-06-19 08:29:00
SES-14460,USR-323,PROD-104,4K Ultra HD Smart TV,Electronics > Video > Televisions,view,1,2026-06-28 13:42:00
SES-14479,USR-323,PROD-104,4K Ultra HD Smart TV,Electronics > Video > Televisions,view,1,2026-06-30 04:44:00
SES-14484,USR-324,PROD-102,Bluetooth Sports Earbuds,Electronics > Audio > Headphones,purchase,5,2026-01-10 02:44:00
SES-14484,USR-324,PROD-101,Wireless Noise-Canceling Headphones,Electronics > Audio > Headphones,purchase,5,2026-02-03 06:28:00
SES-14492,USR-324,PROD-101,Wireless Noise-Canceling Headphones,Electronics > Audio > Headphones,purchase,5,2026-03-07 14:32:00
SES-14483,USR-324,PROD-103,Studio Wired Headphones,Electronics > Audio > Headphones,view,1,2026-03-08 19:04:00
SES-14498,USR-324,PROD-103,Studio Wired Headphones,Electronics > Audio > Headphones,purchase,5,2026-03-09 01:18:00
SES-14497,USR-324,PROD-102,Bluetooth Sports Earbuds,Electronics > Audio > Headphones,add_to_cart,3,2026-03-23 13:56:00
SES-14499,USR-324,PROD-108,USB-C Multi-Port Hub,Computers > Accessories > Hubs,purchase,5,2026-05-01 04:14:00
SES-14499,USR-324,PROD-103,Studio Wired Headphones,Electronics > Audio > Headphones,purchase,5,2026-05-29 20:08:00
SES-14484,USR-324,PROD-108,USB-C Multi-Port Hub,Computers > Accessories > Hubs,purchase,5,2026-06-06 06:49:00
SES-14512,USR-325,PROD-101,Wireless Noise-Canceling Headphones,Electronics > Audio > Headphones,view,1,2026-01-02 03:22:00
SES-14515,USR-325,PROD-108,USB-C Multi-Port Hub,Computers > Accessories > Hubs,view,1,2026-01-06 20:00:00
SES-14516,USR-325,PROD-101,Wireless Noise-Canceling Headphones,Electronics > Audio > Headphones,purchase,5,2026-01-22 08:14:00
SES-14516,USR-325,PROD-108,USB-C Multi-Port Hub,Computers > Accessories > Hubs,purchase,5,2026-02-03 17:35:00
SES-14513,USR-325,PROD-101,Wireless Noise-Canceling Headphones,Electronics > Audio > Headphones,purchase,5,2026-02-06 01:27:00
SES-14509,USR-325,PROD-103,Studio Wired Headphones,Electronics > Audio > Headphones,view,1,2026-02-10 19:22:00
SES-14501,USR-325,PROD-108,USB-C Multi-Port Hub,Computers > Accessories > Hubs,purchase,5,2026-02-24 21:24:00
SES-14502,USR-325,PROD-103,Studio Wired Headphones,Electronics > Audio > Headphones,add_to_cart,3,2026-02-25 16:50:00
SES-14514,USR-325,PROD-107,Wireless Vertical Mouse,Computers > Accessories > Mice,view,1,2026-04-07 15:06:00
SES-14511,USR-325,PROD-103,Studio Wired Headphones,Electronics > Audio > Headphones,view,1,2026-04-22 02:37:00
SES-14516,USR-325,PROD-108,USB-C Multi-Port Hub,Computers > Accessories > Hubs,purchase,5,2026-05-03 12:45:00
SES-14512,USR-325,PROD-101,Wireless Noise-Canceling Headphones,Electronics > Audio > Headphones,purchase,5,2026-05-06 03:49:00
SES-14512,USR-325,PROD-102,Bluetooth Sports Earbuds,Electronics > Audio > Headphones,purchase,5,2026-05-28 03:02:00
SES-14502,USR-325,PROD-101,Wireless Noise-Canceling Headphones,Electronics > Audio > Headphones,purchase,5,2026-06-06 17:14:00
SES-14514,USR-325,PROD-103,Studio Wired Headphones,Electronics > Audio > Headphones,purchase,5,2026-06-11 17:49:00
SES-14516,USR-325,PROD-108,USB-C Multi-Port Hub,Computers > Accessories > Hubs,view,1,2026-06-13 14:01:00
SES-14513,USR-325,PROD-108,USB-C Multi-Port Hub,Computers > Accessories > Hubs,purchase,5,2026-06-27 08:28:00
SES-14532,USR-326,PROD-112,Organic Green Tea Bags,Grocery > Beverages > Tea,purchase,5,2026-01-23 00:55:00
SES-14533,USR-326,PROD-111,Stainless Steel Travel Mug,Grocery > Drinkware > Mugs,add_to_cart,3,2026-01-23 03:43:00
SES-14534,USR-326,PROD-110,Electric Pour-Over Kettle,Grocery > Appliances > Coffee,add_to_cart,3,2026-01-23 15:33:00
SES-14535,USR-326,PROD-111,Stainless Steel Travel Mug,Grocery > Drinkware > Mugs,purchase,5,2026-01-30 06:21:00
SES-14535,USR-326,PROD-112,Organic Green Tea Bags,Grocery > Beverages > Tea,view,1,2026-01-31 00:51:00
SES-14537,USR-326,PROD-112,Organic Green Tea Bags,Grocery > Beverages > Tea,view,1,2026-02-19 05:30:00
SES-14527,USR-326,PROD-114,Moisture-Wicking Sports Tee,Apparel > Clothing > Activewear,view,1,2026-02-21 23:14:00
SES-14534,USR-326,PROD-109,Premium Arabica Coffee Beans,Grocery > Beverages > Coffee,add_to_cart,3,2026-02-27 18:57:00
SES-14524,USR-326,PROD-109,Premium Arabica Coffee Beans,Grocery > Beverages > Coffee,purchase,5,2026-03-12 18:44:00
SES-14539,USR-326,PROD-110,Electric Pour-Over Kettle,Grocery > Appliances > Coffee,add_to_cart,3,2026-03-17 02:04:00
SES-14521,USR-326,PROD-112,Organic Green Tea Bags,Grocery > Beverages > Tea,purchase,5,2026-03-24 14:45:00
SES-14530,USR-326,PROD-110,Electric Pour-Over Kettle,Grocery > Appliances > Coffee,purchase,5,2026-03-26 06:04:00
SES-14529,USR-326,PROD-112,Organic Green Tea Bags,Grocery > Beverages > Tea,purchase,5,2026-04-07 13:05:00
SES-14530,USR-326,PROD-109,Premium Arabica Coffee Beans,Grocery > Beverages > Coffee,purchase,5,2026-04-19 23:32:00
SES-14531,USR-326,PROD-111,Stainless Steel Travel Mug,Grocery > Drinkware > Mugs,view,1,2026-04-20 05:54:00
SES-14526,USR-326,PROD-109,Premium Arabica Coffee Beans,Grocery > Beverages > Coffee,view,1,2026-04-20 19:56:00
SES-14520,USR-326,PROD-110,Electric Pour-Over Kettle,Grocery > Appliances > Coffee,purchase,5,2026-04-24 05:15:00
SES-14527,USR-326,PROD-110,Electric Pour-Over Kettle,Grocery > Appliances > Coffee,view,1,2026-05-09 04:07:00
SES-14533,USR-326,PROD-109,Premium Arabica Coffee Beans,Grocery > Beverages > Coffee,view,1,2026-05-09 12:45:00
SES-14525,USR-326,PROD-110,Electric Pour-Over Kettle,Grocery > Appliances > Coffee,purchase,5,2026-05-09 17:37:00
SES-14536,USR-326,PROD-110,Electric Pour-Over Kettle,Grocery > Appliances > Coffee,view,1,2026-05-21 14:16:00
SES-14524,USR-326,PROD-110,Electric Pour-Over Kettle,Grocery > Appliances > Coffee,purchase,5,2026-06-03 23:03:00
SES-14524,USR-326,PROD-110,Electric Pour-Over Kettle,Grocery > Appliances > Coffee,add_to_cart,3,2026-06-23 13:26:00
SES-14532,USR-326,PROD-111,Stainless Steel Travel Mug,Grocery > Drinkware > Mugs,view,1,2026-06-24 01:57:00
SES-14548,USR-327,PROD-108,USB-C Multi-Port Hub,Computers > Accessories > Hubs,view,1,2026-01-11 19:46:00
SES-14540,USR-327,PROD-102,Bluetooth Sports Earbuds,Electronics > Audio > Headphones,purchase,5,2026-01-30 03:06:00
SES-14545,USR-327,PROD-108,USB-C Multi-Port Hub,Computers > Accessories > Hubs,purchase,5,2026-02-04 01:08:00
SES-14551,USR-327,PROD-103,Studio Wired Headphones,Electronics > Audio > Headphones,purchase,5,2026-02-13 20:17:00
SES-14552,USR-327,PROD-101,Wireless Noise-Canceling Headphones,Electronics > Audio > Headphones,view,1,2026-02-18 00:14:00
SES-14558,USR-327,PROD-108,USB-C Multi-Port Hub,Computers > Accessories > Hubs,purchase,5,2026-02-20 09:54:00
SES-14554,USR-327,PROD-103,Studio Wired Headphones,Electronics > Audio > Headphones,purchase,5,2026-03-01 19:28:00
SES-14542,USR-327,PROD-102,Bluetooth Sports Earbuds,Electronics > Audio > Headphones,view,1,2026-03-02 20:52:00
SES-14550,USR-327,PROD-101,Wireless Noise-Canceling Headphones,Electronics > Audio > Headphones,view,1,2026-03-03 18:10:00
SES-14550,USR-327,PROD-109,Premium Arabica Coffee Beans,Grocery > Beverages > Coffee,view,1,2026-03-19 00:58:00
SES-14540,USR-327,PROD-103,Studio Wired Headphones,Electronics > Audio > Headphones,add_to_cart,3,2026-03-21 21:48:00
SES-14542,USR-327,PROD-101,Wireless Noise-Canceling Headphones,Electronics > Audio > Headphones,view,1,2026-03-22 00:25:00
SES-14541,USR-327,PROD-107,Wireless Vertical Mouse,Computers > Accessories > Mice,add_to_cart,3,2026-03-24 08:55:00
SES-14548,USR-327,PROD-108,USB-C Multi-Port Hub,Computers > Accessories > Hubs,purchase,5,2026-03-29 01:47:00
SES-14554,USR-327,PROD-102,Bluetooth Sports Earbuds,Electronics > Audio > Headphones,purchase,5,2026-04-04 01:51:00
SES-14542,USR-327,PROD-102,Bluetooth Sports Earbuds,Electronics > Audio > Headphones,purchase,5,2026-04-23 22:00:00
SES-14542,USR-327,PROD-101,Wireless Noise-Canceling Headphones,Electronics > Audio > Headphones,purchase,5,2026-04-28 17:25:00
SES-14544,USR-327,PROD-103,Studio Wired Headphones,Electronics > Audio > Headphones,add_to_cart,3,2026-05-03 22:26:00
SES-14551,USR-327,PROD-113,Running Shoes Ultra Light,Apparel > Footwear > Shoes,view,1,2026-05-31 05:59:00
SES-14554,USR-327,PROD-103,Studio Wired Headphones,Electronics > Audio > Headphones,view,1,2026-06-17 07:00:00
SES-14558,USR-327,PROD-102,Bluetooth Sports Earbuds,Electronics > Audio > Headphones,purchase,5,2026-06-20 20:06:00
SES-14554,USR-327,PROD-113,Running Shoes Ultra Light,Apparel > Footwear > Shoes,view,1,2026-06-24 22:12:00
SES-14549,USR-327,PROD-103,Studio Wired Headphones,Electronics > Audio > Headphones,view,1,2026-06-25 13:51:00
SES-14568,USR-328,PROD-108,USB-C Multi-Port Hub,Computers > Accessories > Hubs,add_to_cart,3,2026-01-09 11:32:00
SES-14564,USR-328,PROD-102,Bluetooth Sports Earbuds,Electronics > Audio > Headphones,view,1,2026-01-18 07:02:00
SES-14578,USR-328,PROD-108,USB-C Multi-Port Hub,Computers > Accessories > Hubs,purchase,5,2026-01-21 15:39:00
SES-14579,USR-328,PROD-103,Studio Wired Headphones,Electronics > Audio > Headphones,add_to_cart,3,2026-01-25 16:11:00
SES-14560,USR-328,PROD-108,USB-C Multi-Port Hub,Computers > Accessories > Hubs,view,1,2026-02-14 15:01:00
SES-14574,USR-328,PROD-103,Studio Wired Headphones,Electronics > Audio > Headphones,view,1,2026-03-03 11:30:00
SES-14560,USR-328,PROD-108,USB-C Multi-Port Hub,Computers > Accessories > Hubs,purchase,5,2026-03-04 19:22:00
SES-14570,USR-328,PROD-106,Ergonomic Mechanical Keyboard,Computers > Accessories > Keyboards,view,1,2026-03-11 22:54:00
SES-14564,USR-328,PROD-103,Studio Wired Headphones,Electronics > Audio > Headphones,add_to_cart,3,2026-03-18 00:00:00
SES-14578,USR-328,PROD-107,Wireless Vertical Mouse,Computers > Accessories > Mice,purchase,5,2026-03-18 06:57:00
SES-14579,USR-328,PROD-103,Studio Wired Headphones,Electronics > Audio > Headphones,purchase,5,2026-03-31 03:32:00
SES-14576,USR-328,PROD-103,Studio Wired Headphones,Electronics > Audio > Headphones,add_to_cart,3,2026-04-17 14:14:00
SES-14561,USR-328,PROD-107,Wireless Vertical Mouse,Computers > Accessories > Mice,purchase,5,2026-05-04 23:38:00
SES-14564,USR-328,PROD-112,Organic Green Tea Bags,Grocery > Beverages > Tea,view,1,2026-05-14 22:12:00
SES-14566,USR-328,PROD-102,Bluetooth Sports Earbuds,Electronics > Audio > Headphones,view,1,2026-05-17 10:53:00
SES-14574,USR-328,PROD-101,Wireless Noise-Canceling Headphones,Electronics > Audio > Headphones,view,1,2026-05-30 08:15:00
SES-14588,USR-329,PROD-113,Running Shoes Ultra Light,Apparel > Footwear > Shoes,view,1,2026-01-08 13:16:00
SES-14595,USR-329,PROD-114,Moisture-Wicking Sports Tee,Apparel > Clothing > Activewear,purchase,5,2026-01-09 14:24:00
SES-14587,USR-329,PROD-115,Water-Resistant Gym Duffel,Apparel > Accessories > Bags,purchase,5,2026-01-20 02:20:00
SES-14588,USR-329,PROD-115,Water-Resistant Gym Duffel,Apparel > Accessories > Bags,add_to_cart,3,2026-01-31 04:29:00
SES-14582,USR-329,PROD-112,Organic Green Tea Bags,Grocery > Beverages > Tea,add_to_cart,3,2026-02-02 23:53:00
SES-14599,USR-329,PROD-114,Moisture-Wicking Sports Tee,Apparel > Clothing > Activewear,view,1,2026-02-11 01:59:00
SES-14594,USR-329,PROD-114,Moisture-Wicking Sports Tee,Apparel > Clothing > Activewear,view,1,2026-03-05 21:45:00
SES-14583,USR-329,PROD-114,Moisture-Wicking Sports Tee,Apparel > Clothing > Activewear,view,1,2026-03-16 21:00:00
SES-14581,USR-329,PROD-114,Moisture-Wicking Sports Tee,Apparel > Clothing > Activewear,purchase,5,2026-03-18 19:17:00
SES-14593,USR-329,PROD-111,Stainless Steel Travel Mug,Grocery > Drinkware > Mugs,view,1,2026-04-05 01:28:00
SES-14591,USR-329,PROD-113,Running Shoes Ultra Light,Apparel > Footwear > Shoes,add_to_cart,3,2026-04-13 21:22:00
SES-14592,USR-329,PROD-113,Running Shoes Ultra Light,Apparel > Footwear > Shoes,view,1,2026-05-03 00:19:00
SES-14587,USR-329,PROD-113,Running Shoes Ultra Light,Apparel > Footwear > Shoes,purchase,5,2026-05-09 23:44:00
SES-14595,USR-329,PROD-114,Moisture-Wicking Sports Tee,Apparel > Clothing > Activewear,purchase,5,2026-05-31 04:48:00
SES-14589,USR-329,PROD-114,Moisture-Wicking Sports Tee,Apparel > Clothing > Activewear,purchase,5,2026-06-14 10:53:00
SES-14596,USR-329,PROD-114,Moisture-Wicking Sports Tee,Apparel > Clothing > Activewear,view,1,2026-06-24 04:16:00
SES-14584,USR-329,PROD-114,Moisture-Wicking Sports Tee,Apparel > Clothing > Activewear,add_to_cart,3,2026-06-26 02:40:00
SES-14606,USR-330,PROD-107,Wireless Vertical Mouse,Computers > Accessories > Mice,view,1,2026-01-02 21:25:00
SES-14611,USR-330,PROD-104,4K Ultra HD Smart TV,Electronics > Video > Televisions,purchase,5,2026-01-03 05:25:00
SES-14618,USR-330,PROD-115,Water-Resistant Gym Duffel,Apparel > Accessories > Bags,view,1,2026-01-12 02:32:00
SES-14610,USR-330,PROD-107,Wireless Vertical Mouse,Computers > Accessories > Mice,view,1,2026-01-21 11:55:00
SES-14611,USR-330,PROD-106,Ergonomic Mechanical Keyboard,Computers > Accessories > Keyboards,view,1,2026-02-16 17:52:00
SES-14605,USR-330,PROD-108,USB-C Multi-Port Hub,Computers > Accessories > Hubs,purchase,5,2026-02-20 06:48:00
SES-14612,USR-330,PROD-104,4K Ultra HD Smart TV,Electronics > Video > Televisions,view,1,2026-02-24 17:59:00
SES-14612,USR-330,PROD-105,OLED Gaming Monitor,Electronics > Video > Monitors,purchase,5,2026-03-09 17:15:00
SES-14600,USR-330,PROD-104,4K Ultra HD Smart TV,Electronics > Video > Televisions,add_to_cart,3,2026-04-02 03:44:00
SES-14608,USR-330,PROD-112,Organic Green Tea Bags,Grocery > Beverages > Tea,view,1,2026-04-10 06:35:00
SES-14604,USR-330,PROD-104,4K Ultra HD Smart TV,Electronics > Video > Televisions,purchase,5,2026-04-16 02:01:00
SES-14618,USR-330,PROD-106,Ergonomic Mechanical Keyboard,Computers > Accessories > Keyboards,purchase,5,2026-04-26 21:58:00
SES-14601,USR-330,PROD-106,Ergonomic Mechanical Keyboard,Computers > Accessories > Keyboards,purchase,5,2026-05-12 01:10:00
SES-14605,USR-330,PROD-106,Ergonomic Mechanical Keyboard,Computers > Accessories > Keyboards,purchase,5,2026-06-06 08:45:00
SES-14601,USR-330,PROD-107,Wireless Vertical Mouse,Computers > Accessories > Mice,purchase,5,2026-06-08 09:16:00
SES-14613,USR-330,PROD-103,Studio Wired Headphones,Electronics > Audio > Headphones,view,1,2026-06-08 13:59:00
SES-14610,USR-330,PROD-102,Bluetooth Sports Earbuds,Electronics > Audio > Headphones,view,1,2026-06-11 01:27:00
SES-14612,USR-330,PROD-108,USB-C Multi-Port Hub,Computers > Accessories > Hubs,add_to_cart,3,2026-06-24 04:46:00
SES-14601,USR-330,PROD-104,4K Ultra HD Smart TV,Electronics > Video > Televisions,view,1,2026-06-29 10:33:00
SES-14618,USR-330,PROD-105,OLED Gaming Monitor,Electronics > Video > Monitors,purchase,5,2026-06-29 12:44:00
SES-14637,USR-331,PROD-103,Studio Wired Headphones,Electronics > Audio > Headphones,purchase,5,2026-01-02 17:46:00
SES-14623,USR-331,PROD-108,USB-C Multi-Port Hub,Computers > Accessories > Hubs,purchase,5,2026-01-05 10:14:00
SES-14623,USR-331,PROD-103,Studio Wired Headphones,Electronics > Audio > Headphones,purchase,5,2026-01-16 02:18:00
SES-14623,USR-331,PROD-101,Wireless Noise-Canceling Headphones,Electronics > Audio > Headphones,view,1,2026-02-09 08:22:00
SES-14631,USR-331,PROD-102,Bluetooth Sports Earbuds,Electronics > Audio > Headphones,add_to_cart,3,2026-02-19 14:02:00
SES-14629,USR-331,PROD-109,Premium Arabica Coffee Beans,Grocery > Beverages > Coffee,view,1,2026-02-28 08:19:00
SES-14631,USR-331,PROD-102,Bluetooth Sports Earbuds,Electronics > Audio > Headphones,add_to_cart,3,2026-03-06 12:43:00
SES-14620,USR-331,PROD-108,USB-C Multi-Port Hub,Computers > Accessories > Hubs,purchase,5,2026-03-11 07:46:00
SES-14636,USR-331,PROD-101,Wireless Noise-Canceling Headphones,Electronics > Audio > Headphones,add_to_cart,3,2026-03-21 19:10:00
SES-14621,USR-331,PROD-102,Bluetooth Sports Earbuds,Electronics > Audio > Headphones,view,1,2026-03-26 16:07:00
SES-14620,USR-331,PROD-103,Studio Wired Headphones,Electronics > Audio > Headphones,purchase,5,2026-04-13 19:32:00
SES-14625,USR-331,PROD-114,Moisture-Wicking Sports Tee,Apparel > Clothing > Activewear,add_to_cart,3,2026-04-14 01:16:00
SES-14636,USR-331,PROD-101,Wireless Noise-Canceling Headphones,Electronics > Audio > Headphones,add_to_cart,3,2026-05-13 19:30:00
SES-14635,USR-331,PROD-102,Bluetooth Sports Earbuds,Electronics > Audio > Headphones,view,1,2026-05-22 17:23:00
SES-14633,USR-331,PROD-108,USB-C Multi-Port Hub,Computers > Accessories > Hubs,purchase,5,2026-06-21 13:18:00
SES-14624,USR-331,PROD-102,Bluetooth Sports Earbuds,Electronics > Audio > Headphones,add_to_cart,3,2026-06-25 00:46:00
SES-14658,USR-332,PROD-108,USB-C Multi-Port Hub,Computers > Accessories > Hubs,purchase,5,2026-01-01 03:38:00
SES-14653,USR-332,PROD-102,Bluetooth Sports Earbuds,Electronics > Audio > Headphones,view,1,2026-01-03 21:33:00
SES-14649,USR-332,PROD-103,Studio Wired Headphones,Electronics > Audio > Headphones,view,1,2026-01-07 17:26:00
SES-14646,USR-332,PROD-102,Bluetooth Sports Earbuds,Electronics > Audio > Headphones,purchase,5,2026-01-10 15:09:00
SES-14658,USR-332,PROD-103,Studio Wired Headphones,Electronics > Audio > Headphones,purchase,5,2026-02-08 03:54:00
SES-14640,USR-332,PROD-102,Bluetooth Sports Earbuds,Electronics > Audio > Headphones,add_to_cart,3,2026-02-25 03:07:00
SES-14644,USR-332,PROD-101,Wireless Noise-Canceling Headphones,Electronics > Audio > Headphones,view,1,2026-04-06 19:12:00
SES-14640,USR-332,PROD-107,Wireless Vertical Mouse,Computers > Accessories > Mice,view,1,2026-04-11 08:38:00
SES-14657,USR-332,PROD-108,USB-C Multi-Port Hub,Computers > Accessories > Hubs,purchase,5,2026-04-17 20:51:00
SES-14656,USR-332,PROD-102,Bluetooth Sports Earbuds,Electronics > Audio > Headphones,view,1,2026-04-20 04:49:00
SES-14658,USR-332,PROD-102,Bluetooth Sports Earbuds,Electronics > Audio > Headphones,purchase,5,2026-05-02 08:53:00
SES-14654,USR-332,PROD-102,Bluetooth Sports Earbuds,Electronics > Audio > Headphones,view,1,2026-05-11 13:25:00
SES-14646,USR-332,PROD-102,Bluetooth Sports Earbuds,Electronics > Audio > Headphones,view,1,2026-05-14 04:24:00
SES-14642,USR-332,PROD-103,Studio Wired Headphones,Electronics > Audio > Headphones,purchase,5,2026-05-19 10:05:00
SES-14658,USR-332,PROD-101,Wireless Noise-Canceling Headphones,Electronics > Audio > Headphones,add_to_cart,3,2026-05-27 16:22:00
SES-14650,USR-332,PROD-102,Bluetooth Sports Earbuds,Electronics > Audio > Headphones,purchase,5,2026-06-07 05:56:00
SES-14658,USR-332,PROD-108,USB-C Multi-Port Hub,Computers > Accessories > Hubs,purchase,5,2026-06-09 06:35:00
SES-14662,USR-333,PROD-105,OLED Gaming Monitor,Electronics > Video > Monitors,purchase,5,2026-01-10 06:26:00
SES-14664,USR-333,PROD-106,Ergonomic Mechanical Keyboard,Computers > Accessories > Keyboards,view,1,2026-01-28 03:52:00
SES-14666,USR-333,PROD-108,USB-C Multi-Port Hub,Computers > Accessories > Hubs,purchase,5,2026-02-09 21:25:00
SES-14676,USR-333,PROD-107,Wireless Vertical Mouse,Computers > Accessories > Mice,add_to_cart,3,2026-03-01 17:11:00
SES-14662,USR-333,PROD-107,Wireless Vertical Mouse,Computers > Accessories > Mice,purchase,5,2026-03-05 20:18:00
SES-14662,USR-333,PROD-104,4K Ultra HD Smart TV,Electronics > Video > Televisions,purchase,5,2026-03-25 17:02:00
SES-14662,USR-333,PROD-105,OLED Gaming Monitor,Electronics > Video > Monitors,add_to_cart,3,2026-04-05 17:31:00
SES-14677,USR-333,PROD-101,Wireless Noise-Canceling Headphones,Electronics > Audio > Headphones,view,1,2026-04-19 23:08:00
SES-14677,USR-333,PROD-107,Wireless Vertical Mouse,Computers > Accessories > Mice,purchase,5,2026-04-22 07:57:00
SES-14671,USR-333,PROD-104,4K Ultra HD Smart TV,Electronics > Video > Televisions,purchase,5,2026-04-23 18:19:00
SES-14672,USR-333,PROD-105,OLED Gaming Monitor,Electronics > Video > Monitors,add_to_cart,3,2026-06-11 20:02:00
SES-14671,USR-333,PROD-108,USB-C Multi-Port Hub,Computers > Accessories > Hubs,add_to_cart,3,2026-06-24 21:57:00
SES-14682,USR-334,PROD-109,Premium Arabica Coffee Beans,Grocery > Beverages > Coffee,view,1,2026-01-02 20:15:00
SES-14684,USR-334,PROD-108,USB-C Multi-Port Hub,Computers > Accessories > Hubs,add_to_cart,3,2026-01-22 10:34:00
SES-14690,USR-334,PROD-102,Bluetooth Sports Earbuds,Electronics > Audio > Headphones,view,1,2026-01-22 12:06:00
SES-14687,USR-334,PROD-108,USB-C Multi-Port Hub,Computers > Accessories > Hubs,purchase,5,2026-01-22 18:20:00
SES-14691,USR-334,PROD-101,Wireless Noise-Canceling Headphones,Electronics > Audio > Headphones,view,1,2026-01-24 08:49:00
SES-14683,USR-334,PROD-101,Wireless Noise-Canceling Headphones,Electronics > Audio > Headphones,purchase,5,2026-02-07 08:55:00
SES-14687,USR-334,PROD-108,USB-C Multi-Port Hub,Computers > Accessories > Hubs,add_to_cart,3,2026-02-10 13:09:00
SES-14693,USR-334,PROD-108,USB-C Multi-Port Hub,Computers > Accessories > Hubs,purchase,5,2026-02-15 04:12:00
SES-14682,USR-334,PROD-101,Wireless Noise-Canceling Headphones,Electronics > Audio > Headphones,view,1,2026-02-24 20:37:00
SES-14688,USR-334,PROD-101,Wireless Noise-Canceling Headphones,Electronics > Audio > Headphones,add_to_cart,3,2026-03-08 21:58:00
SES-14699,USR-334,PROD-103,Studio Wired Headphones,Electronics > Audio > Headphones,view,1,2026-03-14 14:07:00
SES-14685,USR-334,PROD-107,Wireless Vertical Mouse,Computers > Accessories > Mice,purchase,5,2026-03-19 11:24:00
SES-14694,USR-334,PROD-101,Wireless Noise-Canceling Headphones,Electronics > Audio > Headphones,purchase,5,2026-03-19 22:09:00
SES-14685,USR-334,PROD-102,Bluetooth Sports Earbuds,Electronics > Audio > Headphones,view,1,2026-03-23 09:33:00
SES-14686,USR-334,PROD-101,Wireless Noise-Canceling Headphones,Electronics > Audio > Headphones,view,1,2026-03-30 13:19:00
SES-14681,USR-334,PROD-108,USB-C Multi-Port Hub,Computers > Accessories > Hubs,view,1,2026-04-04 12:25:00
SES-14687,USR-334,PROD-113,Running Shoes Ultra Light,Apparel > Footwear > Shoes,add_to_cart,3,2026-04-05 08:14:00
SES-14691,USR-334,PROD-103,Studio Wired Headphones,Electronics > Audio > Headphones,purchase,5,2026-04-12 01:48:00
SES-14699,USR-334,PROD-113,Running Shoes Ultra Light,Apparel > Footwear > Shoes,add_to_cart,3,2026-04-18 03:50:00
SES-14683,USR-334,PROD-102,Bluetooth Sports Earbuds,Electronics > Audio > Headphones,purchase,5,2026-04-23 05:27:00
SES-14695,USR-334,PROD-108,USB-C Multi-Port Hub,Computers > Accessories > Hubs,purchase,5,2026-05-01 11:52:00
SES-14690,USR-334,PROD-108,USB-C Multi-Port Hub,Computers > Accessories > Hubs,view,1,2026-05-13 03:46:00
SES-14697,USR-334,PROD-102,Bluetooth Sports Earbuds,Electronics > Audio > Headphones,view,1,2026-05-26 04:40:00
SES-14683,USR-334,PROD-101,Wireless Noise-Canceling Headphones,Electronics > Audio > Headphones,view,1,2026-05-31 04:30:00
SES-14690,USR-334,PROD-103,Studio Wired Headphones,Electronics > Audio > Headphones,add_to_cart,3,2026-06-14 02:54:00
SES-14691,USR-334,PROD-108,USB-C Multi-Port Hub,Computers > Accessories > Hubs,purchase,5,2026-06-14 03:09:00
SES-14686,USR-334,PROD-110,Electric Pour-Over Kettle,Grocery > Appliances > Coffee,add_to_cart,3,2026-06-28 15:57:00
SES-14716,USR-335,PROD-108,USB-C Multi-Port Hub,Computers > Accessories > Hubs,view,1,2026-01-06 11:10:00
SES-14719,USR-335,PROD-103,Studio Wired Headphones,Electronics > Audio > Headphones,add_to_cart,3,2026-01-22 11:03:00
SES-14707,USR-335,PROD-103,Studio Wired Headphones,Electronics > Audio > Headphones,view,1,2026-01-31 03:18:00
SES-14717,USR-335,PROD-102,Bluetooth Sports Earbuds,Electronics > Audio > Headphones,view,1,2026-02-08 11:11:00
SES-14706,USR-335,PROD-102,Bluetooth Sports Earbuds,Electronics > Audio > Headphones,view,1,2026-02-26 06:25:00
SES-14704,USR-335,PROD-101,Wireless Noise-Canceling Headphones,Electronics > Audio > Headphones,view,1,2026-03-03 10:25:00
SES-14717,USR-335,PROD-106,Ergonomic Mechanical Keyboard,Computers > Accessories > Keyboards,add_to_cart,3,2026-03-10 22:59:00
SES-14707,USR-335,PROD-108,USB-C Multi-Port Hub,Computers > Accessories > Hubs,purchase,5,2026-03-12 13:08:00
SES-14718,USR-335,PROD-102,Bluetooth Sports Earbuds,Electronics > Audio > Headphones,purchase,5,2026-03-14 00:08:00
SES-14703,USR-335,PROD-103,Studio Wired Headphones,Electronics > Audio > Headphones,add_to_cart,3,2026-03-18 17:18:00
SES-14707,USR-335,PROD-102,Bluetooth Sports Earbuds,Electronics > Audio > Headphones,add_to_cart,3,2026-03-28 22:14:00
SES-14704,USR-335,PROD-102,Bluetooth Sports Earbuds,Electronics > Audio > Headphones,view,1,2026-03-29 15:32:00
SES-14717,USR-335,PROD-103,Studio Wired Headphones,Electronics > Audio > Headphones,purchase,5,2026-03-31 11:51:00
SES-14716,USR-335,PROD-108,USB-C Multi-Port Hub,Computers > Accessories > Hubs,add_to_cart,3,2026-04-03 01:00:00
SES-14701,USR-335,PROD-114,Moisture-Wicking Sports Tee,Apparel > Clothing > Activewear,add_to_cart,3,2026-04-05 13:43:00
SES-14707,USR-335,PROD-106,Ergonomic Mechanical Keyboard,Computers > Accessories > Keyboards,purchase,5,2026-04-09 02:07:00
SES-14708,USR-335,PROD-102,Bluetooth Sports Earbuds,Electronics > Audio > Headphones,purchase,5,2026-04-10 21:15:00
SES-14702,USR-335,PROD-101,Wireless Noise-Canceling Headphones,Electronics > Audio > Headphones,view,1,2026-04-23 11:37:00
SES-14705,USR-335,PROD-102,Bluetooth Sports Earbuds,Electronics > Audio > Headphones,purchase,5,2026-04-28 12:50:00
SES-14708,USR-335,PROD-102,Bluetooth Sports Earbuds,Electronics > Audio > Headphones,view,1,2026-04-29 17:14:00
SES-14711,USR-335,PROD-107,Wireless Vertical Mouse,Computers > Accessories > Mice,purchase,5,2026-05-30 00:16:00
SES-14703,USR-335,PROD-111,Stainless Steel Travel Mug,Grocery > Drinkware > Mugs,purchase,5,2026-06-10 23:10:00
SES-14701,USR-335,PROD-103,Studio Wired Headphones,Electronics > Audio > Headphones,add_to_cart,3,2026-06-14 16:20:00
SES-14712,USR-335,PROD-101,Wireless Noise-Canceling Headphones,Electronics > Audio > Headphones,view,1,2026-06-29 00:44:00
SES-14730,USR-336,PROD-104,4K Ultra HD Smart TV,Electronics > Video > Televisions,add_to_cart,3,2026-01-09 09:56:00
SES-14728,USR-336,PROD-107,Wireless Vertical Mouse,Computers > Accessories > Mice,purchase,5,2026-01-13 22:35:00
SES-14724,USR-336,PROD-107,Wireless Vertical Mouse,Computers > Accessories > Mice,purchase,5,2026-01-19 11:04:00
SES-14723,USR-336,PROD-106,Ergonomic Mechanical Keyboard,Computers > Accessories > Keyboards,view,1,2026-01-21 05:20:00
SES-14735,USR-336,PROD-105,OLED Gaming Monitor,Electronics > Video > Monitors,view,1,2026-01-28 14:11:00
SES-14729,USR-336,PROD-106,Ergonomic Mechanical Keyboard,Computers > Accessories > Keyboards,add_to_cart,3,2026-02-05 15:05:00
SES-14732,USR-336,PROD-107,Wireless Vertical Mouse,Computers > Accessories > Mice,view,1,2026-02-08 02:41:00
SES-14729,USR-336,PROD-106,Ergonomic Mechanical Keyboard,Computers > Accessories > Keyboards,view,1,2026-03-06 11:24:00
SES-14730,USR-336,PROD-107,Wireless Vertical Mouse,Computers > Accessories > Mice,view,1,2026-03-23 21:58:00
SES-14727,USR-336,PROD-108,USB-C Multi-Port Hub,Computers > Accessories > Hubs,purchase,5,2026-04-06 12:24:00
SES-14733,USR-336,PROD-104,4K Ultra HD Smart TV,Electronics > Video > Televisions,purchase,5,2026-04-09 11:51:00
SES-14738,USR-336,PROD-105,OLED Gaming Monitor,Electronics > Video > Monitors,purchase,5,2026-04-11 06:28:00
SES-14721,USR-336,PROD-107,Wireless Vertical Mouse,Computers > Accessories > Mice,view,1,2026-04-22 04:25:00
SES-14734,USR-336,PROD-107,Wireless Vertical Mouse,Computers > Accessories > Mice,purchase,5,2026-04-29 15:26:00
SES-14728,USR-336,PROD-108,USB-C Multi-Port Hub,Computers > Accessories > Hubs,purchase,5,2026-05-01 23:23:00
SES-14721,USR-336,PROD-105,OLED Gaming Monitor,Electronics > Video > Monitors,purchase,5,2026-05-15 02:37:00
SES-14721,USR-336,PROD-108,USB-C Multi-Port Hub,Computers > Accessories > Hubs,purchase,5,2026-06-19 17:44:00
SES-14744,USR-337,PROD-113,Running Shoes Ultra Light,Apparel > Footwear > Shoes,view,1,2026-01-01 11:02:00
SES-14748,USR-337,PROD-114,Moisture-Wicking Sports Tee,Apparel > Clothing > Activewear,view,1,2026-01-05 11:46:00
SES-14742,USR-337,PROD-113,Running Shoes Ultra Light,Apparel > Footwear > Shoes,purchase,5,2026-01-22 06:03:00
SES-14745,USR-337,PROD-114,Moisture-Wicking Sports Tee,Apparel > Clothing > Activewear,purchase,5,2026-01-28 16:38:00
SES-14742,USR-337,PROD-114,Moisture-Wicking Sports Tee,Apparel > Clothing > Activewear,purchase,5,2026-03-08 21:35:00
SES-14745,USR-337,PROD-113,Running Shoes Ultra Light,Apparel > Footwear > Shoes,purchase,5,2026-03-16 21:36:00
SES-14746,USR-337,PROD-114,Moisture-Wicking Sports Tee,Apparel > Clothing > Activewear,add_to_cart,3,2026-03-26 03:24:00
SES-14742,USR-337,PROD-114,Moisture-Wicking Sports Tee,Apparel > Clothing > Activewear,purchase,5,2026-04-09 17:33:00
SES-14746,USR-337,PROD-101,Wireless Noise-Canceling Headphones,Electronics > Audio > Headphones,add_to_cart,3,2026-04-12 02:37:00
SES-14745,USR-337,PROD-115,Water-Resistant Gym Duffel,Apparel > Accessories > Bags,view,1,2026-04-22 03:16:00
SES-14758,USR-337,PROD-115,Water-Resistant Gym Duffel,Apparel > Accessories > Bags,view,1,2026-04-26 15:36:00
SES-14749,USR-337,PROD-113,Running Shoes Ultra Light,Apparel > Footwear > Shoes,view,1,2026-05-01 19:50:00
SES-14740,USR-337,PROD-115,Water-Resistant Gym Duffel,Apparel > Accessories > Bags,view,1,2026-05-13 17:28:00
SES-14755,USR-337,PROD-115,Water-Resistant Gym Duffel,Apparel > Accessories > Bags,view,1,2026-06-11 16:59:00
SES-14755,USR-337,PROD-115,Water-Resistant Gym Duffel,Apparel > Accessories > Bags,view,1,2026-06-11 20:46:00
SES-14747,USR-337,PROD-114,Moisture-Wicking Sports Tee,Apparel > Clothing > Activewear,purchase,5,2026-06-13 04:53:00
SES-14741,USR-337,PROD-115,Water-Resistant Gym Duffel,Apparel > Accessories > Bags,purchase,5,2026-06-17 14:58:00
SES-14756,USR-337,PROD-115,Water-Resistant Gym Duffel,Apparel > Accessories > Bags,purchase,5,2026-06-20 12:12:00
SES-14751,USR-337,PROD-113,Running Shoes Ultra Light,Apparel > Footwear > Shoes,add_to_cart,3,2026-06-26 05:11:00
SES-14759,USR-337,PROD-113,Running Shoes Ultra Light,Apparel > Footwear > Shoes,view,1,2026-06-30 08:49:00
SES-14765,USR-338,PROD-109,Premium Arabica Coffee Beans,Grocery > Beverages > Coffee,view,1,2026-02-05 06:23:00
SES-14767,USR-338,PROD-102,Bluetooth Sports Earbuds,Electronics > Audio > Headphones,view,1,2026-02-06 07:30:00
SES-14766,USR-338,PROD-103,Studio Wired Headphones,Electronics > Audio > Headphones,purchase,5,2026-02-25 23:00:00
SES-14771,USR-338,PROD-101,Wireless Noise-Canceling Headphones,Electronics > Audio > Headphones,view,1,2026-03-09 11:23:00
SES-14764,USR-338,PROD-104,4K Ultra HD Smart TV,Electronics > Video > Televisions,purchase,5,2026-03-20 02:15:00
SES-14760,USR-338,PROD-107,Wireless Vertical Mouse,Computers > Accessories > Mice,purchase,5,2026-03-29 20:23:00
SES-14761,USR-338,PROD-108,USB-C Multi-Port Hub,Computers > Accessories > Hubs,add_to_cart,3,2026-04-24 15:02:00
SES-14769,USR-338,PROD-111,Stainless Steel Travel Mug,Grocery > Drinkware > Mugs,add_to_cart,3,2026-04-27 01:34:00
SES-14775,USR-338,PROD-103,Studio Wired Headphones,Electronics > Audio > Headphones,add_to_cart,3,2026-04-27 09:49:00
SES-14768,USR-338,PROD-108,USB-C Multi-Port Hub,Computers > Accessories > Hubs,purchase,5,2026-05-16 11:27:00
SES-14770,USR-338,PROD-102,Bluetooth Sports Earbuds,Electronics > Audio > Headphones,view,1,2026-05-17 04:02:00
SES-14772,USR-338,PROD-103,Studio Wired Headphones,Electronics > Audio > Headphones,add_to_cart,3,2026-05-20 23:48:00
SES-14768,USR-338,PROD-101,Wireless Noise-Canceling Headphones,Electronics > Audio > Headphones,add_to_cart,3,2026-05-30 06:40:00
SES-14777,USR-338,PROD-101,Wireless Noise-Canceling Headphones,Electronics > Audio > Headphones,view,1,2026-06-29 11:01:00
SES-14784,USR-339,PROD-113,Running Shoes Ultra Light,Apparel > Footwear > Shoes,purchase,5,2026-01-01 16:05:00
SES-14786,USR-339,PROD-105,OLED Gaming Monitor,Electronics > Video > Monitors,add_to_cart,3,2026-01-12 19:24:00
SES-14783,USR-339,PROD-108,USB-C Multi-Port Hub,Computers > Accessories > Hubs,view,1,2026-02-11 09:18:00
SES-14791,USR-339,PROD-106,Ergonomic Mechanical Keyboard,Computers > Accessories > Keyboards,add_to_cart,3,2026-02-13 06:54:00
SES-14794,USR-339,PROD-105,OLED Gaming Monitor,Electronics > Video > Monitors,view,1,2026-02-22 13:10:00
SES-14788,USR-339,PROD-104,4K Ultra HD Smart TV,Electronics > Video > Televisions,add_to_cart,3,2026-03-04 19:46:00
SES-14783,USR-339,PROD-105,OLED Gaming Monitor,Electronics > Video > Monitors,view,1,2026-03-12 15:00:00
SES-14780,USR-339,PROD-106,Ergonomic Mechanical Keyboard,Computers > Accessories > Keyboards,view,1,2026-03-18 20:02:00
SES-14785,USR-339,PROD-104,4K Ultra HD Smart TV,Electronics > Video > Televisions,purchase,5,2026-03-19 20:13:00
SES-14798,USR-339,PROD-104,4K Ultra HD Smart TV,Electronics > Video > Televisions,view,1,2026-03-22 12:58:00
SES-14788,USR-339,PROD-115,Water-Resistant Gym Duffel,Apparel > Accessories > Bags,view,1,2026-04-03 21:50:00
SES-14784,USR-339,PROD-105,OLED Gaming Monitor,Electronics > Video > Monitors,purchase,5,2026-04-08 23:17:00
SES-14797,USR-339,PROD-108,USB-C Multi-Port Hub,Computers > Accessories > Hubs,add_to_cart,3,2026-04-10 10:59:00
SES-14795,USR-339,PROD-115,Water-Resistant Gym Duffel,Apparel > Accessories > Bags,view,1,2026-04-15 06:08:00
SES-14787,USR-339,PROD-107,Wireless Vertical Mouse,Computers > Accessories > Mice,add_to_cart,3,2026-04-15 23:28:00
SES-14795,USR-339,PROD-114,Moisture-Wicking Sports Tee,Apparel > Clothing > Activewear,add_to_cart,3,2026-04-16 13:04:00
SES-14786,USR-339,PROD-106,Ergonomic Mechanical Keyboard,Computers > Accessories > Keyboards,add_to_cart,3,2026-04-27 09:43:00
SES-14791,USR-339,PROD-107,Wireless Vertical Mouse,Computers > Accessories > Mice,purchase,5,2026-05-02 18:43:00
SES-14786,USR-339,PROD-106,Ergonomic Mechanical Keyboard,Computers > Accessories > Keyboards,add_to_cart,3,2026-05-08 17:34:00
SES-14782,USR-339,PROD-105,OLED Gaming Monitor,Electronics > Video > Monitors,view,1,2026-06-10 20:28:00
SES-14789,USR-339,PROD-108,USB-C Multi-Port Hub,Computers > Accessories > Hubs,purchase,5,2026-06-18 10:09:00
SES-14793,USR-339,PROD-104,4K Ultra HD Smart TV,Electronics > Video > Televisions,purchase,5,2026-06-28 10:54:00
SES-14803,USR-340,PROD-103,Studio Wired Headphones,Electronics > Audio > Headphones,purchase,5,2026-01-22 07:23:00
SES-14803,USR-340,PROD-114,Moisture-Wicking Sports Tee,Apparel > Clothing > Activewear,purchase,5,2026-01-27 03:03:00
SES-14806,USR-340,PROD-101,Wireless Noise-Canceling Headphones,Electronics > Audio > Headphones,view,1,2026-01-27 03:15:00
SES-14803,USR-340,PROD-108,USB-C Multi-Port Hub,Computers > Accessories > Hubs,purchase,5,2026-01-27 22:12:00
SES-14810,USR-340,PROD-103,Studio Wired Headphones,Electronics > Audio > Headphones,view,1,2026-02-23 03:05:00
SES-14813,USR-340,PROD-101,Wireless Noise-Canceling Headphones,Electronics > Audio > Headphones,view,1,2026-02-24 21:34:00
SES-14818,USR-340,PROD-101,Wireless Noise-Canceling Headphones,Electronics > Audio > Headphones,purchase,5,2026-03-11 17:11:00
SES-14811,USR-340,PROD-101,Wireless Noise-Canceling Headphones,Electronics > Audio > Headphones,purchase,5,2026-03-28 02:46:00
SES-14816,USR-340,PROD-101,Wireless Noise-Canceling Headphones,Electronics > Audio > Headphones,view,1,2026-04-12 16:33:00
SES-14807,USR-340,PROD-103,Studio Wired Headphones,Electronics > Audio > Headphones,view,1,2026-05-06 13:31:00
SES-14818,USR-340,PROD-103,Studio Wired Headphones,Electronics > Audio > Headphones,purchase,5,2026-05-30 20:44:00
SES-14812,USR-340,PROD-108,USB-C Multi-Port Hub,Computers > Accessories > Hubs,view,1,2026-06-01 10:15:00
SES-14813,USR-340,PROD-102,Bluetooth Sports Earbuds,Electronics > Audio > Headphones,view,1,2026-06-06 23:50:00
SES-14819,USR-340,PROD-109,Premium Arabica Coffee Beans,Grocery > Beverages > Coffee,view,1,2026-06-13 02:55:00
SES-14803,USR-340,PROD-101,Wireless Noise-Canceling Headphones,Electronics > Audio > Headphones,purchase,5,2026-06-14 23:24:00
SES-14833,USR-341,PROD-101,Wireless Noise-Canceling Headphones,Electronics > Audio > Headphones,purchase,5,2026-01-02 04:07:00
SES-14827,USR-341,PROD-110,Electric Pour-Over Kettle,Grocery > Appliances > Coffee,view,1,2026-01-06 19:03:00
SES-14823,USR-341,PROD-101,Wireless Noise-Canceling Headphones,Electronics > Audio > Headphones,purchase,5,2026-01-11 05:11:00
SES-14830,USR-341,PROD-101,Wireless Noise-Canceling Headphones,Electronics > Audio > Headphones,purchase,5,2026-02-05 05:44:00
SES-14835,USR-341,PROD-108,USB-C Multi-Port Hub,Computers > Accessories > Hubs,view,1,2026-02-05 12:13:00
SES-14838,USR-341,PROD-103,Studio Wired Headphones,Electronics > Audio > Headphones,view,1,2026-02-08 21:24:00
SES-14835,USR-341,PROD-108,USB-C Multi-Port Hub,Computers > Accessories > Hubs,add_to_cart,3,2026-03-10 09:50:00
SES-14825,USR-341,PROD-108,USB-C Multi-Port Hub,Computers > Accessories > Hubs,purchase,5,2026-03-12 11:19:00
SES-14820,USR-341,PROD-108,USB-C Multi-Port Hub,Computers > Accessories > Hubs,add_to_cart,3,2026-03-18 11:42:00
SES-14833,USR-341,PROD-103,Studio Wired Headphones,Electronics > Audio > Headphones,purchase,5,2026-03-24 05:15:00
SES-14830,USR-341,PROD-108,USB-C Multi-Port Hub,Computers > Accessories > Hubs,view,1,2026-03-28 05:26:00
SES-14824,USR-341,PROD-108,USB-C Multi-Port Hub,Computers > Accessories > Hubs,purchase,5,2026-04-15 14:26:00
SES-14823,USR-341,PROD-102,Bluetooth Sports Earbuds,Electronics > Audio > Headphones,purchase,5,2026-04-26 10:18:00
SES-14824,USR-341,PROD-101,Wireless Noise-Canceling Headphones,Electronics > Audio > Headphones,view,1,2026-04-26 15:54:00
SES-14827,USR-341,PROD-101,Wireless Noise-Canceling Headphones,Electronics > Audio > Headphones,view,1,2026-05-20 15:56:00
SES-14824,USR-341,PROD-108,USB-C Multi-Port Hub,Computers > Accessories > Hubs,purchase,5,2026-05-26 18:36:00
SES-14834,USR-341,PROD-103,Studio Wired Headphones,Electronics > Audio > Headphones,add_to_cart,3,2026-05-29 03:19:00
SES-14838,USR-341,PROD-108,USB-C Multi-Port Hub,Computers > Accessories > Hubs,purchase,5,2026-05-29 04:07:00
SES-14838,USR-341,PROD-103,Studio Wired Headphones,Electronics > Audio > Headphones,purchase,5,2026-05-29 06:28:00
SES-14835,USR-341,PROD-103,Studio Wired Headphones,Electronics > Audio > Headphones,view,1,2026-06-20 17:21:00
SES-14854,USR-342,PROD-114,Moisture-Wicking Sports Tee,Apparel > Clothing > Activewear,purchase,5,2026-02-01 08:26:00
SES-14853,USR-342,PROD-115,Water-Resistant Gym Duffel,Apparel > Accessories > Bags,view,1,2026-02-10 11:10:00
SES-14854,USR-342,PROD-113,Running Shoes Ultra Light,Apparel > Footwear > Shoes,purchase,5,2026-02-17 20:28:00
SES-14842,USR-342,PROD-115,Water-Resistant Gym Duffel,Apparel > Accessories > Bags,add_to_cart,3,2026-03-01 05:20:00
SES-14849,USR-342,PROD-115,Water-Resistant Gym Duffel,Apparel > Accessories > Bags,purchase,5,2026-03-06 06:42:00
SES-14852,USR-342,PROD-114,Moisture-Wicking Sports Tee,Apparel > Clothing > Activewear,purchase,5,2026-03-18 18:33:00
SES-14841,USR-342,PROD-115,Water-Resistant Gym Duffel,Apparel > Accessories > Bags,view,1,2026-03-23 20:52:00
SES-14856,USR-342,PROD-115,Water-Resistant Gym Duffel,Apparel > Accessories > Bags,add_to_cart,3,2026-03-28 14:48:00
SES-14852,USR-342,PROD-115,Water-Resistant Gym Duffel,Apparel > Accessories > Bags,purchase,5,2026-04-04 21:18:00
SES-14848,USR-342,PROD-115,Water-Resistant Gym Duffel,Apparel > Accessories > Bags,add_to_cart,3,2026-04-15 20:52:00
SES-14846,USR-342,PROD-104,4K Ultra HD Smart TV,Electronics > Video > Televisions,view,1,2026-04-19 02:40:00
SES-14849,USR-342,PROD-113,Running Shoes Ultra Light,Apparel > Footwear > Shoes,purchase,5,2026-04-22 21:06:00
SES-14848,USR-342,PROD-113,Running Shoes Ultra Light,Apparel > Footwear > Shoes,view,1,2026-05-07 13:02:00
SES-14858,USR-342,PROD-113,Running Shoes Ultra Light,Apparel > Footwear > Shoes,purchase,5,2026-05-07 18:30:00
SES-14848,USR-342,PROD-109,Premium Arabica Coffee Beans,Grocery > Beverages > Coffee,purchase,5,2026-05-09 10:26:00
SES-14849,USR-342,PROD-115,Water-Resistant Gym Duffel,Apparel > Accessories > Bags,purchase,5,2026-05-09 17:31:00
SES-14850,USR-342,PROD-110,Electric Pour-Over Kettle,Grocery > Appliances > Coffee,view,1,2026-05-19 00:40:00
SES-14851,USR-342,PROD-113,Running Shoes Ultra Light,Apparel > Footwear > Shoes,view,1,2026-05-22 20:22:00
SES-14840,USR-342,PROD-113,Running Shoes Ultra Light,Apparel > Footwear > Shoes,view,1,2026-05-23 17:28:00
SES-14847,USR-342,PROD-115,Water-Resistant Gym Duffel,Apparel > Accessories > Bags,view,1,2026-06-06 14:46:00
SES-14856,USR-342,PROD-115,Water-Resistant Gym Duffel,Apparel > Accessories > Bags,view,1,2026-06-14 01:03:00
SES-14844,USR-342,PROD-115,Water-Resistant Gym Duffel,Apparel > Accessories > Bags,purchase,5,2026-06-17 03:22:00
SES-14850,USR-342,PROD-113,Running Shoes Ultra Light,Apparel > Footwear > Shoes,purchase,5,2026-06-18 04:41:00
SES-14851,USR-342,PROD-103,Studio Wired Headphones,Electronics > Audio > Headphones,view,1,2026-06-24 05:39:00
SES-14863,USR-343,PROD-112,Organic Green Tea Bags,Grocery > Beverages > Tea,view,1,2026-01-23 01:12:00
SES-14861,USR-343,PROD-110,Electric Pour-Over Kettle,Grocery > Appliances > Coffee,view,1,2026-01-23 20:24:00
SES-14870,USR-343,PROD-109,Premium Arabica Coffee Beans,Grocery > Beverages > Coffee,purchase,5,2026-01-30 19:06:00
SES-14863,USR-343,PROD-109,Premium Arabica Coffee Beans,Grocery > Beverages > Coffee,purchase,5,2026-02-18 02:06:00
SES-14870,USR-343,PROD-111,Stainless Steel Travel Mug,Grocery > Drinkware > Mugs,purchase,5,2026-02-18 05:06:00
SES-14878,USR-343,PROD-112,Organic Green Tea Bags,Grocery > Beverages > Tea,add_to_cart,3,2026-02-26 11:34:00
SES-14872,USR-343,PROD-110,Electric Pour-Over Kettle,Grocery > Appliances > Coffee,add_to_cart,3,2026-02-26 13:23:00
SES-14878,USR-343,PROD-112,Organic Green Tea Bags,Grocery > Beverages > Tea,view,1,2026-03-01 05:56:00
SES-14874,USR-343,PROD-112,Organic Green Tea Bags,Grocery > Beverages > Tea,purchase,5,2026-03-26 00:40:00
SES-14876,USR-343,PROD-110,Electric Pour-Over Kettle,Grocery > Appliances > Coffee,view,1,2026-04-10 21:39:00
SES-14870,USR-343,PROD-111,Stainless Steel Travel Mug,Grocery > Drinkware > Mugs,purchase,5,2026-04-17 10:39:00
SES-14866,USR-343,PROD-110,Electric Pour-Over Kettle,Grocery > Appliances > Coffee,view,1,2026-04-23 21:03:00
SES-14876,USR-343,PROD-112,Organic Green Tea Bags,Grocery > Beverages > Tea,view,1,2026-04-27 03:41:00
SES-14874,USR-343,PROD-112,Organic Green Tea Bags,Grocery > Beverages > Tea,add_to_cart,3,2026-05-02 21:20:00
SES-14860,USR-343,PROD-110,Electric Pour-Over Kettle,Grocery > Appliances > Coffee,view,1,2026-05-06 19:02:00
SES-14863,USR-343,PROD-110,Electric Pour-Over Kettle,Grocery > Appliances > Coffee,purchase,5,2026-05-13 10:44:00
SES-14877,USR-343,PROD-110,Electric Pour-Over Kettle,Grocery > Appliances > Coffee,view,1,2026-05-17 21:59:00
SES-14869,USR-343,PROD-112,Organic Green Tea Bags,Grocery > Beverages > Tea,purchase,5,2026-05-19 21:47:00
SES-14865,USR-343,PROD-112,Organic Green Tea Bags,Grocery > Beverages > Tea,purchase,5,2026-06-13 18:54:00
SES-14877,USR-343,PROD-112,Organic Green Tea Bags,Grocery > Beverages > Tea,purchase,5,2026-06-16 00:18:00
SES-14880,USR-344,PROD-102,Bluetooth Sports Earbuds,Electronics > Audio > Headphones,add_to_cart,3,2026-01-04 08:56:00
SES-14889,USR-344,PROD-111,Stainless Steel Travel Mug,Grocery > Drinkware > Mugs,view,1,2026-01-12 10:25:00
SES-14890,USR-344,PROD-111,Stainless Steel Travel Mug,Grocery > Drinkware > Mugs,view,1,2026-01-15 11:40:00
SES-14893,USR-344,PROD-110,Electric Pour-Over Kettle,Grocery > Appliances > Coffee,purchase,5,2026-01-26 14:34:00
SES-14898,USR-344,PROD-112,Organic Green Tea Bags,Grocery > Beverages > Tea,view,1,2026-02-08 14:34:00
SES-14892,USR-344,PROD-110,Electric Pour-Over Kettle,Grocery > Appliances > Coffee,purchase,5,2026-02-14 13:24:00
SES-14898,USR-344,PROD-110,Electric Pour-Over Kettle,Grocery > Appliances > Coffee,purchase,5,2026-02-15 06:23:00
SES-14880,USR-344,PROD-109,Premium Arabica Coffee Beans,Grocery > Beverages > Coffee,add_to_cart,3,2026-02-25 21:00:00
SES-14885,USR-344,PROD-109,Premium Arabica Coffee Beans,Grocery > Beverages > Coffee,view,1,2026-03-18 20:22:00
SES-14889,USR-344,PROD-112,Organic Green Tea Bags,Grocery > Beverages > Tea,add_to_cart,3,2026-03-21 11:10:00
SES-14897,USR-344,PROD-110,Electric Pour-Over Kettle,Grocery > Appliances > Coffee,view,1,2026-03-26 21:33:00
SES-14885,USR-344,PROD-111,Stainless Steel Travel Mug,Grocery > Drinkware > Mugs,view,1,2026-03-27 08:25:00
SES-14883,USR-344,PROD-110,Electric Pour-Over Kettle,Grocery > Appliances > Coffee,purchase,5,2026-04-02 13:44:00
SES-14882,USR-344,PROD-110,Electric Pour-Over Kettle,Grocery > Appliances > Coffee,view,1,2026-04-21 18:26:00
SES-14883,USR-344,PROD-109,Premium Arabica Coffee Beans,Grocery > Beverages > Coffee,purchase,5,2026-05-17 05:49:00
SES-14885,USR-344,PROD-110,Electric Pour-Over Kettle,Grocery > Appliances > Coffee,purchase,5,2026-05-20 08:33:00
SES-14884,USR-344,PROD-110,Electric Pour-Over Kettle,Grocery > Appliances > Coffee,add_to_cart,3,2026-05-20 15:53:00
SES-14881,USR-344,PROD-110,Electric Pour-Over Kettle,Grocery > Appliances > Coffee,purchase,5,2026-05-25 02:24:00
SES-14880,USR-344,PROD-111,Stainless Steel Travel Mug,Grocery > Drinkware > Mugs,purchase,5,2026-05-30 21:26:00
SES-14882,USR-344,PROD-110,Electric Pour-Over Kettle,Grocery > Appliances > Coffee,view,1,2026-06-18 05:40:00
SES-14891,USR-344,PROD-111,Stainless Steel Travel Mug,Grocery > Drinkware > Mugs,view,1,2026-06-28 02:51:00
SES-14911,USR-345,PROD-106,Ergonomic Mechanical Keyboard,Computers > Accessories > Keyboards,purchase,5,2026-01-03 18:53:00
SES-14900,USR-345,PROD-106,Ergonomic Mechanical Keyboard,Computers > Accessories > Keyboards,add_to_cart,3,2026-01-12 11:06:00
SES-14904,USR-345,PROD-107,Wireless Vertical Mouse,Computers > Accessories > Mice,view,1,2026-02-11 08:16:00
SES-14904,USR-345,PROD-108,USB-C Multi-Port Hub,Computers > Accessories > Hubs,purchase,5,2026-02-21 10:36:00
SES-14910,USR-345,PROD-104,4K Ultra HD Smart TV,Electronics > Video > Televisions,view,1,2026-03-02 02:29:00
SES-14912,USR-345,PROD-107,Wireless Vertical Mouse,Computers > Accessories > Mice,view,1,2026-03-02 20:15:00
SES-14914,USR-345,PROD-106,Ergonomic Mechanical Keyboard,Computers > Accessories > Keyboards,view,1,2026-03-03 20:05:00
SES-14900,USR-345,PROD-104,4K Ultra HD Smart TV,Electronics > Video > Televisions,purchase,5,2026-03-05 08:38:00
SES-14904,USR-345,PROD-104,4K Ultra HD Smart TV,Electronics > Video > Televisions,add_to_cart,3,2026-03-19 08:16:00
SES-14903,USR-345,PROD-104,4K Ultra HD Smart TV,Electronics > Video > Televisions,view,1,2026-03-21 17:16:00
SES-14917,USR-345,PROD-105,OLED Gaming Monitor,Electronics > Video > Monitors,purchase,5,2026-04-19 15:03:00
SES-14914,USR-345,PROD-107,Wireless Vertical Mouse,Computers > Accessories > Mice,view,1,2026-04-27 07:23:00
SES-14912,USR-345,PROD-107,Wireless Vertical Mouse,Computers > Accessories > Mice,purchase,5,2026-05-03 00:57:00
SES-14903,USR-345,PROD-106,Ergonomic Mechanical Keyboard,Computers > Accessories > Keyboards,view,1,2026-05-21 16:54:00
SES-14900,USR-345,PROD-108,USB-C Multi-Port Hub,Computers > Accessories > Hubs,purchase,5,2026-06-19 09:40:00
SES-14907,USR-345,PROD-106,Ergonomic Mechanical Keyboard,Computers > Accessories > Keyboards,purchase,5,2026-06-20 16:52:00
SES-14900,USR-345,PROD-107,Wireless Vertical Mouse,Computers > Accessories > Mice,purchase,5,2026-06-24 07:17:00
SES-14907,USR-345,PROD-106,Ergonomic Mechanical Keyboard,Computers > Accessories > Keyboards,purchase,5,2026-06-25 19:21:00
SES-14905,USR-345,PROD-102,Bluetooth Sports Earbuds,Electronics > Audio > Headphones,view,1,2026-06-28 05:03:00
SES-14929,USR-346,PROD-109,Premium Arabica Coffee Beans,Grocery > Beverages > Coffee,purchase,5,2026-01-06 08:13:00
SES-14924,USR-346,PROD-112,Organic Green Tea Bags,Grocery > Beverages > Tea,purchase,5,2026-01-20 01:21:00
SES-14921,USR-346,PROD-110,Electric Pour-Over Kettle,Grocery > Appliances > Coffee,view,1,2026-01-23 11:18:00
SES-14925,USR-346,PROD-112,Organic Green Tea Bags,Grocery > Beverages > Tea,view,1,2026-01-27 08:27:00
SES-14933,USR-346,PROD-111,Stainless Steel Travel Mug,Grocery > Drinkware > Mugs,view,1,2026-01-27 15:30:00
SES-14920,USR-346,PROD-112,Organic Green Tea Bags,Grocery > Beverages > Tea,add_to_cart,3,2026-03-14 20:20:00
SES-14928,USR-346,PROD-112,Organic Green Tea Bags,Grocery > Beverages > Tea,view,1,2026-03-29 09:13:00
SES-14933,USR-346,PROD-109,Premium Arabica Coffee Beans,Grocery > Beverages > Coffee,view,1,2026-04-05 08:48:00
SES-14939,USR-346,PROD-111,Stainless Steel Travel Mug,Grocery > Drinkware > Mugs,add_to_cart,3,2026-04-14 08:34:00
SES-14935,USR-346,PROD-110,Electric Pour-Over Kettle,Grocery > Appliances > Coffee,view,1,2026-04-18 19:01:00
SES-14920,USR-346,PROD-109,Premium Arabica Coffee Beans,Grocery > Beverages > Coffee,view,1,2026-04-20 18:41:00
SES-14924,USR-346,PROD-111,Stainless Steel Travel Mug,Grocery > Drinkware > Mugs,purchase,5,2026-04-25 22:11:00
SES-14937,USR-346,PROD-111,Stainless Steel Travel Mug,Grocery > Drinkware > Mugs,purchase,5,2026-04-27 01:31:00
SES-14939,USR-346,PROD-110,Electric Pour-Over Kettle,Grocery > Appliances > Coffee,purchase,5,2026-04-27 13:47:00
SES-14932,USR-346,PROD-112,Organic Green Tea Bags,Grocery > Beverages > Tea,purchase,5,2026-05-01 10:19:00
SES-14926,USR-346,PROD-112,Organic Green Tea Bags,Grocery > Beverages > Tea,view,1,2026-05-03 09:43:00
SES-14938,USR-346,PROD-112,Organic Green Tea Bags,Grocery > Beverages > Tea,purchase,5,2026-05-04 03:58:00
SES-14921,USR-346,PROD-114,Moisture-Wicking Sports Tee,Apparel > Clothing > Activewear,add_to_cart,3,2026-05-12 04:42:00
SES-14934,USR-346,PROD-112,Organic Green Tea Bags,Grocery > Beverages > Tea,purchase,5,2026-05-17 02:34:00
SES-14929,USR-346,PROD-111,Stainless Steel Travel Mug,Grocery > Drinkware > Mugs,purchase,5,2026-06-26 01:46:00
SES-14949,USR-347,PROD-106,Ergonomic Mechanical Keyboard,Computers > Accessories > Keyboards,view,1,2026-01-03 17:01:00
SES-14958,USR-347,PROD-106,Ergonomic Mechanical Keyboard,Computers > Accessories > Keyboards,view,1,2026-01-03 19:08:00
SES-14954,USR-347,PROD-105,OLED Gaming Monitor,Electronics > Video > Monitors,add_to_cart,3,2026-01-05 06:54:00
SES-14953,USR-347,PROD-107,Wireless Vertical Mouse,Computers > Accessories > Mice,purchase,5,2026-01-17 14:54:00
SES-14945,USR-347,PROD-113,Running Shoes Ultra Light,Apparel > Footwear > Shoes,view,1,2026-01-21 20:37:00
SES-14940,USR-347,PROD-108,USB-C Multi-Port Hub,Computers > Accessories > Hubs,add_to_cart,3,2026-01-30 01:43:00
SES-14956,USR-347,PROD-104,4K Ultra HD Smart TV,Electronics > Video > Televisions,add_to_cart,3,2026-01-30 04:23:00
SES-14944,USR-347,PROD-107,Wireless Vertical Mouse,Computers > Accessories > Mice,purchase,5,2026-02-05 11:45:00
SES-14948,USR-347,PROD-106,Ergonomic Mechanical Keyboard,Computers > Accessories > Keyboards,view,1,2026-02-07 00:19:00
SES-14950,USR-347,PROD-104,4K Ultra HD Smart TV,Electronics > Video > Televisions,view,1,2026-02-09 19:40:00
SES-14956,USR-347,PROD-106,Ergonomic Mechanical Keyboard,Computers > Accessories > Keyboards,view,1,2026-02-10 14:37:00
SES-14949,USR-347,PROD-105,OLED Gaming Monitor,Electronics > Video > Monitors,add_to_cart,3,2026-02-18 07:40:00
SES-14947,USR-347,PROD-108,USB-C Multi-Port Hub,Computers > Accessories > Hubs,view,1,2026-03-13 02:12:00
SES-14941,USR-347,PROD-105,OLED Gaming Monitor,Electronics > Video > Monitors,purchase,5,2026-04-05 02:29:00
SES-14940,USR-347,PROD-105,OLED Gaming Monitor,Electronics > Video > Monitors,view,1,2026-04-06 15:42:00
SES-14947,USR-347,PROD-104,4K Ultra HD Smart TV,Electronics > Video > Televisions,view,1,2026-04-28 00:12:00
SES-14943,USR-347,PROD-106,Ergonomic Mechanical Keyboard,Computers > Accessories > Keyboards,add_to_cart,3,2026-06-06 00:14:00
SES-14948,USR-347,PROD-108,USB-C Multi-Port Hub,Computers > Accessories > Hubs,view,1,2026-06-08 11:35:00
SES-14942,USR-347,PROD-107,Wireless Vertical Mouse,Computers > Accessories > Mice,add_to_cart,3,2026-06-14 21:49:00
SES-14967,USR-348,PROD-109,Premium Arabica Coffee Beans,Grocery > Beverages > Coffee,purchase,5,2026-01-27 18:49:00
SES-14962,USR-348,PROD-112,Organic Green Tea Bags,Grocery > Beverages > Tea,add_to_cart,3,2026-02-02 02:27:00
SES-14967,USR-348,PROD-111,Stainless Steel Travel Mug,Grocery > Drinkware > Mugs,purchase,5,2026-03-19 23:27:00
SES-14963,USR-348,PROD-111,Stainless Steel Travel Mug,Grocery > Drinkware > Mugs,view,1,2026-03-24 16:16:00
SES-14972,USR-348,PROD-111,Stainless Steel Travel Mug,Grocery > Drinkware > Mugs,view,1,2026-03-27 03:44:00
SES-14975,USR-348,PROD-112,Organic Green Tea Bags,Grocery > Beverages > Tea,purchase,5,2026-03-31 18:38:00
SES-14978,USR-348,PROD-111,Stainless Steel Travel Mug,Grocery > Drinkware > Mugs,view,1,2026-04-06 19:50:00
SES-14978,USR-348,PROD-107,Wireless Vertical Mouse,Computers > Accessories > Mice,view,1,2026-04-09 20:33:00
SES-14975,USR-348,PROD-111,Stainless Steel Travel Mug,Grocery > Drinkware > Mugs,view,1,2026-04-13 05:58:00
SES-14977,USR-348,PROD-111,Stainless Steel Travel Mug,Grocery > Drinkware > Mugs,view,1,2026-04-17 07:07:00
SES-14976,USR-348,PROD-104,4K Ultra HD Smart TV,Electronics > Video > Televisions,view,1,2026-04-20 09:11:00
SES-14975,USR-348,PROD-110,Electric Pour-Over Kettle,Grocery > Appliances > Coffee,purchase,5,2026-04-22 07:59:00
SES-14962,USR-348,PROD-112,Organic Green Tea Bags,Grocery > Beverages > Tea,purchase,5,2026-05-18 07:18:00
SES-14975,USR-348,PROD-109,Premium Arabica Coffee Beans,Grocery > Beverages > Coffee,purchase,5,2026-05-29 18:48:00
SES-14974,USR-348,PROD-109,Premium Arabica Coffee Beans,Grocery > Beverages > Coffee,add_to_cart,3,2026-06-09 04:52:00
SES-14962,USR-348,PROD-109,Premium Arabica Coffee Beans,Grocery > Beverages > Coffee,view,1,2026-06-10 20:56:00
SES-14972,USR-348,PROD-110,Electric Pour-Over Kettle,Grocery > Appliances > Coffee,purchase,5,2026-06-15 06:32:00
SES-14972,USR-348,PROD-109,Premium Arabica Coffee Beans,Grocery > Beverages > Coffee,purchase,5,2026-06-21 21:23:00
SES-14970,USR-348,PROD-111,Stainless Steel Travel Mug,Grocery > Drinkware > Mugs,add_to_cart,3,2026-06-24 03:33:00
SES-14984,USR-349,PROD-114,Moisture-Wicking Sports Tee,Apparel > Clothing > Activewear,view,1,2026-01-08 16:22:00
SES-14989,USR-349,PROD-113,Running Shoes Ultra Light,Apparel > Footwear > Shoes,view,1,2026-02-13 22:03:00
SES-14988,USR-349,PROD-114,Moisture-Wicking Sports Tee,Apparel > Clothing > Activewear,purchase,5,2026-02-16 22:12:00
SES-14998,USR-349,PROD-106,Ergonomic Mechanical Keyboard,Computers > Accessories > Keyboards,add_to_cart,3,2026-02-20 23:55:00
SES-14988,USR-349,PROD-113,Running Shoes Ultra Light,Apparel > Footwear > Shoes,purchase,5,2026-03-01 12:01:00
SES-14999,USR-349,PROD-115,Water-Resistant Gym Duffel,Apparel > Accessories > Bags,add_to_cart,3,2026-03-06 21:28:00
SES-14982,USR-349,PROD-113,Running Shoes Ultra Light,Apparel > Footwear > Shoes,purchase,5,2026-03-13 09:36:00
SES-14993,USR-349,PROD-113,Running Shoes Ultra Light,Apparel > Footwear > Shoes,view,1,2026-03-14 16:35:00
SES-14988,USR-349,PROD-115,Water-Resistant Gym Duffel,Apparel > Accessories > Bags,view,1,2026-03-16 22:07:00
SES-14995,USR-349,PROD-113,Running Shoes Ultra Light,Apparel > Footwear > Shoes,view,1,2026-03-18 13:53:00
SES-14997,USR-349,PROD-114,Moisture-Wicking Sports Tee,Apparel > Clothing > Activewear,purchase,5,2026-03-22 11:44:00
SES-14996,USR-349,PROD-114,Moisture-Wicking Sports Tee,Apparel > Clothing > Activewear,add_to_cart,3,2026-03-23 08:15:00
SES-14990,USR-349,PROD-114,Moisture-Wicking Sports Tee,Apparel > Clothing > Activewear,add_to_cart,3,2026-04-04 04:55:00
SES-14983,USR-349,PROD-114,Moisture-Wicking Sports Tee,Apparel > Clothing > Activewear,purchase,5,2026-04-14 17:02:00
SES-14993,USR-349,PROD-103,Studio Wired Headphones,Electronics > Audio > Headphones,view,1,2026-05-01 20:10:00
SES-14997,USR-349,PROD-113,Running Shoes Ultra Light,Apparel > Footwear > Shoes,view,1,2026-05-12 02:59:00
SES-14991,USR-349,PROD-114,Moisture-Wicking Sports Tee,Apparel > Clothing > Activewear,purchase,5,2026-05-12 06:46:00
SES-14997,USR-349,PROD-115,Water-Resistant Gym Duffel,Apparel > Accessories > Bags,purchase,5,2026-05-13 00:43:00
SES-14982,USR-349,PROD-114,Moisture-Wicking Sports Tee,Apparel > Clothing > Activewear,purchase,5,2026-05-14 20:57:00
SES-14996,USR-349,PROD-113,Running Shoes Ultra Light,Apparel > Footwear > Shoes,view,1,2026-05-25 16:29:00
SES-14982,USR-349,PROD-113,Running Shoes Ultra Light,Apparel > Footwear > Shoes,purchase,5,2026-06-04 12:32:00
SES-14997,USR-349,PROD-113,Running Shoes Ultra Light,Apparel > Footwear > Shoes,purchase,5,2026-06-16 14:33:00
